txn_id,card_number,customer_id,merchant_name,txn_amount,txn_currency,txn_timestamp,txn_status,card_type,mcc_code
TXN-00001,4532XXXX3286,CUST-1164,SABB ATM,4129.06,SAR,2025-02-13T08:14:14Z,pending,debit,6011
TXN-00002,4532XXXX2535,CUST-1174,Zain Telecom,6331.72,SAR,2025-01-06T18:51:54Z,approved,debit,4814
TXN-00003,4532XXXX9928,CUST-1130,HyperPanda,2986.57,SAR,2025-05-07T04:40:51Z,approved,debit,5411
TXN-00004,4532XXXX3615,CUST-1115,Whites Pharmacy,13040.16,SAR,2025-05-28T08:17:55Z,declined,debit,5912
TXN-00005,4532XXXX2674,CUST-1088,Lulu Hypermarket,14358.41,SAR,2025-03-07T08:38:39Z,approved,debit,5411
TXN-00006,4532XXXX1711,CUST-1025,Danube Online,9057.87,USD,2025-06-06T17:29:25Z,pending,debit,5411
TXN-00007,4532XXXX5803,CUST-1138,SABB ATM,5681.12,EUR,2025-04-18T04:41:44Z,declined,credit,6011
TXN-00008,4532XXXX4733,CUST-1093,Shein SA,1047.98,SAR,2025-05-09T09:42:37Z,pending,debit,5311
TXN-00009,4532XXXX6977,CUST-1021,IKEA Saudi,5704.99,USD,2025-03-30T01:02:42Z,approved,debit,5712
TXN-00010,4532XXXX2169,CUST-1091,Spotify,10528.80,SAR,2025-05-13T17:33:46Z,approved,credit,4899
TXN-00011,4532XXXX5422,CUST-1044,Zain Telecom,2455.22,SAR,2025-03-15T16:23:25Z,declined,credit,4814
TXN-00012,4532XXXX1916,CUST-1143,IKEA Saudi,12643.56,SAR,2025-05-31T16:25:18Z,approved,debit,5712
TXN-00013,4532XXXX6155,CUST-1081,Zara SA,3168.69,SAR,2025-04-21T03:15:02Z,approved,credit,5651
TXN-00014,4532XXXX5339,CUST-1128,Zara SA,9644.56,USD,2025-01-28T17:49:47Z,approved,debit,5651
TXN-00015,4532XXXX7543,CUST-1191,PlayStation Store,11206.47,SAR,2025-03-25T04:38:46Z,approved,debit,5816
TXN-00016,4532XXXX2796,CUST-1036,Al Rajhi ATM,11337.95,SAR,2025-06-17T05:01:49Z,approved,credit,6011
TXN-00017,4532XXXX8668,CUST-1041,H&M Saudi,5774.59,SAR,2025-04-26T17:02:28Z,approved,debit,5651
TXN-00018,4532XXXX9797,CUST-1142,Jarir Bookstore,1722.70,SAR,2025-06-21T19:24:46Z,pending,debit,5942
TXN-00019,4532XXXX8433,CUST-1197,Tawuniya Insurance,4406.03,SAR,2025-01-31T17:04:06Z,approved,credit,6300
TXN-00020,4532XXXX2743,CUST-1185,Flynas Airline,11430.62,EUR,2025-04-09T13:58:05Z,declined,debit,3000
TXN-00021,4532XXXX3646,CUST-1164,Al Rajhi ATM,2296.82,SAR,2025-05-29T01:33:28Z,approved,credit,6011
TXN-00022,4532XXXX6947,CUST-1136,Jarir Bookstore,7331.64,SAR,2025-01-22T17:20:28Z,approved,debit,5942
TXN-00023,4532XXXX8962,CUST-1015,Hunger Station,14204.51,USD,2025-01-17T15:10:26Z,approved,credit,5812
TXN-00024,4532XXXX3705,CUST-1137,Namshi Fashion,7131.86,SAR,2025-04-17T18:16:13Z,approved,credit,5651
TXN-00025,4532XXXX4295,CUST-1156,H&M Saudi,13934.06,EUR,2025-05-27T15:47:27Z,declined,debit,5651
TXN-00026,4532XXXX2982,CUST-1103,Tawuniya Insurance,13494.71,SAR,2025-03-29T16:04:40Z,approved,debit,6300
TXN-00027,4532XXXX4608,CUST-1017,Booking.com,8311.05,SAR,2025-04-25T06:19:46Z,approved,debit,7011
TXN-00028,4532XXXX6413,CUST-1182,Ceer Motors,1015.67,SAR,2025-01-07T02:23:41Z,approved,credit,5511
TXN-00029,4532XXXX8744,CUST-1061,Lulu Hypermarket,3217.48,SAR,2025-01-26T16:37:04Z,approved,credit,5411
TXN-00030,4532XXXX7939,CUST-1105,Netflix,9886.45,SAR,2025-03-10T19:08:46Z,approved,debit,4899
TXN-00031,4532XXXX1993,CUST-1187,Amazon.sa,14762.56,SAR,2025-01-20T02:39:37Z,approved,credit,5311
TXN-00032,4532XXXX3296,CUST-1087,Noon.com,2857.18,SAR,2025-03-29T02:41:26Z,approved,debit,5311
TXN-00033,4532XXXX2604,CUST-1072,Nana Grocery,13849.37,SAR,2025-03-28T01:08:20Z,approved,credit,5411
TXN-00034,4532XXXX4872,CUST-1139,Jarir Bookstore,13895.87,EUR,2025-06-14T19:12:31Z,approved,debit,5942
TXN-00035,4532XXXX3697,CUST-1125,Talabat Food,6018.60,SAR,2025-01-12T09:15:38Z,approved,debit,5812
TXN-00036,4532XXXX7930,CUST-1100,Flynas Airline,11778.01,AED,2025-02-25T09:21:27Z,declined,credit,3000
TXN-00037,4532XXXX9883,CUST-1143,Aramex Shipping,4454.13,SAR,2025-01-12T08:33:06Z,approved,credit,4215
TXN-00038,4532XXXX9701,CUST-1081,Amazon.sa,7154.44,SAR,2025-06-28T12:39:16Z,approved,debit,5311
TXN-00039,4532XXXX4853,CUST-1131,Al Baik Restaurant,1032.48,USD,2025-01-14T04:43:14Z,approved,debit,5812
TXN-00040,4532XXXX7868,CUST-1146,Hunger Station,600.93,SAR,2025-01-16T22:04:13Z,declined,credit,5812
TXN-00041,4532XXXX6147,CUST-1145,Makkah Hotel,3915.18,SAR,2025-05-11T01:08:57Z,approved,debit,7011
TXN-00042,4532XXXX2188,CUST-1102,Namshi Fashion,4503.46,SAR,2025-03-03T09:29:33Z,approved,debit,5651
TXN-00043,4532XXXX9288,CUST-1160,Shein SA,1103.54,GBP,2025-02-11T09:22:15Z,approved,debit,5311
TXN-00044,4532XXXX8179,CUST-1090,Uber Rides,5546.06,USD,2025-01-31T15:09:12Z,approved,credit,4121
TXN-00045,4532XXXX1128,CUST-1078,Riyadh Season,12107.46,GBP,2025-04-13T17:02:32Z,declined,credit,7922
TXN-00046,4532XXXX2753,CUST-1077,Noon.com,2018.70,AED,2025-01-23T09:56:11Z,pending,credit,5311
TXN-00047,4532XXXX4335,CUST-1040,Lulu Hypermarket,3163.39,SAR,2025-03-08T13:56:16Z,declined,credit,5411
TXN-00048,4532XXXX1832,CUST-1068,Al Rajhi ATM,13580.52,SAR,2025-06-14T07:07:44Z,approved,credit,6011
TXN-00049,4532XXXX5291,CUST-1109,Lulu Hypermarket,5006.68,SAR,2025-01-26T09:39:49Z,approved,credit,5411
TXN-00050,4532XXXX2232,CUST-1114,PlayStation Store,8415.80,SAR,2025-01-22T17:22:12Z,declined,debit,5816
TXN-00051,4532XXXX8041,CUST-1140,Panda Supermarket,8739.73,USD,2025-01-29T18:10:01Z,approved,debit,5411
TXN-00052,4532XXXX1653,CUST-1079,Saudi Airlines,11942.85,USD,2025-06-17T03:09:53Z,approved,debit,3000
TXN-00053,4532XXXX7658,CUST-1175,Hunger Station,5308.41,SAR,2025-04-19T17:14:46Z,approved,credit,5812
TXN-00054,4532XXXX3900,CUST-1040,Hunger Station,14643.21,USD,2025-06-07T10:28:12Z,approved,debit,5812
TXN-00055,4532XXXX5065,CUST-1046,Booking.com,6178.64,SAR,2025-05-11T01:59:36Z,approved,debit,7011
TXN-00056,4532XXXX4644,CUST-1180,Noon.com,585.68,SAR,2025-04-02T09:34:28Z,approved,debit,5311
TXN-00057,4532XXXX1387,CUST-1090,Alshaya Group,13070.49,USD,2025-02-13T06:53:56Z,declined,debit,5311
TXN-00058,4532XXXX5573,CUST-1103,Booking.com,1045.96,SAR,2025-05-31T03:57:48Z,approved,credit,7011
TXN-00059,4532XXXX1452,CUST-1131,Zara SA,12655.70,SAR,2025-03-06T07:16:12Z,approved,debit,5651
TXN-00060,4532XXXX8119,CUST-1046,Whites Pharmacy,3985.67,EUR,2025-01-22T01:11:32Z,approved,credit,5912
TXN-00061,4532XXXX4114,CUST-1081,H&M Saudi,7673.79,SAR,2025-03-16T19:08:26Z,approved,debit,5651
TXN-00062,4532XXXX4228,CUST-1182,H&M Saudi,13884.00,SAR,2025-04-15T13:22:05Z,approved,debit,5651
TXN-00063,4532XXXX5920,CUST-1018,Booking.com,9952.50,SAR,2025-01-25T04:47:45Z,approved,debit,7011
TXN-00064,4532XXXX3085,CUST-1171,Starbucks SA,10459.64,SAR,2025-04-18T15:44:57Z,approved,debit,5814
TXN-00065,4532XXXX5930,CUST-1171,Shell Petrol,13542.57,SAR,2025-04-30T12:30:26Z,approved,credit,5541
TXN-00066,4532XXXX6279,CUST-1001,Alshaya Group,6451.17,SAR,2025-04-23T14:55:29Z,approved,debit,5311
TXN-00067,4532XXXX3780,CUST-1114,Spotify,11907.06,SAR,2025-06-04T13:44:39Z,declined,debit,4899
TXN-00068,4532XXXX4848,CUST-1073,Al Rajhi ATM,9290.82,SAR,2025-01-19T03:12:57Z,declined,debit,6011
TXN-00069,4532XXXX2193,CUST-1058,Netflix,697.97,SAR,2025-04-03T06:17:45Z,approved,debit,4899
TXN-00070,4532XXXX7547,CUST-1162,Shein SA,10446.83,SAR,2025-04-06T23:57:52Z,approved,debit,5311
TXN-00071,4532XXXX2746,CUST-1168,Jarir Bookstore,12907.31,USD,2025-06-21T22:34:01Z,pending,debit,5942
TXN-00072,4532XXXX1822,CUST-1057,Tamimi Markets,10440.20,USD,2025-04-01T04:57:33Z,approved,debit,5411
TXN-00073,4532XXXX6198,CUST-1032,Nana Grocery,6972.33,SAR,2025-04-14T03:15:14Z,pending,debit,5411
TXN-00074,4532XXXX3607,CUST-1157,Al Rajhi ATM,13603.29,SAR,2025-03-28T14:06:28Z,pending,credit,6011
TXN-00075,4532XXXX9540,CUST-1116,Flynas Airline,12598.74,SAR,2025-02-23T20:21:52Z,approved,credit,3000
TXN-00076,4532XXXX5451,CUST-1062,Lulu Hypermarket,10704.61,SAR,2025-02-15T12:49:09Z,approved,debit,5411
TXN-00077,4532XXXX3503,CUST-1139,Al Baik Restaurant,3472.77,SAR,2025-05-15T18:02:25Z,declined,debit,5812
TXN-00078,4532XXXX2020,CUST-1017,Starbucks SA,8141.45,SAR,2025-03-22T17:38:54Z,approved,debit,5814
TXN-00079,4532XXXX7232,CUST-1100,Whites Pharmacy,297.88,AED,2025-06-21T00:09:27Z,approved,debit,5912
TXN-00080,4532XXXX7865,CUST-1091,Alshaya Group,12802.45,SAR,2025-06-12T06:46:40Z,approved,credit,5311
TXN-00081,4532XXXX4595,CUST-1189,Zain Telecom,13467.68,SAR,2025-04-05T19:18:51Z,approved,debit,4814
TXN-00082,4532XXXX7624,CUST-1125,STC Pay TopUp,10034.76,SAR,2025-06-04T23:36:46Z,pending,debit,4814
TXN-00083,4532XXXX7455,CUST-1120,Namshi Fashion,8014.18,GBP,2025-06-26T02:35:41Z,approved,credit,5651
TXN-00084,4532XXXX8564,CUST-1170,STC Pay TopUp,6432.05,SAR,2025-06-18T07:49:12Z,approved,debit,4814
TXN-00085,4532XXXX7211,CUST-1067,Shell Petrol,6823.22,SAR,2025-03-07T12:51:59Z,approved,credit,5541
TXN-00086,4532XXXX9837,CUST-1108,Flynas Airline,7057.25,USD,2025-05-26T10:42:21Z,approved,debit,3000
TXN-00087,4532XXXX1508,CUST-1058,Tawuniya Insurance,14359.50,SAR,2025-01-08T19:36:59Z,approved,debit,6300
TXN-00088,4532XXXX2874,CUST-1006,Riyadh Season,1897.68,SAR,2025-05-10T23:54:15Z,approved,debit,7922
TXN-00089,4532XXXX2876,CUST-1120,Flynas Airline,2521.00,SAR,2025-04-28T21:58:42Z,pending,debit,3000
TXN-00090,4532XXXX7149,CUST-1080,Noon.com,13933.66,SAR,2025-04-22T19:24:26Z,approved,credit,5311
TXN-00091,4532XXXX2669,CUST-1051,Uber Rides,12459.42,SAR,2025-02-17T03:45:36Z,declined,credit,4121
TXN-00092,4532XXXX1672,CUST-1078,HyperPanda,11944.43,USD,2025-04-20T21:26:12Z,approved,credit,5411
TXN-00093,4532XXXX7882,CUST-1110,Saudi Airlines,9714.91,SAR,2025-01-03T10:57:47Z,approved,debit,3000
TXN-00094,4532XXXX3506,CUST-1111,Saudi Airlines,12431.47,SAR,2025-05-18T08:17:49Z,approved,debit,3000
TXN-00095,4532XXXX9817,CUST-1188,Makkah Hotel,4054.89,EUR,2025-06-06T22:28:52Z,pending,credit,7011
TXN-00096,4532XXXX5022,CUST-1120,H&M Saudi,8889.16,USD,2025-03-04T14:02:53Z,approved,debit,5651
TXN-00097,4532XXXX7209,CUST-1116,Hunger Station,8549.90,SAR,2025-05-10T17:59:02Z,approved,debit,5812
TXN-00098,4532XXXX5232,CUST-1127,Mobily Recharge,3185.74,SAR,2025-06-04T22:10:05Z,approved,debit,4814
TXN-00099,4532XXXX2402,CUST-1153,Lulu Hypermarket,7751.83,SAR,2025-02-07T02:23:14Z,approved,credit,5411
TXN-00100,4532XXXX9041,CUST-1105,Aramex Shipping,3608.66,SAR,2025-04-03T10:45:16Z,approved,debit,4215
TXN-00101,4532XXXX7046,CUST-1024,Apple Store,10378.35,SAR,2025-03-01T11:01:24Z,approved,credit,5045
TXN-00102,4532XXXX6764,CUST-1136,Danube Online,11190.30,SAR,2025-03-06T05:35:57Z,declined,debit,5411
TXN-00103,4532XXXX6169,CUST-1070,Alshaya Group,1814.23,SAR,2025-02-07T09:30:28Z,approved,credit,5311
TXN-00104,4532XXXX9595,CUST-1138,Tamimi Markets,11080.38,SAR,2025-02-23T16:34:53Z,approved,debit,5411
TXN-00105,4532XXXX1231,CUST-1026,Netflix,5416.41,SAR,2025-02-28T16:40:08Z,declined,credit,4899
TXN-00106,4532XXXX3068,CUST-1033,Lulu Hypermarket,822.62,SAR,2025-02-26T17:27:19Z,declined,credit,5411
TXN-00107,4532XXXX8843,CUST-1126,Noon.com,8613.09,USD,2025-04-02T03:32:53Z,approved,debit,5311
TXN-00108,4532XXXX2070,CUST-1048,Amazon.sa,12926.54,SAR,2025-01-23T03:41:04Z,approved,credit,5311
TXN-00109,4532XXXX5978,CUST-1019,Shein SA,808.87,SAR,2025-01-29T23:18:40Z,approved,debit,5311
TXN-00110,4532XXXX4697,CUST-1031,PlayStation Store,9096.73,SAR,2025-06-03T13:07:09Z,pending,credit,5816
TXN-00111,4532XXXX8025,CUST-1098,Nahdi Pharmacy,4463.81,AED,2025-04-25T06:43:33Z,approved,credit,5912
TXN-00112,4532XXXX4404,CUST-1159,Amazon.sa,11102.64,SAR,2025-05-29T02:36:45Z,declined,debit,5311
TXN-00113,4532XXXX3564,CUST-1068,Al Baik Restaurant,2611.33,SAR,2025-01-15T13:49:39Z,approved,debit,5812
TXN-00114,4532XXXX5632,CUST-1116,HyperPanda,494.43,SAR,2025-02-25T22:39:57Z,declined,debit,5411
TXN-00115,4532XXXX4241,CUST-1019,IKEA Saudi,11818.48,AED,2025-05-02T08:58:53Z,approved,debit,5712
TXN-00116,4532XXXX3330,CUST-1140,IKEA Saudi,13626.63,SAR,2025-06-10T12:22:49Z,approved,debit,5712
TXN-00117,4532XXXX5728,CUST-1043,Alshaya Group,12364.48,SAR,2025-06-28T21:04:06Z,approved,debit,5311
TXN-00118,4532XXXX9847,CUST-1120,Alshaya Group,14140.43,SAR,2025-04-08T04:22:09Z,approved,debit,5311
TXN-00119,4532XXXX5102,CUST-1021,HyperPanda,6483.27,SAR,2025-03-04T14:07:38Z,approved,debit,5411
TXN-00120,4532XXXX5415,CUST-1059,Shein SA,316.08,SAR,2025-05-29T12:02:30Z,approved,debit,5311
TXN-00121,4532XXXX5557,CUST-1196,Tamimi Markets,9774.38,SAR,2025-06-27T21:12:31Z,approved,credit,5411
TXN-00122,4532XXXX6700,CUST-1112,Ceer Motors,14535.98,USD,2025-04-02T06:24:25Z,approved,debit,5511
TXN-00123,4532XXXX9117,CUST-1083,Noon.com,4950.41,USD,2025-05-15T16:45:13Z,approved,credit,5311
TXN-00124,4532XXXX6296,CUST-1103,PlayStation Store,1325.46,SAR,2025-02-19T00:15:50Z,approved,credit,5816
TXN-00125,4532XXXX9889,CUST-1104,Al Rajhi ATM,22.26,USD,2025-06-18T19:32:46Z,approved,debit,6011
TXN-00126,4532XXXX8242,CUST-1014,Netflix,9341.39,SAR,2025-04-07T19:08:46Z,pending,debit,4899
TXN-00127,4532XXXX8941,CUST-1053,Lulu Hypermarket,13915.45,SAR,2025-03-27T01:46:08Z,approved,debit,5411
TXN-00128,4532XXXX1224,CUST-1162,HyperPanda,10648.19,SAR,2025-03-02T08:12:02Z,approved,debit,5411
TXN-00129,4532XXXX2924,CUST-1024,IKEA Saudi,13694.38,GBP,2025-03-31T14:30:10Z,declined,debit,5712
TXN-00130,4532XXXX8905,CUST-1128,Apple Store,4105.01,SAR,2025-06-12T02:05:43Z,approved,debit,5045
TXN-00131,4532XXXX9327,CUST-1117,PlayStation Store,2863.20,SAR,2025-04-27T09:18:07Z,pending,debit,5816
TXN-00132,4532XXXX9318,CUST-1018,Lulu Hypermarket,12816.91,SAR,2025-03-07T23:56:00Z,approved,debit,5411
TXN-00133,4532XXXX9022,CUST-1073,Alshaya Group,8700.95,USD,2025-05-09T03:32:48Z,approved,debit,5311
TXN-00134,4532XXXX7180,CUST-1138,Talabat Food,8281.00,SAR,2025-04-16T12:34:03Z,approved,debit,5812
TXN-00135,4532XXXX7730,CUST-1049,Hunger Station,3507.27,SAR,2025-05-31T14:17:57Z,approved,debit,5812
TXN-00136,4532XXXX3492,CUST-1191,Talabat Food,12172.08,SAR,2025-03-16T23:15:26Z,approved,debit,5812
TXN-00137,4532XXXX8213,CUST-1033,Al Rajhi ATM,4983.26,EUR,2025-01-20T11:43:58Z,approved,credit,6011
TXN-00138,4532XXXX3529,CUST-1117,Jarir Bookstore,6152.63,SAR,2025-05-08T03:30:07Z,approved,credit,5942
TXN-00139,4532XXXX6383,CUST-1068,Booking.com,5965.26,SAR,2025-01-16T14:17:47Z,declined,credit,7011
TXN-00140,4532XXXX9864,CUST-1098,Mobily Recharge,13312.14,SAR,2025-04-05T18:00:00Z,approved,credit,4814
TXN-00141,4532XXXX2480,CUST-1018,Hunger Station,13814.33,SAR,2025-02-14T04:09:46Z,approved,debit,5812
TXN-00142,4532XXXX5906,CUST-1195,Ceer Motors,1512.11,SAR,2025-02-02T07:18:57Z,approved,debit,5511
TXN-00143,4532XXXX5000,CUST-1084,Amazon.sa,5625.74,SAR,2025-01-29T06:24:15Z,approved,debit,5311
TXN-00144,4532XXXX7267,CUST-1145,Tamimi Markets,1189.13,SAR,2025-06-19T02:24:24Z,approved,credit,5411
TXN-00145,4532XXXX5161,CUST-1062,Aramex Shipping,2151.05,AED,2025-03-31T13:06:51Z,approved,debit,4215
TXN-00146,4532XXXX9955,CUST-1171,Jarir Bookstore,6981.47,USD,2025-02-25T20:27:38Z,approved,debit,5942
TXN-00147,4532XXXX5097,CUST-1114,Danube Online,4490.82,GBP,2025-03-24T09:25:22Z,approved,debit,5411
TXN-00148,4532XXXX6881,CUST-1051,Shell Petrol,1604.27,USD,2025-03-16T01:17:11Z,approved,debit,5541
TXN-00149,4532XXXX5497,CUST-1180,Apple Store,12451.41,SAR,2025-03-18T20:35:18Z,approved,credit,5045
TXN-00150,4532XXXX5689,CUST-1176,Amazon.sa,11178.86,AED,2025-06-11T17:18:38Z,pending,debit,5311
TXN-00151,4532XXXX3240,CUST-1156,Danube Online,2856.03,SAR,2025-02-18T16:00:19Z,declined,debit,5411
TXN-00152,4532XXXX6977,CUST-1161,Tawuniya Insurance,11830.21,SAR,2025-01-07T11:29:23Z,pending,debit,6300
TXN-00153,4532XXXX3165,CUST-1024,Apple Store,6235.47,SAR,2025-02-08T23:46:17Z,approved,debit,5045
TXN-00154,4532XXXX8894,CUST-1136,Al Rajhi ATM,12457.94,AED,2025-02-19T21:34:02Z,approved,credit,6011
TXN-00155,4532XXXX4696,CUST-1087,SABB ATM,1134.11,SAR,2025-05-27T10:36:02Z,declined,credit,6011
TXN-00156,4532XXXX2479,CUST-1173,Zara SA,12069.79,EUR,2025-03-13T00:38:07Z,approved,debit,5651
TXN-00157,4532XXXX5295,CUST-1068,Zain Telecom,5531.94,SAR,2025-05-26T10:38:49Z,approved,debit,4814
TXN-00158,4532XXXX6374,CUST-1164,Saudi Airlines,3511.16,SAR,2025-01-05T20:37:23Z,approved,debit,3000
TXN-00159,4532XXXX5951,CUST-1166,Uber Rides,6966.69,SAR,2025-05-17T03:15:23Z,declined,debit,4121
TXN-00160,4532XXXX2902,CUST-1030,Namshi Fashion,563.00,SAR,2025-04-06T15:47:49Z,approved,debit,5651
TXN-00161,4532XXXX9850,CUST-1138,Namshi Fashion,5568.32,SAR,2025-05-25T07:17:02Z,approved,credit,5651
TXN-00162,4532XXXX9017,CUST-1191,Careem Rides,9825.55,USD,2025-06-11T21:17:28Z,approved,debit,4121
TXN-00163,4532XXXX4868,CUST-1072,Panda Supermarket,3262.96,SAR,2025-03-28T08:25:58Z,approved,debit,5411
TXN-00164,4532XXXX1992,CUST-1176,Saudi Airlines,14667.75,SAR,2025-03-11T15:32:28Z,approved,debit,3000
TXN-00165,4532XXXX4475,CUST-1049,SABB ATM,12363.75,AED,2025-01-18T19:13:44Z,declined,credit,6011
TXN-00166,4532XXXX4362,CUST-1153,STC Pay TopUp,5005.97,SAR,2025-01-25T10:50:52Z,approved,credit,4814
TXN-00167,4532XXXX6383,CUST-1142,Spotify,12196.73,SAR,2025-02-15T05:51:09Z,pending,debit,4899
TXN-00168,4532XXXX9850,CUST-1153,Jarir Bookstore,14760.50,SAR,2025-01-26T05:48:26Z,approved,debit,5942
TXN-00169,4532XXXX4898,CUST-1029,STC Pay TopUp,5376.84,SAR,2025-06-03T02:21:26Z,approved,debit,4814
TXN-00170,4532XXXX9619,CUST-1005,Tamimi Markets,1905.74,SAR,2025-03-23T17:49:06Z,approved,credit,5411
TXN-00171,4532XXXX2786,CUST-1017,Talabat Food,5433.77,SAR,2025-04-26T06:41:03Z,approved,credit,5812
TXN-00172,4532XXXX9543,CUST-1057,Riyadh Season,11749.49,SAR,2025-06-18T08:25:25Z,approved,debit,7922
TXN-00173,4532XXXX7984,CUST-1165,STC Pay TopUp,7187.33,SAR,2025-03-19T23:40:19Z,declined,debit,4814
TXN-00174,4532XXXX3430,CUST-1126,Nahdi Pharmacy,1216.45,SAR,2025-04-29T02:52:17Z,approved,debit,5912
TXN-00175,4532XXXX7240,CUST-1071,Riyadh Season,8227.60,SAR,2025-03-05T03:28:26Z,approved,credit,7922
TXN-00176,4532XXXX2874,CUST-1076,Nana Grocery,6455.84,SAR,2025-06-04T00:05:44Z,declined,credit,5411
TXN-00177,4532XXXX4743,CUST-1197,PlayStation Store,3229.27,SAR,2025-03-29T16:23:54Z,approved,debit,5816
TXN-00178,4532XXXX6120,CUST-1117,Zara SA,1430.81,SAR,2025-03-24T20:51:51Z,declined,debit,5651
TXN-00179,4532XXXX2398,CUST-1096,Careem Rides,7116.65,SAR,2025-01-18T17:08:17Z,approved,debit,4121
TXN-00180,4532XXXX6400,CUST-1025,Saudi Airlines,8347.78,USD,2025-04-24T21:07:31Z,declined,debit,3000
TXN-00181,4532XXXX1842,CUST-1106,Danube Online,14117.24,USD,2025-03-24T03:01:42Z,approved,credit,5411
TXN-00182,4532XXXX8900,CUST-1080,Danube Online,7613.65,SAR,2025-01-31T01:05:41Z,approved,debit,5411
TXN-00183,4532XXXX4705,CUST-1090,PlayStation Store,11440.27,SAR,2025-04-22T11:29:59Z,approved,credit,5816
TXN-00184,4532XXXX5381,CUST-1197,Riyadh Season,9642.27,SAR,2025-01-06T02:21:06Z,approved,debit,7922
TXN-00185,4532XXXX3347,CUST-1070,Alshaya Group,5268.60,AED,2025-02-05T05:24:40Z,approved,credit,5311
TXN-00186,4532XXXX2503,CUST-1103,Uber Rides,9499.41,SAR,2025-01-06T22:52:20Z,pending,credit,4121
TXN-00187,4532XXXX6105,CUST-1056,Shell Petrol,5116.74,SAR,2025-03-13T20:34:20Z,pending,debit,5541
TXN-00188,4532XXXX3579,CUST-1199,Shein SA,13250.72,SAR,2025-01-31T05:03:17Z,pending,credit,5311
TXN-00189,4532XXXX8242,CUST-1013,Al Baik Restaurant,9930.77,SAR,2025-04-05T07:20:51Z,approved,debit,5812
TXN-00190,4532XXXX8972,CUST-1056,Al Rajhi ATM,6451.55,SAR,2025-02-25T00:01:27Z,approved,credit,6011
TXN-00191,4532XXXX1125,CUST-1079,Panda Supermarket,14766.76,SAR,2025-01-11T15:18:08Z,approved,debit,5411
TXN-00192,4532XXXX1126,CUST-1055,Namshi Fashion,4345.26,SAR,2025-01-24T07:10:03Z,approved,credit,5651
TXN-00193,4532XXXX9196,CUST-1111,Tamimi Markets,7991.07,SAR,2025-02-14T16:23:37Z,approved,credit,5411
TXN-00194,4532XXXX1307,CUST-1091,Uber Rides,11131.91,SAR,2025-03-26T16:55:50Z,approved,debit,4121
TXN-00195,4532XXXX7843,CUST-1081,Shein SA,6069.32,SAR,2025-05-05T07:16:35Z,approved,debit,5311
TXN-00196,4532XXXX8538,CUST-1104,STC Pay TopUp,2582.24,EUR,2025-05-01T00:40:21Z,declined,debit,4814
TXN-00197,4532XXXX7560,CUST-1023,H&M Saudi,3653.53,USD,2025-04-25T08:20:20Z,approved,debit,5651
TXN-00198,4532XXXX3754,CUST-1102,Alshaya Group,3327.47,SAR,2025-06-01T06:57:08Z,approved,credit,5311
TXN-00199,4532XXXX6724,CUST-1163,SABB ATM,2912.59,SAR,2025-05-31T17:29:08Z,approved,credit,6011
TXN-00200,4532XXXX3842,CUST-1166,Careem Rides,2200.93,SAR,2025-02-08T07:21:11Z,approved,debit,4121
TXN-00201,4532XXXX9095,CUST-1195,Tawuniya Insurance,14269.63,SAR,2025-05-02T22:27:12Z,approved,credit,6300
TXN-00202,4532XXXX6295,CUST-1145,Whites Pharmacy,13862.69,SAR,2025-04-20T14:43:20Z,declined,debit,5912
TXN-00203,4532XXXX5500,CUST-1039,Nahdi Pharmacy,6635.91,SAR,2025-02-28T19:14:43Z,approved,debit,5912
TXN-00204,4532XXXX1932,CUST-1091,Al Rajhi ATM,6928.83,SAR,2025-01-08T07:15:44Z,approved,debit,6011
TXN-00205,4532XXXX9307,CUST-1020,Tawuniya Insurance,12830.12,USD,2025-04-30T10:08:48Z,approved,debit,6300
TXN-00206,4532XXXX8368,CUST-1149,PlayStation Store,11085.12,EUR,2025-01-08T23:10:46Z,approved,credit,5816
TXN-00207,4532XXXX8381,CUST-1049,Mobily Recharge,7523.00,SAR,2025-01-13T00:21:08Z,approved,debit,4814
TXN-00208,4532XXXX8172,CUST-1183,Al Baik Restaurant,2592.52,SAR,2025-02-18T02:34:09Z,approved,credit,5812
TXN-00209,4532XXXX7347,CUST-1134,Riyadh Season,5595.92,SAR,2025-02-24T22:22:46Z,approved,credit,7922
TXN-00210,4532XXXX2079,CUST-1087,HyperPanda,9465.14,SAR,2025-03-06T23:34:44Z,approved,debit,5411
TXN-00211,4532XXXX3463,CUST-1143,Shell Petrol,10857.39,SAR,2025-05-08T11:48:37Z,approved,debit,5541
TXN-00212,4532XXXX7421,CUST-1150,Careem Rides,4656.92,AED,2025-05-08T09:26:11Z,approved,credit,4121
TXN-00213,4532XXXX6381,CUST-1182,Al Baik Restaurant,5653.31,SAR,2025-06-03T17:24:43Z,approved,credit,5812
TXN-00214,4532XXXX6928,CUST-1180,Makkah Hotel,10058.49,SAR,2025-04-09T17:43:41Z,approved,debit,7011
TXN-00215,4532XXXX8967,CUST-1080,Tamimi Markets,5129.28,EUR,2025-05-29T18:32:48Z,approved,debit,5411
TXN-00216,4532XXXX9317,CUST-1036,Careem Rides,12667.20,SAR,2025-01-20T15:21:00Z,pending,credit,4121
TXN-00217,4532XXXX3147,CUST-1190,Makkah Hotel,5054.78,SAR,2025-05-29T19:15:08Z,approved,debit,7011
TXN-00218,4532XXXX3712,CUST-1040,Extra Electronics,10394.22,SAR,2025-05-02T07:30:05Z,pending,debit,5732
TXN-00219,4532XXXX5668,CUST-1012,Starbucks SA,10795.19,SAR,2025-03-28T06:06:57Z,pending,credit,5814
TXN-00220,4532XXXX8684,CUST-1115,IKEA Saudi,4645.47,SAR,2025-06-07T00:27:37Z,approved,debit,5712
TXN-00221,4532XXXX7256,CUST-1174,Shein SA,6927.89,GBP,2025-02-24T17:09:05Z,approved,credit,5311
TXN-00222,4532XXXX5096,CUST-1108,Extra Electronics,12019.88,USD,2025-01-27T20:59:02Z,approved,credit,5732
TXN-00223,4532XXXX9452,CUST-1124,Saudi Airlines,1543.33,SAR,2025-06-14T06:08:37Z,approved,debit,3000
TXN-00224,4532XXXX8167,CUST-1022,Extra Electronics,13580.07,SAR,2025-01-29T14:41:40Z,approved,debit,5732
TXN-00225,4532XXXX9224,CUST-1116,Danube Online,6226.38,AED,2025-03-18T23:36:33Z,approved,debit,5411
TXN-00226,4532XXXX6493,CUST-1099,Al Baik Restaurant,427.67,SAR,2025-01-20T05:45:38Z,approved,debit,5812
TXN-00227,4532XXXX3273,CUST-1010,Apple Store,7089.46,AED,2025-06-11T09:15:20Z,pending,credit,5045
TXN-00228,4532XXXX5193,CUST-1121,Nahdi Pharmacy,13588.33,SAR,2025-01-04T16:33:52Z,approved,debit,5912
TXN-00229,4532XXXX4893,CUST-1141,HyperPanda,1672.25,SAR,2025-02-25T22:39:02Z,approved,debit,5411
TXN-00230,4532XXXX2029,CUST-1013,Hunger Station,11909.52,SAR,2025-03-30T18:18:13Z,approved,credit,5812
TXN-00231,4532XXXX3352,CUST-1153,Zain Telecom,7733.06,SAR,2025-02-16T23:30:48Z,approved,debit,4814
TXN-00232,4532XXXX2402,CUST-1001,Riyadh Season,8562.10,SAR,2025-02-06T08:56:45Z,approved,debit,7922
TXN-00233,4532XXXX1333,CUST-1018,Makkah Hotel,11797.25,SAR,2025-04-09T13:41:33Z,approved,credit,7011
TXN-00234,4532XXXX1266,CUST-1012,Ceer Motors,5602.67,SAR,2025-05-26T02:44:51Z,approved,debit,5511
TXN-00235,4532XXXX6447,CUST-1089,Hunger Station,9425.71,SAR,2025-05-30T19:27:25Z,approved,debit,5812
TXN-00236,4532XXXX8612,CUST-1091,Zain Telecom,9643.72,SAR,2025-06-11T05:52:05Z,declined,credit,4814
TXN-00237,4532XXXX8498,CUST-1162,Tamimi Markets,951.19,USD,2025-05-31T17:18:33Z,approved,debit,5411
TXN-00238,4532XXXX6080,CUST-1052,Panda Supermarket,13287.43,SAR,2025-03-03T06:46:59Z,approved,debit,5411
TXN-00239,4532XXXX5687,CUST-1140,Talabat Food,11300.60,SAR,2025-02-07T02:36:23Z,approved,credit,5812
TXN-00240,4532XXXX8159,CUST-1013,Tawuniya Insurance,1871.50,SAR,2025-03-13T11:05:37Z,approved,credit,6300
TXN-00241,4532XXXX9151,CUST-1113,Shell Petrol,2806.32,SAR,2025-05-15T09:16:22Z,approved,credit,5541
TXN-00242,4532XXXX3956,CUST-1069,Al Baik Restaurant,1188.51,SAR,2025-04-27T23:38:09Z,approved,debit,5812
TXN-00243,4532XXXX8305,CUST-1083,Noon.com,9915.48,SAR,2025-03-01T12:22:27Z,approved,credit,5311
TXN-00244,4532XXXX6776,CUST-1110,Extra Electronics,5276.45,SAR,2025-01-09T05:23:21Z,approved,debit,5732
TXN-00245,4532XXXX7655,CUST-1071,Ceer Motors,14218.83,GBP,2025-01-15T13:43:01Z,approved,credit,5511
TXN-00246,4532XXXX8179,CUST-1192,Extra Electronics,2145.98,EUR,2025-04-28T23:29:41Z,approved,debit,5732
TXN-00247,4532XXXX1530,CUST-1018,Hunger Station,5498.10,SAR,2025-03-16T08:13:50Z,approved,debit,5812
TXN-00248,4532XXXX2259,CUST-1174,Nahdi Pharmacy,5583.34,AED,2025-05-29T04:13:53Z,approved,debit,5912
TXN-00249,4532XXXX2858,CUST-1136,Saudi Airlines,9745.16,SAR,2025-02-18T11:16:28Z,approved,credit,3000
TXN-00250,4532XXXX5288,CUST-1048,Aramex Shipping,13703.57,SAR,2025-01-23T20:48:21Z,pending,debit,4215
TXN-00251,4532XXXX9047,CUST-1181,Nahdi Pharmacy,9180.10,SAR,2025-05-15T18:11:03Z,approved,debit,5912
TXN-00252,4532XXXX2438,CUST-1035,Uber Rides,13480.69,SAR,2025-03-28T10:22:06Z,declined,debit,4121
TXN-00253,4532XXXX5914,CUST-1171,Danube Online,8252.21,SAR,2025-02-26T09:11:10Z,approved,credit,5411
TXN-00254,4532XXXX2988,CUST-1182,Ceer Motors,5425.58,SAR,2025-02-13T13:02:30Z,approved,debit,5511
TXN-00255,4532XXXX8657,CUST-1061,Aramex Shipping,8312.55,SAR,2025-03-13T15:15:02Z,approved,debit,4215
TXN-00256,4532XXXX8842,CUST-1157,Al Baik Restaurant,5975.41,SAR,2025-05-20T05:09:09Z,approved,debit,5812
TXN-00257,4532XXXX2215,CUST-1197,Starbucks SA,1110.89,USD,2025-03-03T13:27:21Z,approved,debit,5814
TXN-00258,4532XXXX3981,CUST-1175,Makkah Hotel,13170.01,SAR,2025-06-01T12:17:19Z,pending,debit,7011
TXN-00259,4532XXXX9488,CUST-1111,Al Rajhi ATM,835.92,AED,2025-01-25T02:37:57Z,approved,debit,6011
TXN-00260,4532XXXX9501,CUST-1043,Extra Electronics,10641.44,SAR,2025-03-09T04:35:03Z,approved,debit,5732
TXN-00261,4532XXXX5961,CUST-1065,Netflix,8264.87,SAR,2025-01-25T07:20:09Z,approved,credit,4899
TXN-00262,4532XXXX3526,CUST-1024,Al Rajhi ATM,8879.17,SAR,2025-04-23T18:00:31Z,approved,credit,6011
TXN-00263,4532XXXX1464,CUST-1160,HyperPanda,13859.33,SAR,2025-01-08T23:58:45Z,approved,debit,5411
TXN-00264,4532XXXX7825,CUST-1165,Shein SA,3166.07,SAR,2025-04-22T02:21:09Z,approved,credit,5311
TXN-00265,4532XXXX5949,CUST-1008,Aramex Shipping,8185.93,USD,2025-05-05T15:30:17Z,approved,debit,4215
TXN-00266,4532XXXX3589,CUST-1176,Zara SA,1099.23,SAR,2025-01-12T15:12:53Z,approved,debit,5651
TXN-00267,4532XXXX6231,CUST-1124,Nana Grocery,9101.87,SAR,2025-03-02T16:44:24Z,pending,debit,5411
TXN-00268,4532XXXX6228,CUST-1103,Namshi Fashion,7727.13,SAR,2025-01-21T14:51:10Z,approved,debit,5651
TXN-00269,4532XXXX5754,CUST-1032,Lulu Hypermarket,2117.46,SAR,2025-01-10T19:50:15Z,approved,credit,5411
TXN-00270,4532XXXX6364,CUST-1108,Hunger Station,13535.15,EUR,2025-06-07T23:04:53Z,approved,credit,5812
TXN-00271,4532XXXX8648,CUST-1081,Netflix,7476.49,SAR,2025-04-10T22:47:29Z,approved,debit,4899
TXN-00272,4532XXXX4944,CUST-1128,STC Pay TopUp,5901.67,SAR,2025-03-30T18:50:57Z,approved,credit,4814
TXN-00273,4532XXXX8710,CUST-1091,Amazon.sa,7425.94,SAR,2025-06-21T07:59:59Z,approved,credit,5311
TXN-00274,4532XXXX6992,CUST-1003,Noon.com,13237.42,SAR,2025-05-22T06:25:59Z,pending,debit,5311
TXN-00275,4532XXXX6939,CUST-1094,Panda Supermarket,8556.37,SAR,2025-02-07T19:09:34Z,approved,debit,5411
TXN-00276,4532XXXX2946,CUST-1019,Shell Petrol,11467.24,SAR,2025-02-24T07:35:34Z,approved,debit,5541
TXN-00277,4532XXXX3363,CUST-1101,Saudi Airlines,5089.58,SAR,2025-03-12T23:50:57Z,approved,credit,3000
TXN-00278,4532XXXX6456,CUST-1131,Zara SA,684.32,SAR,2025-01-27T14:38:08Z,approved,credit,5651
TXN-00279,4532XXXX6218,CUST-1117,Careem Rides,7735.01,SAR,2025-03-05T16:25:53Z,approved,debit,4121
TXN-00280,4532XXXX9721,CUST-1158,Alshaya Group,7612.19,SAR,2025-04-09T23:26:23Z,approved,credit,5311
TXN-00281,4532XXXX2795,CUST-1145,Alshaya Group,254.47,SAR,2025-03-06T07:41:18Z,approved,credit,5311
TXN-00282,4532XXXX4728,CUST-1079,Ceer Motors,7121.48,SAR,2025-05-08T07:16:31Z,pending,debit,5511
TXN-00283,4532XXXX7229,CUST-1150,Talabat Food,9437.23,SAR,2025-05-01T08:10:41Z,approved,credit,5812
TXN-00284,4532XXXX1310,CUST-1063,Panda Supermarket,10509.31,SAR,2025-02-07T01:07:09Z,approved,debit,5411
TXN-00285,4532XXXX8726,CUST-1108,Careem Rides,3062.36,SAR,2025-04-08T10:38:54Z,pending,credit,4121
TXN-00286,4532XXXX8837,CUST-1016,Namshi Fashion,8415.50,SAR,2025-05-09T14:12:02Z,approved,debit,5651
TXN-00287,4532XXXX6804,CUST-1081,Tamimi Markets,7999.24,SAR,2025-04-17T01:49:03Z,declined,credit,5411
TXN-00288,4532XXXX4150,CUST-1185,Tawuniya Insurance,3969.11,USD,2025-04-05T00:26:34Z,approved,debit,6300
TXN-00289,4532XXXX5735,CUST-1143,Alshaya Group,14593.79,SAR,2025-02-27T18:59:03Z,declined,debit,5311
TXN-00290,4532XXXX5480,CUST-1177,Aramex Shipping,5235.30,SAR,2025-06-04T10:51:27Z,approved,debit,4215
TXN-00291,4532XXXX6654,CUST-1147,Zain Telecom,14702.51,SAR,2025-06-08T21:54:55Z,pending,debit,4814
TXN-00292,4532XXXX8247,CUST-1075,Panda Supermarket,10713.55,SAR,2025-03-09T06:10:15Z,declined,debit,5411
TXN-00293,4532XXXX5450,CUST-1192,Talabat Food,12420.14,SAR,2025-02-22T15:34:12Z,approved,debit,5812
TXN-00294,4532XXXX9700,CUST-1158,Whites Pharmacy,766.23,SAR,2025-06-25T18:27:50Z,approved,credit,5912
TXN-00295,4532XXXX2647,CUST-1060,Amazon.sa,4957.75,SAR,2025-04-02T17:33:42Z,declined,credit,5311
TXN-00296,4532XXXX7666,CUST-1036,Jarir Bookstore,14668.77,EUR,2025-01-31T16:03:31Z,declined,credit,5942
TXN-00297,4532XXXX5676,CUST-1123,Tawuniya Insurance,14458.89,SAR,2025-03-04T08:44:59Z,declined,debit,6300
TXN-00298,4532XXXX1611,CUST-1197,Al Baik Restaurant,3487.14,SAR,2025-05-24T10:31:43Z,approved,debit,5812
TXN-00299,4532XXXX4052,CUST-1046,Panda Supermarket,5957.93,GBP,2025-04-07T04:39:22Z,pending,debit,5411
TXN-00300,4532XXXX5662,CUST-1010,Jarir Bookstore,9043.73,SAR,2025-03-07T01:24:33Z,approved,credit,5942
TXN-00301,4532XXXX9261,CUST-1140,Makkah Hotel,14078.71,SAR,2025-06-15T06:13:33Z,approved,debit,7011
TXN-00302,4532XXXX5215,CUST-1050,SABB ATM,10968.13,SAR,2025-05-06T21:13:43Z,declined,debit,6011
TXN-00303,4532XXXX4164,CUST-1004,Booking.com,8518.88,SAR,2025-05-28T01:11:36Z,approved,credit,7011
TXN-00304,4532XXXX7567,CUST-1164,Zara SA,7731.63,USD,2025-01-17T20:13:38Z,declined,debit,5651
TXN-00305,4532XXXX5272,CUST-1048,Namshi Fashion,14037.70,SAR,2025-01-02T07:49:50Z,approved,debit,5651
TXN-00306,4532XXXX1187,CUST-1115,Lulu Hypermarket,4532.68,EUR,2025-05-21T08:52:36Z,approved,credit,5411
TXN-00307,4532XXXX3616,CUST-1093,Hunger Station,1777.78,SAR,2025-03-01T13:49:16Z,approved,credit,5812
TXN-00308,4532XXXX7021,CUST-1129,Alshaya Group,9582.48,SAR,2025-02-27T06:58:29Z,approved,debit,5311
TXN-00309,4532XXXX7121,CUST-1057,Namshi Fashion,6827.41,SAR,2025-04-28T14:56:53Z,approved,credit,5651
TXN-00310,4532XXXX4578,CUST-1141,Talabat Food,12030.91,SAR,2025-06-10T07:35:28Z,pending,debit,5812
TXN-00311,4532XXXX9653,CUST-1175,HyperPanda,1232.65,USD,2025-03-28T17:59:47Z,declined,debit,5411
TXN-00312,4532XXXX9281,CUST-1020,Shein SA,12432.47,SAR,2025-06-25T07:45:49Z,approved,credit,5311
TXN-00313,4532XXXX2904,CUST-1138,Careem Rides,12818.02,SAR,2025-03-27T19:07:34Z,declined,debit,4121
TXN-00314,4532XXXX1911,CUST-1184,Whites Pharmacy,13483.85,SAR,2025-03-28T12:05:59Z,approved,debit,5912
TXN-00315,4532XXXX6049,CUST-1132,Starbucks SA,870.76,SAR,2025-03-31T18:50:20Z,pending,debit,5814
TXN-00316,4532XXXX2196,CUST-1102,Flynas Airline,11188.34,USD,2025-04-23T07:07:33Z,approved,debit,3000
TXN-00317,4532XXXX2130,CUST-1089,Uber Rides,908.53,SAR,2025-06-23T15:21:36Z,approved,debit,4121
TXN-00318,4532XXXX7887,CUST-1074,Starbucks SA,2035.76,SAR,2025-05-05T13:43:23Z,approved,debit,5814
TXN-00319,4532XXXX9835,CUST-1115,Shell Petrol,10242.54,SAR,2025-05-09T12:10:36Z,approved,credit,5541
TXN-00320,4532XXXX3086,CUST-1090,SABB ATM,8061.19,SAR,2025-04-13T16:35:05Z,pending,debit,6011
TXN-00321,4532XXXX9920,CUST-1001,STC Pay TopUp,6947.74,EUR,2025-05-20T15:13:14Z,approved,credit,4814
TXN-00322,4532XXXX4088,CUST-1098,IKEA Saudi,5195.67,SAR,2025-02-23T12:37:15Z,pending,credit,5712
TXN-00323,4532XXXX1256,CUST-1029,Panda Supermarket,6291.51,USD,2025-05-29T18:04:04Z,approved,debit,5411
TXN-00324,4532XXXX1797,CUST-1018,Noon.com,6699.38,SAR,2025-05-11T11:51:25Z,approved,credit,5311
TXN-00325,4532XXXX1924,CUST-1012,Zara SA,8098.70,SAR,2025-05-27T11:41:31Z,approved,credit,5651
TXN-00326,4532XXXX6253,CUST-1075,IKEA Saudi,10974.10,USD,2025-03-03T22:11:56Z,approved,debit,5712
TXN-00327,4532XXXX3869,CUST-1037,Makkah Hotel,4511.01,SAR,2025-01-12T20:04:59Z,declined,credit,7011
TXN-00328,4532XXXX7244,CUST-1110,PlayStation Store,14584.49,SAR,2025-05-05T22:04:12Z,approved,debit,5816
TXN-00329,4532XXXX9813,CUST-1179,Starbucks SA,4501.83,SAR,2025-02-05T16:56:17Z,approved,debit,5814
TXN-00330,4532XXXX1944,CUST-1058,Alshaya Group,2169.55,USD,2025-03-31T21:51:13Z,approved,debit,5311
TXN-00331,4532XXXX4331,CUST-1107,PlayStation Store,5829.34,SAR,2025-02-19T12:21:57Z,approved,credit,5816
TXN-00332,4532XXXX4120,CUST-1021,Nahdi Pharmacy,1391.50,USD,2025-05-21T16:48:34Z,approved,debit,5912
TXN-00333,4532XXXX4555,CUST-1097,HyperPanda,13104.94,SAR,2025-02-06T12:54:16Z,approved,debit,5411
TXN-00334,4532XXXX2922,CUST-1086,Alshaya Group,234.93,EUR,2025-02-06T21:34:28Z,pending,credit,5311
TXN-00335,4532XXXX4921,CUST-1123,Hunger Station,10558.01,SAR,2025-03-19T00:26:21Z,approved,debit,5812
TXN-00336,4532XXXX6053,CUST-1199,Apple Store,8007.08,SAR,2025-03-11T18:16:15Z,approved,debit,5045
TXN-00337,4532XXXX8692,CUST-1132,Aramex Shipping,12043.24,SAR,2025-05-21T06:41:28Z,pending,debit,4215
TXN-00338,4532XXXX4625,CUST-1053,Saudi Airlines,690.50,SAR,2025-06-17T18:55:38Z,pending,debit,3000
TXN-00339,4532XXXX7841,CUST-1005,Flynas Airline,8762.56,SAR,2025-05-20T19:29:55Z,approved,debit,3000
TXN-00340,4532XXXX9180,CUST-1051,Booking.com,8548.99,SAR,2025-02-17T17:11:05Z,approved,credit,7011
TXN-00341,4532XXXX9037,CUST-1176,Booking.com,12324.77,SAR,2025-05-21T12:01:27Z,approved,debit,7011
TXN-00342,4532XXXX4015,CUST-1188,Danube Online,10806.10,SAR,2025-04-05T19:43:08Z,approved,credit,5411
TXN-00343,4532XXXX1794,CUST-1016,Makkah Hotel,12701.23,SAR,2025-06-08T20:08:14Z,pending,debit,7011
TXN-00344,4532XXXX3474,CUST-1106,Namshi Fashion,3475.34,USD,2025-05-18T07:38:56Z,approved,debit,5651
TXN-00345,4532XXXX8916,CUST-1130,Nana Grocery,9269.44,SAR,2025-05-10T11:18:08Z,declined,credit,5411
TXN-00346,4532XXXX9673,CUST-1005,Jarir Bookstore,6173.02,SAR,2025-01-04T05:56:58Z,pending,debit,5942
TXN-00347,4532XXXX8054,CUST-1138,Apple Store,12198.29,SAR,2025-05-11T21:13:16Z,approved,debit,5045
TXN-00348,4532XXXX5135,CUST-1025,Makkah Hotel,2883.02,SAR,2025-04-13T05:27:45Z,approved,debit,7011
TXN-00349,4532XXXX4984,CUST-1102,Al Baik Restaurant,6093.38,SAR,2025-04-20T17:06:03Z,declined,debit,5812
TXN-00350,4532XXXX1519,CUST-1077,Al Baik Restaurant,12874.00,SAR,2025-05-28T11:55:35Z,approved,debit,5812
TXN-00351,4532XXXX3807,CUST-1098,Shell Petrol,846.44,SAR,2025-01-02T20:02:27Z,approved,credit,5541
TXN-00352,4532XXXX2562,CUST-1112,Tawuniya Insurance,8490.02,SAR,2025-06-16T14:23:05Z,approved,debit,6300
TXN-00353,4532XXXX8790,CUST-1059,Spotify,10385.85,AED,2025-04-21T01:24:20Z,approved,debit,4899
TXN-00354,4532XXXX3938,CUST-1020,Lulu Hypermarket,8454.83,USD,2025-01-07T09:20:00Z,approved,debit,5411
TXN-00355,4532XXXX7525,CUST-1054,Whites Pharmacy,12311.26,SAR,2025-06-09T09:40:56Z,approved,debit,5912
TXN-00356,4532XXXX9856,CUST-1042,Shein SA,12520.59,SAR,2025-03-17T13:36:04Z,approved,debit,5311
TXN-00357,4532XXXX9204,CUST-1194,Namshi Fashion,10341.21,SAR,2025-01-16T05:29:58Z,pending,debit,5651
TXN-00358,4532XXXX7499,CUST-1014,Noon.com,12580.93,SAR,2025-03-08T03:16:38Z,pending,debit,5311
TXN-00359,4532XXXX4737,CUST-1008,Ceer Motors,14888.83,SAR,2025-04-06T06:22:40Z,approved,credit,5511
TXN-00360,4532XXXX2404,CUST-1097,H&M Saudi,8790.20,SAR,2025-03-15T19:16:02Z,pending,credit,5651
TXN-00361,4532XXXX7225,CUST-1076,Hunger Station,1235.16,SAR,2025-01-30T22:43:18Z,declined,credit,5812
TXN-00362,4532XXXX6050,CUST-1040,Shell Petrol,1602.73,SAR,2025-01-02T00:12:41Z,approved,debit,5541
TXN-00363,4532XXXX8353,CUST-1195,Lulu Hypermarket,1314.02,SAR,2025-03-25T16:30:36Z,approved,credit,5411
TXN-00364,4532XXXX2524,CUST-1132,Starbucks SA,1348.83,SAR,2025-04-18T14:51:05Z,approved,credit,5814
TXN-00365,4532XXXX2387,CUST-1084,Shell Petrol,6210.08,SAR,2025-06-01T07:11:28Z,pending,credit,5541
TXN-00366,4532XXXX3274,CUST-1063,Shein SA,10281.31,SAR,2025-02-02T21:56:07Z,approved,debit,5311
TXN-00367,4532XXXX7899,CUST-1069,Aramex Shipping,2512.27,SAR,2025-02-23T14:04:31Z,approved,credit,4215
TXN-00368,4532XXXX9123,CUST-1020,Saudi Airlines,3702.62,SAR,2025-05-02T08:52:05Z,approved,credit,3000
TXN-00369,4532XXXX6443,CUST-1051,Nana Grocery,4573.35,SAR,2025-03-18T20:03:29Z,approved,debit,5411
TXN-00370,4532XXXX3230,CUST-1085,Nahdi Pharmacy,12233.05,SAR,2025-06-16T21:35:59Z,approved,debit,5912
TXN-00371,4532XXXX6228,CUST-1155,Netflix,2668.67,SAR,2025-03-19T07:55:51Z,approved,credit,4899
TXN-00372,4532XXXX6339,CUST-1178,Ceer Motors,8640.31,SAR,2025-02-17T01:46:44Z,approved,debit,5511
TXN-00373,4532XXXX9939,CUST-1101,Saudi Airlines,8459.94,SAR,2025-04-25T23:58:40Z,approved,credit,3000
TXN-00374,4532XXXX4434,CUST-1197,PlayStation Store,10909.56,SAR,2025-05-18T13:13:47Z,approved,debit,5816
TXN-00375,4532XXXX9180,CUST-1178,Uber Rides,11935.87,USD,2025-03-21T10:44:16Z,approved,credit,4121
TXN-00376,4532XXXX7176,CUST-1078,Hunger Station,2316.38,SAR,2025-03-24T03:55:09Z,approved,debit,5812
TXN-00377,4532XXXX7853,CUST-1154,Talabat Food,8017.84,SAR,2025-06-29T07:48:07Z,approved,debit,5812
TXN-00378,4532XXXX5067,CUST-1093,Zain Telecom,13716.45,SAR,2025-01-22T05:41:54Z,declined,credit,4814
TXN-00379,4532XXXX7547,CUST-1091,Extra Electronics,669.23,SAR,2025-05-06T06:03:47Z,pending,debit,5732
TXN-00380,4532XXXX9499,CUST-1111,Noon.com,3884.78,SAR,2025-04-10T03:55:25Z,approved,credit,5311
TXN-00381,4532XXXX9199,CUST-1177,Shein SA,5614.92,SAR,2025-03-31T22:01:51Z,approved,debit,5311
TXN-00382,4532XXXX2901,CUST-1007,Talabat Food,6242.55,SAR,2025-01-17T16:06:44Z,pending,debit,5812
TXN-00383,4532XXXX8912,CUST-1090,Alshaya Group,11765.13,SAR,2025-04-12T04:34:16Z,approved,credit,5311
TXN-00384,4532XXXX5919,CUST-1025,Nahdi Pharmacy,6789.45,SAR,2025-01-14T01:03:18Z,approved,credit,5912
TXN-00385,4532XXXX3692,CUST-1030,STC Pay TopUp,9721.31,USD,2025-05-12T11:41:52Z,pending,debit,4814
TXN-00386,4532XXXX8570,CUST-1133,Tamimi Markets,4968.19,SAR,2025-03-24T19:01:31Z,approved,debit,5411
TXN-00387,4532XXXX1478,CUST-1162,Tamimi Markets,9861.33,SAR,2025-03-18T19:32:51Z,pending,credit,5411
TXN-00388,4532XXXX4519,CUST-1051,Nahdi Pharmacy,5835.59,SAR,2025-05-17T20:18:21Z,approved,debit,5912
TXN-00389,4532XXXX4063,CUST-1193,Uber Rides,11993.54,SAR,2025-04-15T06:05:02Z,approved,debit,4121
TXN-00390,4532XXXX9646,CUST-1051,Nana Grocery,10062.17,SAR,2025-04-06T01:09:38Z,declined,debit,5411
TXN-00391,4532XXXX6766,CUST-1153,Shell Petrol,8807.14,SAR,2025-03-09T13:26:46Z,approved,credit,5541
TXN-00392,4532XXXX3194,CUST-1045,Alshaya Group,8854.57,AED,2025-05-11T12:15:36Z,approved,debit,5311
TXN-00393,4532XXXX9369,CUST-1062,Alshaya Group,5602.72,SAR,2025-01-28T10:46:42Z,approved,debit,5311
TXN-00394,4532XXXX9804,CUST-1153,Namshi Fashion,6348.47,SAR,2025-04-05T12:02:51Z,declined,credit,5651
TXN-00395,4532XXXX6154,CUST-1045,PlayStation Store,4336.08,SAR,2025-02-06T07:56:33Z,approved,credit,5816
TXN-00396,4532XXXX7290,CUST-1014,Danube Online,7271.71,EUR,2025-02-07T21:21:52Z,approved,credit,5411
TXN-00397,4532XXXX8272,CUST-1168,Aramex Shipping,7378.43,SAR,2025-05-18T21:30:11Z,approved,debit,4215
TXN-00398,4532XXXX1535,CUST-1022,Shein SA,11417.04,SAR,2025-02-26T17:14:15Z,approved,debit,5311
TXN-00399,4532XXXX9115,CUST-1138,Apple Store,6862.53,SAR,2025-05-25T04:23:09Z,approved,credit,5045
TXN-00400,4532XXXX7010,CUST-1029,Shein SA,11627.82,SAR,2025-06-09T20:46:33Z,approved,credit,5311
TXN-00401,4532XXXX5055,CUST-1011,Nahdi Pharmacy,14846.69,SAR,2025-01-20T21:17:42Z,approved,debit,5912
TXN-00402,4532XXXX2923,CUST-1116,Flynas Airline,12251.85,SAR,2025-03-27T06:12:50Z,pending,debit,3000
TXN-00403,4532XXXX8015,CUST-1054,Whites Pharmacy,12916.43,SAR,2025-04-29T12:01:34Z,approved,credit,5912
TXN-00404,4532XXXX6747,CUST-1036,Spotify,12082.58,USD,2025-04-21T16:44:20Z,approved,debit,4899
TXN-00405,4532XXXX5740,CUST-1153,Zain Telecom,14685.11,SAR,2025-02-26T19:46:35Z,approved,debit,4814
TXN-00406,4532XXXX1971,CUST-1132,Noon.com,11252.66,SAR,2025-03-21T22:10:38Z,approved,credit,5311
TXN-00407,4532XXXX5055,CUST-1033,Namshi Fashion,10672.37,SAR,2025-06-10T21:00:18Z,pending,credit,5651
TXN-00408,4532XXXX7786,CUST-1101,Aramex Shipping,9487.87,SAR,2025-05-02T21:49:11Z,approved,debit,4215
TXN-00409,4532XXXX9447,CUST-1020,Ceer Motors,11534.42,SAR,2025-03-20T05:25:14Z,pending,debit,5511
TXN-00410,4532XXXX1040,CUST-1178,Saudi Airlines,7323.23,SAR,2025-04-24T00:06:33Z,pending,credit,3000
TXN-00411,4532XXXX2037,CUST-1024,Nana Grocery,10460.85,SAR,2025-06-15T01:46:56Z,approved,debit,5411
TXN-00412,4532XXXX5646,CUST-1056,H&M Saudi,7423.25,USD,2025-03-04T16:39:38Z,approved,credit,5651
TXN-00413,4532XXXX1793,CUST-1148,Namshi Fashion,7282.64,SAR,2025-03-08T17:56:33Z,approved,debit,5651
TXN-00414,4532XXXX8230,CUST-1161,Nana Grocery,13941.85,SAR,2025-01-31T16:15:23Z,approved,debit,5411
TXN-00415,4532XXXX5945,CUST-1110,Netflix,13641.56,GBP,2025-06-21T07:06:23Z,approved,debit,4899
TXN-00416,4532XXXX3711,CUST-1024,Tawuniya Insurance,1240.90,SAR,2025-05-10T00:50:07Z,approved,debit,6300
TXN-00417,4532XXXX2494,CUST-1161,Alshaya Group,11329.71,SAR,2025-03-25T08:21:40Z,declined,debit,5311
TXN-00418,4532XXXX9510,CUST-1001,Spotify,1994.83,SAR,2025-02-13T22:07:32Z,declined,debit,4899
TXN-00419,4532XXXX7919,CUST-1003,Jarir Bookstore,12257.55,SAR,2025-06-17T01:28:34Z,declined,debit,5942
TXN-00420,4532XXXX2678,CUST-1123,Uber Rides,1344.52,SAR,2025-06-06T12:01:51Z,approved,debit,4121
TXN-00421,4532XXXX3181,CUST-1095,Alshaya Group,11603.04,SAR,2025-05-27T05:58:11Z,declined,credit,5311
TXN-00422,4532XXXX3688,CUST-1037,Uber Rides,132.08,SAR,2025-05-07T05:18:49Z,approved,debit,4121
TXN-00423,4532XXXX8248,CUST-1185,Spotify,2274.86,SAR,2025-03-21T22:42:25Z,approved,debit,4899
TXN-00424,4532XXXX6759,CUST-1026,Namshi Fashion,8845.66,SAR,2025-03-16T13:43:06Z,approved,debit,5651
TXN-00425,4532XXXX5668,CUST-1036,Hunger Station,1268.31,SAR,2025-04-18T11:00:54Z,pending,credit,5812
TXN-00426,4532XXXX7418,CUST-1007,Alshaya Group,9105.87,SAR,2025-02-06T15:09:23Z,approved,credit,5311
TXN-00427,4532XXXX2163,CUST-1014,Hunger Station,1695.59,SAR,2025-04-08T00:13:24Z,approved,debit,5812
TXN-00428,4532XXXX7895,CUST-1093,Mobily Recharge,12912.91,SAR,2025-04-21T08:50:40Z,approved,credit,4814
TXN-00429,4532XXXX2195,CUST-1175,Tamimi Markets,14317.02,SAR,2025-05-30T14:10:14Z,approved,credit,5411
TXN-00430,4532XXXX7520,CUST-1018,Jarir Bookstore,602.20,SAR,2025-01-12T17:48:19Z,approved,debit,5942
TXN-00431,4532XXXX2350,CUST-1161,Al Rajhi ATM,6356.51,SAR,2025-03-20T02:44:55Z,declined,credit,6011
TXN-00432,4532XXXX9377,CUST-1138,Riyadh Season,1258.54,SAR,2025-01-16T08:16:01Z,approved,debit,7922
TXN-00433,4532XXXX2083,CUST-1138,Mobily Recharge,9516.24,SAR,2025-06-12T01:10:30Z,approved,credit,4814
TXN-00434,4532XXXX2900,CUST-1112,Hunger Station,1297.76,SAR,2025-03-26T08:50:25Z,approved,credit,5812
TXN-00435,4532XXXX3877,CUST-1156,Amazon.sa,11126.69,SAR,2025-05-24T19:43:02Z,approved,debit,5311
TXN-00436,4532XXXX9568,CUST-1182,Namshi Fashion,2461.67,SAR,2025-03-09T07:45:46Z,approved,credit,5651
TXN-00437,4532XXXX5403,CUST-1067,Extra Electronics,11247.90,SAR,2025-06-19T14:37:08Z,pending,debit,5732
TXN-00438,4532XXXX2046,CUST-1198,STC Pay TopUp,6442.72,SAR,2025-04-12T17:20:15Z,approved,credit,4814
TXN-00439,4532XXXX1908,CUST-1148,Ceer Motors,6830.69,SAR,2025-03-11T22:17:56Z,approved,credit,5511
TXN-00440,4532XXXX2889,CUST-1043,Saudi Airlines,11601.07,SAR,2025-06-23T15:35:34Z,approved,credit,3000
TXN-00441,4532XXXX1753,CUST-1131,Jarir Bookstore,12944.61,SAR,2025-02-17T11:41:32Z,approved,debit,5942
TXN-00442,4532XXXX7870,CUST-1099,Careem Rides,14405.33,SAR,2025-01-07T20:48:22Z,approved,debit,4121
TXN-00443,4532XXXX2276,CUST-1064,Starbucks SA,4802.43,AED,2025-06-10T09:25:30Z,approved,debit,5814
TXN-00444,4532XXXX9450,CUST-1031,Al Rajhi ATM,794.82,SAR,2025-02-13T08:07:03Z,approved,debit,6011
TXN-00445,4532XXXX6362,CUST-1018,Nana Grocery,11604.04,USD,2025-03-02T07:57:23Z,approved,credit,5411
TXN-00446,4532XXXX5979,CUST-1117,Jarir Bookstore,4377.47,SAR,2025-06-02T08:04:07Z,pending,credit,5942
TXN-00447,4532XXXX4201,CUST-1063,Nana Grocery,14578.01,SAR,2025-05-31T00:38:19Z,pending,credit,5411
TXN-00448,4532XXXX4817,CUST-1195,Hunger Station,13986.30,SAR,2025-01-05T15:25:47Z,approved,debit,5812
TXN-00449,4532XXXX7164,CUST-1163,Jarir Bookstore,26.92,EUR,2025-05-08T15:15:28Z,pending,credit,5942
TXN-00450,4532XXXX9061,CUST-1079,Noon.com,14746.82,SAR,2025-03-23T12:29:01Z,approved,debit,5311
TXN-00451,4532XXXX9515,CUST-1183,Lulu Hypermarket,13819.51,SAR,2025-06-24T05:39:45Z,approved,credit,5411
TXN-00452,4532XXXX9280,CUST-1096,Nana Grocery,1278.11,EUR,2025-01-19T13:25:16Z,approved,credit,5411
TXN-00453,4532XXXX3141,CUST-1101,Uber Rides,938.93,SAR,2025-05-09T15:12:44Z,approved,debit,4121
TXN-00454,4532XXXX6345,CUST-1067,Mobily Recharge,5897.33,AED,2025-06-11T12:56:03Z,approved,debit,4814
TXN-00455,4532XXXX2785,CUST-1070,IKEA Saudi,3044.68,SAR,2025-06-01T10:46:11Z,approved,debit,5712
TXN-00456,4532XXXX6870,CUST-1043,Nahdi Pharmacy,6100.66,SAR,2025-04-15T01:35:21Z,pending,debit,5912
TXN-00457,4532XXXX3582,CUST-1116,Alshaya Group,12787.97,SAR,2025-01-18T13:23:30Z,declined,debit,5311
TXN-00458,4532XXXX3430,CUST-1181,HyperPanda,12539.69,SAR,2025-03-05T15:37:45Z,approved,credit,5411
TXN-00459,4532XXXX5262,CUST-1064,Danube Online,739.01,SAR,2025-02-28T00:41:55Z,approved,debit,5411
TXN-00460,4532XXXX8570,CUST-1104,Nahdi Pharmacy,8254.06,SAR,2025-01-19T09:27:06Z,approved,debit,5912
TXN-00461,4532XXXX3141,CUST-1032,Jarir Bookstore,11715.50,SAR,2025-02-13T03:56:16Z,approved,debit,5942
TXN-00462,4532XXXX5240,CUST-1096,Ceer Motors,1265.17,AED,2025-04-24T19:30:40Z,approved,debit,5511
TXN-00463,4532XXXX2506,CUST-1017,Netflix,6654.25,AED,2025-01-26T00:12:43Z,approved,debit,4899
TXN-00464,4532XXXX7471,CUST-1011,Nana Grocery,13862.36,SAR,2025-03-26T02:39:18Z,approved,debit,5411
TXN-00465,4532XXXX5505,CUST-1098,H&M Saudi,3224.67,SAR,2025-02-06T08:11:14Z,approved,debit,5651
TXN-00466,4532XXXX5835,CUST-1039,Panda Supermarket,9256.57,SAR,2025-05-06T16:32:09Z,approved,debit,5411
TXN-00467,4532XXXX7868,CUST-1141,Talabat Food,4200.24,SAR,2025-01-27T15:33:58Z,approved,credit,5812
TXN-00468,4532XXXX1319,CUST-1135,Hunger Station,12033.51,SAR,2025-06-04T08:15:07Z,approved,credit,5812
TXN-00469,4532XXXX9231,CUST-1092,Talabat Food,7272.77,SAR,2025-06-27T05:22:59Z,approved,debit,5812
TXN-00470,4532XXXX5602,CUST-1070,Tamimi Markets,8958.76,SAR,2025-01-06T16:33:50Z,approved,credit,5411
TXN-00471,4532XXXX2640,CUST-1136,Danube Online,14994.09,SAR,2025-01-31T23:54:19Z,approved,credit,5411
TXN-00472,4532XXXX1916,CUST-1062,Lulu Hypermarket,11869.60,SAR,2025-05-24T02:56:57Z,pending,debit,5411
TXN-00473,4532XXXX3846,CUST-1148,Shell Petrol,12589.14,SAR,2025-06-14T03:00:53Z,approved,debit,5541
TXN-00474,4532XXXX1462,CUST-1152,Mobily Recharge,10465.91,USD,2025-06-27T11:27:19Z,declined,credit,4814
TXN-00475,4532XXXX9064,CUST-1091,Shein SA,8448.82,SAR,2025-02-06T13:13:56Z,approved,debit,5311
TXN-00476,4532XXXX4584,CUST-1045,Aramex Shipping,847.24,SAR,2025-04-27T19:57:06Z,approved,credit,4215
TXN-00477,4532XXXX3137,CUST-1123,Jarir Bookstore,9213.95,SAR,2025-06-06T14:18:28Z,approved,credit,5942
TXN-00478,4532XXXX3320,CUST-1046,Mobily Recharge,2219.94,SAR,2025-05-17T20:07:22Z,pending,debit,4814
TXN-00479,4532XXXX7481,CUST-1135,Saudi Airlines,5606.99,EUR,2025-05-09T13:47:38Z,approved,debit,3000
TXN-00480,4532XXXX8157,CUST-1087,Alshaya Group,14638.03,SAR,2025-05-23T05:00:28Z,declined,credit,5311
TXN-00481,4532XXXX6846,CUST-1167,Mobily Recharge,14531.30,SAR,2025-05-15T16:13:32Z,approved,credit,4814
TXN-00482,4532XXXX3086,CUST-1151,Tamimi Markets,11011.25,SAR,2025-02-27T04:32:59Z,approved,credit,5411
TXN-00483,4532XXXX1530,CUST-1001,Shein SA,14914.28,SAR,2025-04-21T04:39:40Z,approved,credit,5311
TXN-00484,4532XXXX3304,CUST-1082,Riyadh Season,8485.43,SAR,2025-04-07T08:23:23Z,approved,credit,7922
TXN-00485,4532XXXX2453,CUST-1020,Hunger Station,4796.18,SAR,2025-05-04T12:50:42Z,declined,credit,5812
TXN-00486,4532XXXX2110,CUST-1164,Booking.com,3981.86,SAR,2025-02-18T10:56:40Z,approved,debit,7011
TXN-00487,4532XXXX3725,CUST-1028,Jarir Bookstore,6576.11,SAR,2025-03-23T11:43:32Z,approved,credit,5942
TXN-00488,4532XXXX4695,CUST-1097,Danube Online,1525.92,SAR,2025-04-04T02:34:54Z,approved,debit,5411
TXN-00489,4532XXXX2215,CUST-1019,Panda Supermarket,4784.16,SAR,2025-01-21T08:03:14Z,approved,debit,5411
TXN-00490,4532XXXX2525,CUST-1097,Extra Electronics,8207.96,SAR,2025-06-24T09:33:43Z,approved,credit,5732
TXN-00491,4532XXXX3703,CUST-1158,Talabat Food,6472.69,SAR,2025-05-07T22:09:38Z,approved,debit,5812
TXN-00492,4532XXXX7705,CUST-1041,Amazon.sa,3087.23,SAR,2025-02-06T21:23:26Z,declined,credit,5311
TXN-00493,4532XXXX2571,CUST-1185,Zain Telecom,4226.44,SAR,2025-02-16T03:03:18Z,approved,debit,4814
TXN-00494,4532XXXX1062,CUST-1147,PlayStation Store,2308.08,USD,2025-03-12T01:35:04Z,approved,debit,5816
TXN-00495,4532XXXX4390,CUST-1076,Ceer Motors,2999.12,SAR,2025-01-05T23:56:13Z,approved,credit,5511
TXN-00496,4532XXXX7512,CUST-1075,Al Baik Restaurant,1737.06,SAR,2025-06-02T09:47:23Z,approved,credit,5812
TXN-00497,4532XXXX7078,CUST-1170,Flynas Airline,8164.17,SAR,2025-02-05T21:36:32Z,approved,debit,3000
TXN-00498,4532XXXX4706,CUST-1048,Nahdi Pharmacy,6598.91,SAR,2025-02-21T03:32:12Z,approved,credit,5912
TXN-00499,4532XXXX6632,CUST-1016,Careem Rides,10013.69,SAR,2025-01-17T15:25:30Z,approved,debit,4121
TXN-00500,4532XXXX9561,CUST-1194,Whites Pharmacy,919.45,SAR,2025-03-17T04:02:42Z,approved,credit,5912
TXN-00501,4532XXXX2293,CUST-1176,Talabat Food,3538.45,SAR,2025-02-28T00:45:06Z,approved,credit,5812
TXN-00502,4532XXXX3415,CUST-1009,Al Rajhi ATM,7754.68,SAR,2025-04-21T23:18:54Z,approved,credit,6011
TXN-00503,4532XXXX4157,CUST-1115,Tamimi Markets,2511.64,AED,2025-02-11T03:28:46Z,approved,debit,5411
TXN-00504,4532XXXX3422,CUST-1109,Al Baik Restaurant,6533.72,GBP,2025-06-09T17:25:34Z,approved,debit,5812
TXN-00505,4532XXXX6343,CUST-1082,Uber Rides,8347.68,SAR,2025-04-18T04:45:32Z,approved,credit,4121
TXN-00506,4532XXXX7874,CUST-1118,Jarir Bookstore,9347.75,SAR,2025-04-12T11:18:55Z,approved,debit,5942
TXN-00507,4532XXXX2730,CUST-1039,Careem Rides,8742.24,SAR,2025-01-20T10:59:04Z,approved,credit,4121
TXN-00508,4532XXXX7732,CUST-1026,Apple Store,13202.64,USD,2025-06-20T11:16:49Z,approved,debit,5045
TXN-00509,4532XXXX5512,CUST-1168,Aramex Shipping,7098.33,SAR,2025-02-03T10:30:32Z,approved,debit,4215
TXN-00510,4532XXXX6431,CUST-1159,HyperPanda,6028.79,SAR,2025-03-18T20:31:40Z,declined,debit,5411
TXN-00511,4532XXXX6535,CUST-1013,Talabat Food,13455.99,AED,2025-01-04T22:17:31Z,approved,debit,5812
TXN-00512,4532XXXX4734,CUST-1072,Aramex Shipping,10274.36,USD,2025-06-18T17:22:03Z,approved,debit,4215
TXN-00513,4532XXXX7828,CUST-1191,Nahdi Pharmacy,4816.42,SAR,2025-05-22T12:27:05Z,approved,credit,5912
TXN-00514,4532XXXX8937,CUST-1023,Netflix,13701.92,SAR,2025-03-21T01:33:05Z,pending,credit,4899
TXN-00515,4532XXXX9303,CUST-1096,Amazon.sa,2388.79,SAR,2025-03-02T09:56:19Z,approved,debit,5311
TXN-00516,4532XXXX4288,CUST-1200,Makkah Hotel,439.08,USD,2025-02-07T10:20:33Z,approved,debit,7011
TXN-00517,4532XXXX5488,CUST-1009,Nana Grocery,5408.82,SAR,2025-02-08T15:55:07Z,approved,debit,5411
TXN-00518,4532XXXX4963,CUST-1130,Zara SA,1862.47,SAR,2025-01-06T22:26:05Z,approved,credit,5651
TXN-00519,4532XXXX6730,CUST-1153,Nahdi Pharmacy,13057.86,SAR,2025-04-24T23:03:36Z,approved,debit,5912
TXN-00520,4532XXXX4511,CUST-1067,Al Baik Restaurant,5801.55,SAR,2025-02-01T15:12:12Z,approved,credit,5812
TXN-00521,4532XXXX1145,CUST-1058,Spotify,6145.56,SAR,2025-01-04T21:27:02Z,approved,debit,4899
TXN-00522,4532XXXX6004,CUST-1166,Tamimi Markets,131.91,SAR,2025-02-19T00:13:28Z,declined,credit,5411
TXN-00523,4532XXXX8520,CUST-1165,Lulu Hypermarket,5650.25,SAR,2025-03-09T17:06:09Z,approved,debit,5411
TXN-00524,4532XXXX2676,CUST-1120,Alshaya Group,12365.54,SAR,2025-03-19T02:51:53Z,approved,credit,5311
TXN-00525,4532XXXX5890,CUST-1170,Saudi Airlines,8908.62,SAR,2025-02-24T21:22:11Z,declined,debit,3000
TXN-00526,4532XXXX5536,CUST-1124,Uber Rides,4150.87,SAR,2025-03-05T03:14:54Z,approved,credit,4121
TXN-00527,4532XXXX4937,CUST-1183,Tawuniya Insurance,2253.19,SAR,2025-05-29T15:22:09Z,approved,credit,6300
TXN-00528,4532XXXX9148,CUST-1104,Mobily Recharge,10820.64,SAR,2025-05-08T06:23:16Z,approved,debit,4814
TXN-00529,4532XXXX4111,CUST-1108,Zara SA,534.61,SAR,2025-05-18T11:50:25Z,approved,credit,5651
TXN-00530,4532XXXX6873,CUST-1183,IKEA Saudi,9576.51,SAR,2025-04-03T09:05:12Z,approved,debit,5712
TXN-00531,4532XXXX5237,CUST-1044,PlayStation Store,1468.56,SAR,2025-01-25T20:15:46Z,pending,credit,5816
TXN-00532,4532XXXX2463,CUST-1196,Tamimi Markets,13494.37,AED,2025-05-08T01:53:11Z,approved,debit,5411
TXN-00533,4532XXXX5269,CUST-1058,Alshaya Group,13303.22,SAR,2025-03-14T04:09:56Z,approved,debit,5311
TXN-00534,4532XXXX2166,CUST-1119,SABB ATM,12996.57,SAR,2025-04-24T07:39:17Z,approved,debit,6011
TXN-00535,4532XXXX7768,CUST-1129,SABB ATM,5728.13,USD,2025-02-27T22:26:18Z,approved,debit,6011
TXN-00536,4532XXXX8496,CUST-1036,Netflix,14807.94,SAR,2025-06-23T08:57:35Z,approved,debit,4899
TXN-00537,4532XXXX3897,CUST-1184,Tamimi Markets,7316.27,SAR,2025-05-03T12:49:33Z,approved,credit,5411
TXN-00538,4532XXXX3762,CUST-1015,Jarir Bookstore,3144.69,SAR,2025-05-31T04:58:05Z,approved,credit,5942
TXN-00539,4532XXXX8105,CUST-1041,Aramex Shipping,11697.39,SAR,2025-01-26T03:04:31Z,declined,debit,4215
TXN-00540,4532XXXX9745,CUST-1104,H&M Saudi,5752.83,EUR,2025-01-08T07:48:45Z,approved,credit,5651
TXN-00541,4532XXXX4122,CUST-1096,Jarir Bookstore,11353.93,USD,2025-04-14T02:47:48Z,approved,credit,5942
TXN-00542,4532XXXX6641,CUST-1002,Ceer Motors,3397.85,SAR,2025-06-20T07:02:49Z,approved,debit,5511
TXN-00543,4532XXXX1749,CUST-1027,Shell Petrol,4595.20,SAR,2025-01-13T16:15:34Z,approved,debit,5541
TXN-00544,4532XXXX3192,CUST-1117,Makkah Hotel,5070.84,SAR,2025-06-22T10:15:32Z,approved,credit,7011
TXN-00545,4532XXXX7609,CUST-1092,Netflix,13603.88,SAR,2025-06-07T16:13:58Z,approved,debit,4899
TXN-00546,4532XXXX3768,CUST-1058,Namshi Fashion,333.59,SAR,2025-04-08T23:45:46Z,approved,debit,5651
TXN-00547,4532XXXX5190,CUST-1183,Tawuniya Insurance,5631.01,SAR,2025-05-05T08:06:45Z,pending,credit,6300
TXN-00548,4532XXXX1323,CUST-1160,Amazon.sa,724.17,SAR,2025-01-21T23:50:42Z,approved,credit,5311
TXN-00549,4532XXXX8772,CUST-1030,Starbucks SA,1858.31,SAR,2025-02-19T01:50:44Z,declined,debit,5814
TXN-00550,4532XXXX9524,CUST-1053,Ceer Motors,6315.97,SAR,2025-01-20T14:36:00Z,approved,credit,5511
TXN-00551,4532XXXX2928,CUST-1156,Namshi Fashion,13479.84,SAR,2025-04-10T08:09:28Z,approved,debit,5651
TXN-00552,4532XXXX9571,CUST-1028,Aramex Shipping,3000.24,SAR,2025-02-21T01:38:25Z,approved,debit,4215
TXN-00553,4532XXXX4402,CUST-1181,Starbucks SA,595.89,SAR,2025-04-07T09:10:50Z,declined,credit,5814
TXN-00554,4532XXXX2809,CUST-1085,Hunger Station,10076.14,SAR,2025-06-26T02:22:02Z,approved,credit,5812
TXN-00555,4532XXXX2659,CUST-1127,Careem Rides,11694.00,AED,2025-01-15T13:45:00Z,approved,credit,4121
TXN-00556,4532XXXX1820,CUST-1060,Nana Grocery,4443.85,GBP,2025-04-01T03:41:21Z,approved,debit,5411
TXN-00557,4532XXXX2898,CUST-1011,Apple Store,10153.11,SAR,2025-03-24T17:16:53Z,approved,credit,5045
TXN-00558,4532XXXX6384,CUST-1012,Jarir Bookstore,9952.01,USD,2025-02-03T02:38:41Z,approved,debit,5942
TXN-00559,4532XXXX6615,CUST-1160,Lulu Hypermarket,1398.80,USD,2025-06-08T06:00:31Z,approved,debit,5411
TXN-00560,4532XXXX8835,CUST-1103,Zara SA,4081.14,EUR,2025-03-16T21:33:52Z,approved,credit,5651
TXN-00561,4532XXXX3611,CUST-1043,SABB ATM,10897.53,SAR,2025-06-13T22:57:19Z,approved,debit,6011
TXN-00562,4532XXXX7221,CUST-1152,Talabat Food,10177.51,USD,2025-02-05T04:44:07Z,pending,debit,5812
TXN-00563,4532XXXX3140,CUST-1157,STC Pay TopUp,13199.85,USD,2025-05-22T05:21:50Z,approved,credit,4814
TXN-00564,4532XXXX6148,CUST-1029,Starbucks SA,954.72,SAR,2025-05-08T04:23:53Z,approved,credit,5814
TXN-00565,4532XXXX4669,CUST-1174,Makkah Hotel,8651.85,SAR,2025-04-20T17:08:52Z,declined,debit,7011
TXN-00566,4532XXXX5072,CUST-1133,Makkah Hotel,9275.49,SAR,2025-03-26T01:13:02Z,approved,debit,7011
TXN-00567,4532XXXX1894,CUST-1170,Tawuniya Insurance,12586.30,SAR,2025-04-19T10:04:21Z,approved,credit,6300
TXN-00568,4532XXXX3709,CUST-1041,Al Rajhi ATM,12778.81,USD,2025-06-18T19:46:13Z,approved,credit,6011
TXN-00569,4532XXXX9305,CUST-1126,Mobily Recharge,14552.33,SAR,2025-01-10T18:39:04Z,approved,credit,4814
TXN-00570,4532XXXX8277,CUST-1165,Shell Petrol,3528.82,SAR,2025-03-31T03:32:09Z,approved,debit,5541
TXN-00571,4532XXXX1291,CUST-1023,Aramex Shipping,1785.01,SAR,2025-04-07T13:55:40Z,approved,debit,4215
TXN-00572,4532XXXX5990,CUST-1106,Panda Supermarket,7.54,SAR,2025-01-18T15:36:14Z,approved,credit,5411
TXN-00573,4532XXXX1889,CUST-1053,Tawuniya Insurance,14255.58,SAR,2025-03-12T13:17:55Z,approved,debit,6300
TXN-00574,4532XXXX6952,CUST-1085,PlayStation Store,9001.27,SAR,2025-05-20T03:52:07Z,declined,debit,5816
TXN-00575,4532XXXX6818,CUST-1030,Noon.com,3330.10,SAR,2025-03-08T06:50:22Z,declined,debit,5311
TXN-00576,4532XXXX3689,CUST-1141,Makkah Hotel,1599.30,SAR,2025-06-24T03:45:01Z,approved,debit,7011
TXN-00577,4532XXXX2978,CUST-1184,Starbucks SA,9164.72,SAR,2025-02-06T10:00:56Z,approved,debit,5814
TXN-00578,4532XXXX1761,CUST-1118,Netflix,1620.95,SAR,2025-03-22T11:34:18Z,declined,credit,4899
TXN-00579,4532XXXX9260,CUST-1151,SABB ATM,6760.32,SAR,2025-05-08T20:37:50Z,approved,credit,6011
TXN-00580,4532XXXX8912,CUST-1002,Makkah Hotel,8300.63,SAR,2025-03-26T01:02:33Z,approved,credit,7011
TXN-00581,4532XXXX7347,CUST-1046,Whites Pharmacy,12229.59,SAR,2025-01-21T02:35:47Z,declined,credit,5912
TXN-00582,4532XXXX5067,CUST-1156,Mobily Recharge,5773.02,SAR,2025-04-29T06:06:58Z,approved,debit,4814
TXN-00583,4532XXXX9393,CUST-1088,Apple Store,2004.91,SAR,2025-03-22T03:31:59Z,approved,credit,5045
TXN-00584,4532XXXX4560,CUST-1141,Mobily Recharge,14033.00,SAR,2025-05-03T20:03:06Z,approved,debit,4814
TXN-00585,4532XXXX3913,CUST-1160,Apple Store,13818.27,SAR,2025-01-26T18:17:42Z,approved,credit,5045
TXN-00586,4532XXXX8870,CUST-1178,Ceer Motors,1735.50,SAR,2025-03-10T09:32:49Z,approved,credit,5511
TXN-00587,4532XXXX5684,CUST-1171,Starbucks SA,13408.52,SAR,2025-04-14T16:10:02Z,approved,debit,5814
TXN-00588,4532XXXX1927,CUST-1134,Noon.com,2184.17,SAR,2025-05-11T03:36:39Z,approved,debit,5311
TXN-00589,4532XXXX2016,CUST-1193,Extra Electronics,10252.44,GBP,2025-01-29T10:24:20Z,declined,debit,5732
TXN-00590,4532XXXX4675,CUST-1053,Zain Telecom,12211.32,SAR,2025-01-20T21:35:29Z,pending,credit,4814
TXN-00591,4532XXXX5712,CUST-1144,Shell Petrol,11765.69,SAR,2025-06-05T02:46:45Z,declined,credit,5541
TXN-00592,4532XXXX6122,CUST-1013,Shell Petrol,14350.75,SAR,2025-05-14T01:01:28Z,approved,debit,5541
TXN-00593,4532XXXX8259,CUST-1004,Flynas Airline,13033.41,SAR,2025-06-17T01:57:47Z,approved,credit,3000
TXN-00594,4532XXXX4218,CUST-1181,Tawuniya Insurance,8827.84,SAR,2025-05-24T09:25:35Z,pending,credit,6300
TXN-00595,4532XXXX4063,CUST-1050,Apple Store,14751.88,SAR,2025-01-15T11:03:02Z,approved,credit,5045
TXN-00596,4532XXXX5329,CUST-1132,SABB ATM,6430.47,SAR,2025-04-19T01:56:15Z,approved,debit,6011
TXN-00597,4532XXXX1654,CUST-1150,Flynas Airline,6997.64,SAR,2025-01-31T01:26:48Z,approved,debit,3000
TXN-00598,4532XXXX5934,CUST-1153,Amazon.sa,9382.37,SAR,2025-06-13T17:19:01Z,approved,credit,5311
TXN-00599,4532XXXX4603,CUST-1141,Danube Online,10616.69,SAR,2025-04-13T00:31:06Z,approved,credit,5411
TXN-00600,4532XXXX2506,CUST-1018,Al Rajhi ATM,8148.49,SAR,2025-03-20T08:03:35Z,approved,debit,6011
TXN-00601,4532XXXX9691,CUST-1055,Booking.com,4407.15,SAR,2025-05-27T03:37:47Z,approved,credit,7011
TXN-00602,4532XXXX4937,CUST-1193,Tawuniya Insurance,10035.73,SAR,2025-03-28T12:57:35Z,declined,credit,6300
TXN-00603,4532XXXX7248,CUST-1160,Hunger Station,10239.86,EUR,2025-03-04T07:40:29Z,approved,debit,5812
TXN-00604,4532XXXX7143,CUST-1066,Zain Telecom,375.46,SAR,2025-04-11T08:46:43Z,approved,credit,4814
TXN-00605,4532XXXX6248,CUST-1115,Aramex Shipping,13474.73,SAR,2025-02-07T09:10:21Z,approved,debit,4215
TXN-00606,4532XXXX1120,CUST-1025,Extra Electronics,11600.91,EUR,2025-04-14T12:55:09Z,declined,debit,5732
TXN-00607,4532XXXX2702,CUST-1054,Ceer Motors,12974.94,SAR,2025-03-24T08:57:33Z,approved,credit,5511
TXN-00608,4532XXXX3519,CUST-1180,H&M Saudi,14096.57,SAR,2025-05-26T00:45:48Z,approved,debit,5651
TXN-00609,4532XXXX5127,CUST-1184,Booking.com,1103.35,SAR,2025-02-04T13:30:12Z,approved,debit,7011
TXN-00610,4532XXXX7626,CUST-1148,IKEA Saudi,6117.45,AED,2025-03-29T14:23:52Z,approved,debit,5712
TXN-00611,4532XXXX2036,CUST-1005,Shell Petrol,8024.84,SAR,2025-05-05T13:14:47Z,pending,credit,5541
TXN-00612,4532XXXX2738,CUST-1150,Panda Supermarket,1093.48,SAR,2025-04-08T15:23:24Z,approved,credit,5411
TXN-00613,4532XXXX7249,CUST-1078,HyperPanda,11480.29,SAR,2025-03-26T23:43:07Z,approved,credit,5411
TXN-00614,4532XXXX7406,CUST-1008,Talabat Food,3301.89,SAR,2025-05-26T00:07:31Z,approved,debit,5812
TXN-00615,4532XXXX7113,CUST-1163,Careem Rides,13305.24,SAR,2025-06-04T09:02:53Z,approved,credit,4121
TXN-00616,4532XXXX7456,CUST-1143,Careem Rides,80.42,SAR,2025-04-26T20:36:47Z,approved,credit,4121
TXN-00617,4532XXXX6633,CUST-1022,Alshaya Group,11122.75,SAR,2025-05-21T23:06:47Z,approved,debit,5311
TXN-00618,4532XXXX5140,CUST-1166,Al Rajhi ATM,2763.97,SAR,2025-04-30T18:53:31Z,approved,debit,6011
TXN-00619,4532XXXX8557,CUST-1047,Shein SA,12771.56,USD,2025-04-17T13:49:53Z,declined,credit,5311
TXN-00620,4532XXXX8982,CUST-1019,Apple Store,3764.06,SAR,2025-02-08T08:01:57Z,approved,debit,5045
TXN-00621,4532XXXX4170,CUST-1033,Tawuniya Insurance,4280.63,SAR,2025-01-14T13:19:58Z,approved,credit,6300
TXN-00622,4532XXXX3496,CUST-1116,Booking.com,4588.60,SAR,2025-04-24T10:25:45Z,approved,credit,7011
TXN-00623,4532XXXX5033,CUST-1094,Mobily Recharge,2533.75,EUR,2025-03-02T19:41:12Z,approved,credit,4814
TXN-00624,4532XXXX6432,CUST-1190,Tawuniya Insurance,12602.45,SAR,2025-01-27T01:54:37Z,approved,debit,6300
TXN-00625,4532XXXX3879,CUST-1115,Danube Online,7307.14,SAR,2025-01-22T03:11:48Z,declined,credit,5411
TXN-00626,4532XXXX4218,CUST-1021,Lulu Hypermarket,2104.33,USD,2025-04-15T14:08:31Z,approved,credit,5411
TXN-00627,4532XXXX9309,CUST-1161,Uber Rides,13382.12,SAR,2025-06-14T23:21:49Z,declined,debit,4121
TXN-00628,4532XXXX1600,CUST-1149,Whites Pharmacy,8852.59,SAR,2025-06-25T23:40:50Z,approved,debit,5912
TXN-00629,4532XXXX7430,CUST-1140,Zain Telecom,11629.08,SAR,2025-03-13T00:50:18Z,approved,credit,4814
TXN-00630,4532XXXX7500,CUST-1151,Apple Store,7519.34,SAR,2025-01-18T14:00:44Z,approved,credit,5045
TXN-00631,4532XXXX3717,CUST-1003,Hunger Station,12099.07,USD,2025-04-30T05:36:54Z,pending,credit,5812
TXN-00632,4532XXXX3395,CUST-1036,Nahdi Pharmacy,8497.53,SAR,2025-04-20T20:52:39Z,pending,credit,5912
TXN-00633,4532XXXX2029,CUST-1124,Danube Online,11423.28,SAR,2025-02-15T00:01:58Z,approved,debit,5411
TXN-00634,4532XXXX6918,CUST-1060,Panda Supermarket,7770.69,SAR,2025-06-03T16:28:23Z,approved,credit,5411
TXN-00635,4532XXXX9542,CUST-1117,Panda Supermarket,9729.63,SAR,2025-01-21T01:03:48Z,declined,debit,5411
TXN-00636,4532XXXX7201,CUST-1190,Flynas Airline,8554.55,SAR,2025-03-15T03:21:38Z,approved,credit,3000
TXN-00637,4532XXXX4651,CUST-1168,Uber Rides,5648.05,SAR,2025-06-26T04:03:22Z,approved,debit,4121
TXN-00638,4532XXXX1108,CUST-1091,Danube Online,7234.24,SAR,2025-04-28T07:49:38Z,approved,debit,5411
TXN-00639,4532XXXX4465,CUST-1113,Extra Electronics,7720.55,SAR,2025-02-24T12:40:01Z,approved,debit,5732
TXN-00640,4532XXXX4773,CUST-1041,Saudi Airlines,12255.24,SAR,2025-05-09T08:59:39Z,approved,debit,3000
TXN-00641,4532XXXX3641,CUST-1185,SABB ATM,7184.83,SAR,2025-02-10T21:57:05Z,declined,debit,6011
TXN-00642,4532XXXX3207,CUST-1006,Hunger Station,8604.43,SAR,2025-02-01T06:54:58Z,declined,credit,5812
TXN-00643,4532XXXX3949,CUST-1011,Shein SA,2499.29,SAR,2025-06-29T02:54:50Z,approved,debit,5311
TXN-00644,4532XXXX5644,CUST-1154,Shein SA,13178.24,SAR,2025-05-22T08:36:22Z,approved,debit,5311
TXN-00645,4532XXXX4594,CUST-1115,HyperPanda,13010.20,GBP,2025-02-03T02:53:55Z,approved,credit,5411
TXN-00646,4532XXXX9369,CUST-1037,Whites Pharmacy,2732.35,USD,2025-05-09T02:11:09Z,approved,debit,5912
TXN-00647,4532XXXX4765,CUST-1186,Booking.com,8950.02,AED,2025-01-14T08:49:52Z,approved,debit,7011
TXN-00648,4532XXXX9263,CUST-1034,Noon.com,7843.06,SAR,2025-06-26T13:49:40Z,declined,debit,5311
TXN-00649,4532XXXX1639,CUST-1039,HyperPanda,7140.66,SAR,2025-04-30T08:56:02Z,approved,credit,5411
TXN-00650,4532XXXX9835,CUST-1193,SABB ATM,9892.59,SAR,2025-06-25T03:33:13Z,approved,credit,6011
TXN-00651,4532XXXX1711,CUST-1174,Tawuniya Insurance,6313.16,SAR,2025-06-19T20:58:36Z,declined,credit,6300
TXN-00652,4532XXXX7246,CUST-1110,IKEA Saudi,7234.44,AED,2025-05-30T06:16:10Z,approved,credit,5712
TXN-00653,4532XXXX4809,CUST-1190,Shein SA,2012.58,SAR,2025-04-03T15:38:21Z,approved,debit,5311
TXN-00654,4532XXXX1116,CUST-1154,Zain Telecom,2839.37,SAR,2025-05-18T16:52:23Z,approved,credit,4814
TXN-00655,4532XXXX6175,CUST-1031,Makkah Hotel,9819.92,SAR,2025-05-14T13:13:31Z,approved,debit,7011
TXN-00656,4532XXXX9783,CUST-1028,Careem Rides,8782.63,SAR,2025-02-20T17:45:35Z,approved,credit,4121
TXN-00657,4532XXXX4337,CUST-1094,Riyadh Season,10210.68,SAR,2025-05-27T14:25:26Z,approved,credit,7922
TXN-00658,4532XXXX5157,CUST-1143,Talabat Food,8388.61,SAR,2025-04-04T22:29:08Z,approved,credit,5812
TXN-00659,4532XXXX2951,CUST-1089,Zara SA,12825.71,SAR,2025-05-09T00:28:50Z,pending,debit,5651
TXN-00660,4532XXXX6544,CUST-1115,Extra Electronics,7627.61,SAR,2025-06-02T15:24:12Z,approved,credit,5732
TXN-00661,4532XXXX2492,CUST-1179,Amazon.sa,14468.73,SAR,2025-01-02T00:39:22Z,approved,credit,5311
TXN-00662,4532XXXX2311,CUST-1154,H&M Saudi,3950.06,SAR,2025-03-14T00:13:01Z,approved,debit,5651
TXN-00663,4532XXXX9536,CUST-1186,Shell Petrol,6012.67,AED,2025-05-08T09:59:53Z,approved,credit,5541
TXN-00664,4532XXXX9099,CUST-1153,Amazon.sa,12304.33,AED,2025-05-05T07:58:25Z,approved,debit,5311
TXN-00665,4532XXXX9364,CUST-1052,Makkah Hotel,508.97,SAR,2025-04-27T09:56:31Z,approved,credit,7011
TXN-00666,4532XXXX1004,CUST-1060,Riyadh Season,545.74,SAR,2025-02-16T11:01:00Z,approved,debit,7922
TXN-00667,4532XXXX4281,CUST-1071,Zara SA,5930.17,SAR,2025-04-24T19:19:53Z,approved,debit,5651
TXN-00668,4532XXXX6703,CUST-1189,Uber Rides,8246.14,AED,2025-05-22T00:03:05Z,approved,debit,4121
TXN-00669,4532XXXX1076,CUST-1058,HyperPanda,6824.11,EUR,2025-03-20T10:34:24Z,approved,debit,5411
TXN-00670,4532XXXX6570,CUST-1105,Al Rajhi ATM,1090.43,SAR,2025-02-27T03:18:46Z,approved,credit,6011
TXN-00671,4532XXXX8254,CUST-1066,Zain Telecom,8625.53,USD,2025-05-15T19:10:06Z,approved,credit,4814
TXN-00672,4532XXXX8548,CUST-1124,Hunger Station,14418.77,SAR,2025-03-31T02:23:19Z,approved,debit,5812
TXN-00673,4532XXXX4610,CUST-1124,SABB ATM,5743.19,SAR,2025-06-03T03:24:12Z,declined,credit,6011
TXN-00674,4532XXXX1159,CUST-1059,Mobily Recharge,5299.68,SAR,2025-04-15T00:19:07Z,declined,debit,4814
TXN-00675,4532XXXX6603,CUST-1064,Apple Store,10107.10,SAR,2025-06-09T10:29:07Z,approved,credit,5045
TXN-00676,4532XXXX5408,CUST-1046,Talabat Food,3282.40,SAR,2025-04-22T09:41:40Z,approved,credit,5812
TXN-00677,4532XXXX4965,CUST-1175,Netflix,2999.00,SAR,2025-05-23T19:20:52Z,approved,debit,4899
TXN-00678,4532XXXX3555,CUST-1059,Netflix,12545.84,USD,2025-03-11T03:12:28Z,pending,debit,4899
TXN-00679,4532XXXX1108,CUST-1031,Al Baik Restaurant,9953.04,SAR,2025-04-30T04:38:27Z,pending,credit,5812
TXN-00680,4532XXXX5501,CUST-1011,Talabat Food,4734.68,SAR,2025-06-24T09:32:53Z,approved,debit,5812
TXN-00681,4532XXXX3101,CUST-1196,Al Rajhi ATM,3335.28,SAR,2025-04-22T23:27:16Z,approved,credit,6011
TXN-00682,4532XXXX7450,CUST-1109,Talabat Food,493.28,AED,2025-03-09T10:29:01Z,declined,credit,5812
TXN-00683,4532XXXX6171,CUST-1045,Nana Grocery,10475.18,EUR,2025-03-31T08:05:03Z,declined,debit,5411
TXN-00684,4532XXXX5254,CUST-1004,Spotify,1515.71,SAR,2025-03-12T05:11:20Z,approved,credit,4899
TXN-00685,4532XXXX6995,CUST-1068,Hunger Station,14378.11,SAR,2025-03-08T14:56:43Z,approved,credit,5812
TXN-00686,4532XXXX7563,CUST-1109,Spotify,11284.18,SAR,2025-03-12T21:23:12Z,approved,debit,4899
TXN-00687,4532XXXX2636,CUST-1047,Shein SA,8640.51,SAR,2025-02-14T09:11:53Z,pending,debit,5311
TXN-00688,4532XXXX3450,CUST-1061,PlayStation Store,5716.35,SAR,2025-01-29T07:40:51Z,approved,debit,5816
TXN-00689,4532XXXX9470,CUST-1046,Starbucks SA,14933.45,SAR,2025-06-14T22:26:38Z,approved,credit,5814
TXN-00690,4532XXXX1781,CUST-1081,Aramex Shipping,8434.27,SAR,2025-04-21T06:18:02Z,approved,debit,4215
TXN-00691,4532XXXX2577,CUST-1177,Extra Electronics,12208.20,SAR,2025-04-03T12:50:04Z,approved,credit,5732
TXN-00692,4532XXXX5222,CUST-1086,Flynas Airline,8407.45,SAR,2025-06-07T06:56:51Z,approved,debit,3000
TXN-00693,4532XXXX4259,CUST-1106,SABB ATM,10195.39,SAR,2025-04-28T14:11:19Z,approved,credit,6011
TXN-00694,4532XXXX6818,CUST-1167,Tawuniya Insurance,14690.70,SAR,2025-02-25T06:22:22Z,approved,credit,6300
TXN-00695,4532XXXX7243,CUST-1131,Aramex Shipping,6706.72,SAR,2025-01-16T05:24:19Z,approved,debit,4215
TXN-00696,4532XXXX6527,CUST-1119,Ceer Motors,13024.52,EUR,2025-05-05T09:19:19Z,approved,credit,5511
TXN-00697,4532XXXX3654,CUST-1157,Shein SA,13606.56,SAR,2025-01-16T08:41:17Z,approved,debit,5311
TXN-00698,4532XXXX7479,CUST-1081,Mobily Recharge,10657.95,SAR,2025-04-28T13:17:54Z,approved,debit,4814
TXN-00699,4532XXXX7782,CUST-1200,Saudi Airlines,7816.43,SAR,2025-03-29T10:29:50Z,approved,debit,3000
TXN-00700,4532XXXX2311,CUST-1006,Namshi Fashion,9932.03,SAR,2025-05-25T10:42:37Z,approved,debit,5651
TXN-00701,4532XXXX9985,CUST-1102,Noon.com,14052.22,SAR,2025-04-02T21:12:20Z,approved,debit,5311
TXN-00702,4532XXXX5300,CUST-1198,Zara SA,14940.23,SAR,2025-01-21T04:20:29Z,approved,debit,5651
TXN-00703,4532XXXX5053,CUST-1022,Tawuniya Insurance,5850.74,AED,2025-02-14T12:52:34Z,pending,debit,6300
TXN-00704,4532XXXX1468,CUST-1114,Ceer Motors,7903.50,SAR,2025-02-03T03:05:27Z,approved,credit,5511
TXN-00705,4532XXXX9856,CUST-1092,Mobily Recharge,7010.57,USD,2025-06-19T02:40:48Z,approved,credit,4814
TXN-00706,4532XXXX8480,CUST-1114,Namshi Fashion,10465.86,EUR,2025-02-04T09:03:01Z,declined,credit,5651
TXN-00707,4532XXXX6073,CUST-1163,Shein SA,9598.60,SAR,2025-04-14T15:36:51Z,approved,credit,5311
TXN-00708,4532XXXX7753,CUST-1139,IKEA Saudi,6630.70,USD,2025-03-13T00:40:25Z,approved,debit,5712
TXN-00709,4532XXXX3233,CUST-1078,Jarir Bookstore,12231.62,SAR,2025-06-14T15:43:01Z,approved,debit,5942
TXN-00710,4532XXXX8816,CUST-1121,Zain Telecom,13831.72,SAR,2025-05-27T16:45:28Z,approved,debit,4814
TXN-00711,4532XXXX1118,CUST-1197,H&M Saudi,8957.07,SAR,2025-06-04T17:12:18Z,approved,debit,5651
TXN-00712,4532XXXX3675,CUST-1049,Starbucks SA,6559.41,USD,2025-02-18T12:36:01Z,declined,credit,5814
TXN-00713,4532XXXX7917,CUST-1166,Shell Petrol,3312.78,USD,2025-01-16T09:08:38Z,declined,debit,5541
TXN-00714,4532XXXX9715,CUST-1133,Riyadh Season,10271.18,USD,2025-02-25T06:41:25Z,approved,debit,7922
TXN-00715,4532XXXX8460,CUST-1049,Uber Rides,4347.48,SAR,2025-05-04T16:08:06Z,approved,debit,4121
TXN-00716,4532XXXX1813,CUST-1070,Riyadh Season,4813.05,SAR,2025-01-30T13:04:01Z,approved,debit,7922
TXN-00717,4532XXXX1134,CUST-1048,Noon.com,1879.96,SAR,2025-03-27T03:10:10Z,approved,debit,5311
TXN-00718,4532XXXX9165,CUST-1039,Jarir Bookstore,5131.98,SAR,2025-03-02T12:03:09Z,approved,debit,5942
TXN-00719,4532XXXX1918,CUST-1179,Panda Supermarket,12653.98,SAR,2025-01-29T08:49:07Z,approved,credit,5411
TXN-00720,4532XXXX5097,CUST-1101,Uber Rides,2728.15,SAR,2025-06-23T22:15:35Z,approved,debit,4121
TXN-00721,4532XXXX1549,CUST-1032,Hunger Station,14624.71,SAR,2025-02-17T23:51:33Z,approved,debit,5812
TXN-00722,4532XXXX7375,CUST-1189,Noon.com,14731.83,SAR,2025-04-02T19:31:36Z,declined,debit,5311
TXN-00723,4532XXXX9534,CUST-1083,Extra Electronics,637.58,SAR,2025-04-17T17:13:41Z,approved,debit,5732
TXN-00724,4532XXXX4568,CUST-1124,Ceer Motors,5409.60,SAR,2025-01-11T02:44:43Z,approved,debit,5511
TXN-00725,4532XXXX2960,CUST-1163,H&M Saudi,2514.57,SAR,2025-02-23T14:43:10Z,approved,debit,5651
TXN-00726,4532XXXX3539,CUST-1003,Panda Supermarket,10362.82,SAR,2025-05-14T16:12:25Z,approved,credit,5411
TXN-00727,4532XXXX6544,CUST-1023,Hunger Station,1375.57,SAR,2025-05-01T03:05:38Z,pending,credit,5812
TXN-00728,4532XXXX2759,CUST-1016,Amazon.sa,2313.01,SAR,2025-04-15T03:35:15Z,approved,credit,5311
TXN-00729,4532XXXX6690,CUST-1060,Mobily Recharge,11829.48,GBP,2025-05-27T22:27:57Z,approved,credit,4814
TXN-00730,4532XXXX5107,CUST-1050,STC Pay TopUp,5375.72,SAR,2025-01-27T03:53:50Z,approved,credit,4814
TXN-00731,4532XXXX4109,CUST-1181,Nahdi Pharmacy,8143.30,SAR,2025-04-06T03:59:39Z,approved,debit,5912
TXN-00732,4532XXXX3627,CUST-1140,Danube Online,7028.58,SAR,2025-06-18T11:35:50Z,approved,credit,5411
TXN-00733,4532XXXX8439,CUST-1040,Nahdi Pharmacy,3953.92,SAR,2025-03-13T06:52:09Z,approved,credit,5912
TXN-00734,4532XXXX6965,CUST-1164,Al Rajhi ATM,2787.09,SAR,2025-01-04T15:14:27Z,pending,credit,6011
TXN-00735,4532XXXX7348,CUST-1062,Mobily Recharge,9876.05,SAR,2025-04-15T15:43:09Z,approved,credit,4814
TXN-00736,4532XXXX6285,CUST-1175,Aramex Shipping,2316.20,SAR,2025-02-24T23:28:37Z,approved,credit,4215
TXN-00737,4532XXXX3126,CUST-1083,SABB ATM,9885.07,SAR,2025-01-09T12:01:00Z,approved,debit,6011
TXN-00738,4532XXXX7366,CUST-1052,Noon.com,1485.81,SAR,2025-04-21T21:06:34Z,declined,credit,5311
TXN-00739,4532XXXX4616,CUST-1135,Riyadh Season,3842.80,SAR,2025-03-13T03:20:00Z,approved,credit,7922
TXN-00740,4532XXXX2310,CUST-1019,Jarir Bookstore,3135.03,AED,2025-04-06T10:06:56Z,approved,credit,5942
TXN-00741,4532XXXX7046,CUST-1016,Saudi Airlines,14073.97,SAR,2025-03-22T18:28:56Z,declined,debit,3000
TXN-00742,4532XXXX5979,CUST-1158,Lulu Hypermarket,11015.83,SAR,2025-06-12T00:50:56Z,approved,debit,5411
TXN-00743,4532XXXX4104,CUST-1133,Noon.com,3469.11,SAR,2025-03-16T19:46:22Z,approved,credit,5311
TXN-00744,4532XXXX7802,CUST-1169,Hunger Station,14212.81,SAR,2025-04-19T10:26:31Z,pending,debit,5812
TXN-00745,4532XXXX7997,CUST-1197,Ceer Motors,10119.02,SAR,2025-05-17T10:07:20Z,approved,debit,5511
TXN-00746,4532XXXX9747,CUST-1047,PlayStation Store,5066.01,SAR,2025-01-31T17:09:20Z,approved,debit,5816
TXN-00747,4532XXXX7090,CUST-1091,Mobily Recharge,14952.77,SAR,2025-06-14T01:18:18Z,approved,credit,4814
TXN-00748,4532XXXX9939,CUST-1163,H&M Saudi,4855.15,USD,2025-02-16T17:50:54Z,approved,debit,5651
TXN-00749,4532XXXX8331,CUST-1197,PlayStation Store,3815.07,AED,2025-03-29T20:21:10Z,approved,debit,5816
TXN-00750,4532XXXX3213,CUST-1186,Panda Supermarket,8938.46,GBP,2025-04-11T12:14:04Z,approved,debit,5411
TXN-00751,4532XXXX5521,CUST-1077,IKEA Saudi,4727.00,SAR,2025-05-30T19:33:29Z,approved,credit,5712
TXN-00752,4532XXXX8542,CUST-1143,Shein SA,2324.95,AED,2025-01-08T07:51:50Z,approved,debit,5311
TXN-00753,4532XXXX5198,CUST-1036,Flynas Airline,8734.42,SAR,2025-02-15T05:49:53Z,approved,debit,3000
TXN-00754,4532XXXX6319,CUST-1147,Zara SA,3265.47,SAR,2025-01-15T23:47:07Z,approved,debit,5651
TXN-00755,4532XXXX5921,CUST-1125,Shein SA,1434.98,USD,2025-05-05T17:07:24Z,approved,credit,5311
TXN-00756,4532XXXX6478,CUST-1148,Shell Petrol,843.56,SAR,2025-05-30T16:39:41Z,approved,debit,5541
TXN-00757,4532XXXX1187,CUST-1107,SABB ATM,3404.63,USD,2025-05-07T18:10:17Z,declined,credit,6011
TXN-00758,4532XXXX9846,CUST-1162,Shell Petrol,7868.13,SAR,2025-03-04T00:07:22Z,approved,debit,5541
TXN-00759,4532XXXX7436,CUST-1084,Al Rajhi ATM,2302.20,SAR,2025-05-11T19:22:03Z,approved,credit,6011
TXN-00760,4532XXXX7460,CUST-1153,Shein SA,3335.17,SAR,2025-02-26T06:29:12Z,approved,debit,5311
TXN-00761,4532XXXX7540,CUST-1087,Al Baik Restaurant,11181.00,SAR,2025-04-17T10:34:31Z,approved,debit,5812
TXN-00762,4532XXXX3209,CUST-1103,Al Rajhi ATM,10469.57,SAR,2025-05-28T23:19:50Z,approved,credit,6011
TXN-00763,4532XXXX9589,CUST-1051,Aramex Shipping,8572.10,SAR,2025-04-19T23:13:50Z,approved,debit,4215
TXN-00764,4532XXXX2467,CUST-1019,Lulu Hypermarket,4854.56,SAR,2025-06-29T10:47:44Z,approved,credit,5411
TXN-00765,4532XXXX1396,CUST-1106,H&M Saudi,2861.39,SAR,2025-03-08T21:36:08Z,pending,debit,5651
TXN-00766,4532XXXX3389,CUST-1044,Danube Online,14852.44,SAR,2025-03-27T20:50:54Z,approved,debit,5411
TXN-00767,4532XXXX2405,CUST-1060,Netflix,2344.09,SAR,2025-05-22T10:59:39Z,approved,credit,4899
TXN-00768,4532XXXX5713,CUST-1014,Hunger Station,13901.31,AED,2025-06-18T16:40:45Z,approved,debit,5812
TXN-00769,4532XXXX4424,CUST-1178,SABB ATM,7070.50,SAR,2025-03-06T10:39:27Z,pending,credit,6011
TXN-00770,4532XXXX8913,CUST-1055,Spotify,11256.58,SAR,2025-04-17T13:35:37Z,approved,credit,4899
TXN-00771,4532XXXX1712,CUST-1037,STC Pay TopUp,13591.07,SAR,2025-04-13T07:03:42Z,approved,debit,4814
TXN-00772,4532XXXX1869,CUST-1016,Apple Store,10449.42,SAR,2025-02-22T16:15:47Z,approved,credit,5045
TXN-00773,4532XXXX6901,CUST-1003,Uber Rides,4073.30,SAR,2025-06-15T10:59:39Z,approved,debit,4121
TXN-00774,4532XXXX2631,CUST-1075,Tawuniya Insurance,14696.99,SAR,2025-04-09T17:58:10Z,approved,credit,6300
TXN-00775,4532XXXX1352,CUST-1153,Zain Telecom,2987.13,SAR,2025-03-30T22:22:14Z,approved,debit,4814
TXN-00776,4532XXXX1301,CUST-1136,Alshaya Group,5904.03,SAR,2025-01-31T11:41:51Z,approved,credit,5311
TXN-00777,4532XXXX5519,CUST-1091,Danube Online,3546.89,SAR,2025-04-08T08:00:04Z,approved,credit,5411
TXN-00778,4532XXXX5590,CUST-1066,Shell Petrol,12223.81,USD,2025-01-06T17:19:15Z,approved,debit,5541
TXN-00779,4532XXXX9531,CUST-1088,Zara SA,1321.49,SAR,2025-03-16T05:12:51Z,declined,credit,5651
TXN-00780,4532XXXX6118,CUST-1161,IKEA Saudi,8595.61,SAR,2025-03-24T19:28:15Z,approved,debit,5712
TXN-00781,4532XXXX9869,CUST-1115,Zain Telecom,9788.83,SAR,2025-04-23T19:47:57Z,declined,debit,4814
TXN-00782,4532XXXX3215,CUST-1036,Alshaya Group,13480.15,SAR,2025-06-26T14:52:10Z,approved,credit,5311
TXN-00783,4532XXXX2111,CUST-1038,Tawuniya Insurance,13757.10,AED,2025-03-03T15:38:22Z,approved,credit,6300
TXN-00784,4532XXXX1483,CUST-1185,SABB ATM,12593.64,SAR,2025-01-29T06:11:07Z,pending,debit,6011
TXN-00785,4532XXXX5485,CUST-1106,Starbucks SA,11185.42,SAR,2025-06-09T13:23:33Z,approved,credit,5814
TXN-00786,4532XXXX5372,CUST-1049,Noon.com,397.84,SAR,2025-04-29T20:02:27Z,approved,credit,5311
TXN-00787,4532XXXX6886,CUST-1157,IKEA Saudi,3467.53,SAR,2025-01-06T01:33:45Z,approved,credit,5712
TXN-00788,4532XXXX7126,CUST-1200,Talabat Food,12692.84,SAR,2025-04-02T00:35:46Z,approved,debit,5812
TXN-00789,4532XXXX7694,CUST-1126,Talabat Food,2902.93,SAR,2025-01-07T06:12:02Z,pending,debit,5812
TXN-00790,4532XXXX4351,CUST-1070,Starbucks SA,10071.73,SAR,2025-02-09T09:16:22Z,approved,debit,5814
TXN-00791,4532XXXX5043,CUST-1113,Riyadh Season,4876.81,SAR,2025-03-30T20:18:50Z,approved,debit,7922
TXN-00792,4532XXXX6126,CUST-1199,Panda Supermarket,12365.81,SAR,2025-05-20T20:22:46Z,approved,credit,5411
TXN-00793,4532XXXX1630,CUST-1191,Shein SA,7880.83,SAR,2025-06-20T01:26:40Z,approved,debit,5311
TXN-00794,4532XXXX9498,CUST-1116,Nana Grocery,641.03,USD,2025-02-17T17:08:45Z,approved,debit,5411
TXN-00795,4532XXXX1807,CUST-1189,Panda Supermarket,7744.32,SAR,2025-05-03T11:02:06Z,approved,debit,5411
TXN-00796,4532XXXX8558,CUST-1113,Zara SA,11606.29,USD,2025-02-25T12:27:30Z,approved,debit,5651
TXN-00797,4532XXXX3330,CUST-1076,Riyadh Season,10350.84,AED,2025-06-25T11:26:01Z,approved,credit,7922
TXN-00798,4532XXXX9952,CUST-1116,Al Baik Restaurant,1702.01,SAR,2025-06-01T05:09:00Z,approved,debit,5812
TXN-00799,4532XXXX4308,CUST-1106,Mobily Recharge,2687.28,SAR,2025-04-25T15:04:10Z,approved,debit,4814
TXN-00800,4532XXXX3686,CUST-1065,Mobily Recharge,13607.90,SAR,2025-06-04T15:53:41Z,declined,credit,4814
TXN-00801,4532XXXX2397,CUST-1032,Al Baik Restaurant,6743.73,SAR,2025-03-12T11:26:19Z,approved,credit,5812
TXN-00802,4532XXXX7235,CUST-1099,Al Rajhi ATM,2402.70,SAR,2025-04-17T20:47:51Z,approved,credit,6011
TXN-00803,4532XXXX3656,CUST-1044,Booking.com,9894.66,SAR,2025-01-30T03:28:07Z,approved,debit,7011
TXN-00804,4532XXXX8311,CUST-1197,Amazon.sa,4646.23,SAR,2025-05-30T06:04:38Z,approved,credit,5311
TXN-00805,4532XXXX5146,CUST-1047,SABB ATM,14406.71,USD,2025-01-01T16:27:52Z,approved,debit,6011
TXN-00806,4532XXXX9084,CUST-1128,Aramex Shipping,91.23,SAR,2025-06-21T09:41:37Z,approved,debit,4215
TXN-00807,4532XXXX1107,CUST-1151,Talabat Food,6630.92,SAR,2025-04-27T17:52:20Z,approved,credit,5812
TXN-00808,4532XXXX1801,CUST-1072,Riyadh Season,12302.72,SAR,2025-02-10T07:39:40Z,approved,debit,7922
TXN-00809,4532XXXX5889,CUST-1015,Tawuniya Insurance,2184.89,SAR,2025-01-07T07:08:40Z,approved,debit,6300
TXN-00810,4532XXXX5659,CUST-1013,Noon.com,2677.83,SAR,2025-05-11T12:10:07Z,approved,credit,5311
TXN-00811,4532XXXX6901,CUST-1178,HyperPanda,8434.85,SAR,2025-03-30T10:01:41Z,approved,debit,5411
TXN-00812,4532XXXX2108,CUST-1197,Alshaya Group,13463.46,SAR,2025-06-09T06:42:38Z,pending,debit,5311
TXN-00813,4532XXXX5496,CUST-1141,Uber Rides,2022.51,SAR,2025-05-15T21:09:40Z,approved,credit,4121
TXN-00814,4532XXXX2790,CUST-1106,Makkah Hotel,3139.72,SAR,2025-01-12T07:09:35Z,approved,credit,7011
TXN-00815,4532XXXX5705,CUST-1162,Makkah Hotel,7257.53,GBP,2025-05-14T17:21:41Z,approved,credit,7011
TXN-00816,4532XXXX3125,CUST-1082,Flynas Airline,14925.39,SAR,2025-03-10T17:04:33Z,approved,credit,3000
TXN-00817,4532XXXX3947,CUST-1128,Makkah Hotel,7468.63,SAR,2025-06-06T21:27:41Z,approved,debit,7011
TXN-00818,4532XXXX8616,CUST-1182,Apple Store,28.71,EUR,2025-01-05T15:47:11Z,declined,debit,5045
TXN-00819,4532XXXX1745,CUST-1189,Spotify,14984.81,SAR,2025-03-22T09:34:17Z,approved,debit,4899
TXN-00820,4532XXXX5614,CUST-1144,Ceer Motors,9611.07,SAR,2025-05-14T23:42:45Z,approved,debit,5511
TXN-00821,4532XXXX2865,CUST-1079,Alshaya Group,4862.24,SAR,2025-01-02T04:34:25Z,declined,debit,5311
TXN-00822,4532XXXX3877,CUST-1088,Zara SA,9241.82,SAR,2025-01-06T15:41:48Z,approved,debit,5651
TXN-00823,4532XXXX3224,CUST-1087,Talabat Food,11959.83,AED,2025-05-06T08:57:26Z,approved,debit,5812
TXN-00824,4532XXXX8577,CUST-1161,Nana Grocery,8056.83,USD,2025-03-07T01:43:27Z,approved,credit,5411
TXN-00825,4532XXXX9779,CUST-1015,Makkah Hotel,10875.84,SAR,2025-03-03T06:20:59Z,approved,debit,7011
TXN-00826,4532XXXX2084,CUST-1148,Booking.com,13321.00,SAR,2025-03-10T15:52:28Z,approved,debit,7011
TXN-00827,4532XXXX3719,CUST-1008,Booking.com,9399.53,GBP,2025-06-13T13:53:43Z,approved,credit,7011
TXN-00828,4532XXXX6050,CUST-1100,Tamimi Markets,12969.58,SAR,2025-05-26T22:25:52Z,declined,debit,5411
TXN-00829,4532XXXX4893,CUST-1182,Panda Supermarket,1306.53,SAR,2025-06-20T07:20:36Z,approved,debit,5411
TXN-00830,4532XXXX1612,CUST-1078,Spotify,2629.32,SAR,2025-03-14T15:58:17Z,pending,debit,4899
TXN-00831,4532XXXX9192,CUST-1024,Nahdi Pharmacy,11986.38,SAR,2025-06-25T17:23:58Z,approved,debit,5912
TXN-00832,4532XXXX6363,CUST-1088,Talabat Food,7856.80,SAR,2025-05-31T14:14:48Z,approved,credit,5812
TXN-00833,4532XXXX1598,CUST-1026,Makkah Hotel,1995.09,SAR,2025-05-21T16:44:38Z,approved,debit,7011
TXN-00834,4532XXXX2426,CUST-1183,Makkah Hotel,4668.16,SAR,2025-01-09T13:11:40Z,approved,debit,7011
TXN-00835,4532XXXX1368,CUST-1012,Noon.com,9886.47,SAR,2025-03-02T16:15:57Z,approved,credit,5311
TXN-00836,4532XXXX5695,CUST-1080,Ceer Motors,4816.60,USD,2025-02-07T09:19:39Z,approved,credit,5511
TXN-00837,4532XXXX5483,CUST-1082,Nahdi Pharmacy,4093.45,SAR,2025-01-31T13:59:04Z,approved,debit,5912
TXN-00838,4532XXXX6218,CUST-1160,PlayStation Store,3102.63,SAR,2025-03-10T00:36:03Z,approved,debit,5816
TXN-00839,4532XXXX6549,CUST-1181,Apple Store,2573.27,SAR,2025-03-02T11:07:28Z,approved,debit,5045
TXN-00840,4532XXXX2735,CUST-1013,Namshi Fashion,13549.87,SAR,2025-01-10T19:08:31Z,approved,debit,5651
TXN-00841,4532XXXX8304,CUST-1023,H&M Saudi,10571.64,SAR,2025-06-23T01:38:48Z,approved,debit,5651
TXN-00842,4532XXXX9740,CUST-1080,Booking.com,10694.92,USD,2025-05-11T06:28:55Z,approved,credit,7011
TXN-00843,4532XXXX8672,CUST-1196,Nana Grocery,1398.28,SAR,2025-06-05T19:13:27Z,approved,debit,5411
TXN-00844,4532XXXX4666,CUST-1080,Tawuniya Insurance,6983.62,SAR,2025-02-14T23:46:23Z,approved,credit,6300
TXN-00845,4532XXXX6412,CUST-1067,Saudi Airlines,10495.72,SAR,2025-05-10T03:57:58Z,approved,debit,3000
TXN-00846,4532XXXX8556,CUST-1125,STC Pay TopUp,1697.74,SAR,2025-04-03T22:40:49Z,approved,debit,4814
TXN-00847,4532XXXX7646,CUST-1197,Danube Online,1915.27,SAR,2025-01-20T23:41:55Z,declined,debit,5411
TXN-00848,4532XXXX8552,CUST-1084,PlayStation Store,11887.50,SAR,2025-04-14T10:46:27Z,approved,credit,5816
TXN-00849,4532XXXX7288,CUST-1106,Hunger Station,8221.50,SAR,2025-04-04T16:01:43Z,approved,debit,5812
TXN-00850,4532XXXX6606,CUST-1054,Whites Pharmacy,14703.18,SAR,2025-04-21T03:23:44Z,approved,credit,5912
TXN-00851,4532XXXX8972,CUST-1061,Tamimi Markets,1173.03,SAR,2025-05-19T05:44:08Z,approved,credit,5411
TXN-00852,4532XXXX3886,CUST-1153,Nana Grocery,1469.32,SAR,2025-03-28T10:51:28Z,approved,debit,5411
TXN-00853,4532XXXX7208,CUST-1018,HyperPanda,12211.93,SAR,2025-05-30T18:43:14Z,approved,credit,5411
TXN-00854,4532XXXX1003,CUST-1166,Amazon.sa,12256.42,SAR,2025-06-22T06:56:18Z,pending,debit,5311
TXN-00855,4532XXXX8326,CUST-1170,Careem Rides,4376.09,SAR,2025-04-30T12:46:27Z,approved,debit,4121
TXN-00856,4532XXXX5989,CUST-1175,Mobily Recharge,11916.23,SAR,2025-05-12T22:58:26Z,approved,credit,4814
TXN-00857,4532XXXX7622,CUST-1089,Al Baik Restaurant,9174.30,SAR,2025-04-10T02:44:51Z,approved,debit,5812
TXN-00858,4532XXXX6885,CUST-1016,Saudi Airlines,14518.65,AED,2025-01-01T03:55:48Z,approved,debit,3000
TXN-00859,4532XXXX6212,CUST-1008,Hunger Station,8854.51,SAR,2025-05-02T09:42:35Z,declined,debit,5812
TXN-00860,4532XXXX8780,CUST-1104,Shell Petrol,3172.19,SAR,2025-02-03T16:08:58Z,approved,debit,5541
TXN-00861,4532XXXX3527,CUST-1143,Shell Petrol,5407.52,USD,2025-03-23T00:27:30Z,approved,credit,5541
TXN-00862,4532XXXX8974,CUST-1033,Namshi Fashion,9727.60,SAR,2025-01-28T23:04:10Z,declined,debit,5651
TXN-00863,4532XXXX8471,CUST-1035,Al Baik Restaurant,12090.09,SAR,2025-06-17T00:36:08Z,declined,credit,5812
TXN-00864,4532XXXX8373,CUST-1109,Riyadh Season,7643.68,SAR,2025-04-18T04:44:22Z,approved,debit,7922
TXN-00865,4532XXXX4878,CUST-1058,Tamimi Markets,116.41,SAR,2025-04-07T17:34:46Z,declined,credit,5411
TXN-00866,4532XXXX1620,CUST-1069,Starbucks SA,8647.40,AED,2025-01-07T11:56:37Z,approved,credit,5814
TXN-00867,4532XXXX2311,CUST-1181,Saudi Airlines,7225.59,SAR,2025-05-15T01:57:01Z,approved,credit,3000
TXN-00868,4532XXXX5578,CUST-1188,Makkah Hotel,14755.11,GBP,2025-06-01T05:47:47Z,approved,credit,7011
TXN-00869,4532XXXX2279,CUST-1021,Makkah Hotel,1331.25,USD,2025-04-02T17:47:02Z,declined,credit,7011
TXN-00870,4532XXXX9765,CUST-1139,Whites Pharmacy,796.35,SAR,2025-03-08T17:02:28Z,pending,debit,5912
TXN-00871,4532XXXX6431,CUST-1121,Nana Grocery,7041.14,SAR,2025-05-23T11:49:25Z,approved,debit,5411
TXN-00872,4532XXXX5981,CUST-1076,Apple Store,10427.29,SAR,2025-04-27T01:11:16Z,pending,credit,5045
TXN-00873,4532XXXX1845,CUST-1067,Amazon.sa,8674.23,SAR,2025-04-22T05:43:15Z,declined,debit,5311
TXN-00874,4532XXXX9283,CUST-1189,Riyadh Season,7273.98,SAR,2025-01-25T15:01:48Z,approved,debit,7922
TXN-00875,4532XXXX1232,CUST-1065,Namshi Fashion,4131.88,SAR,2025-02-19T21:30:01Z,pending,debit,5651
TXN-00876,4532XXXX8317,CUST-1155,Tamimi Markets,11085.81,AED,2025-05-08T23:53:16Z,approved,debit,5411
TXN-00877,4532XXXX1542,CUST-1067,Hunger Station,11991.58,SAR,2025-06-17T09:16:42Z,approved,debit,5812
TXN-00878,4532XXXX7765,CUST-1038,HyperPanda,2316.48,AED,2025-04-07T07:17:11Z,pending,debit,5411
TXN-00879,4532XXXX6653,CUST-1061,Nahdi Pharmacy,2513.41,SAR,2025-04-23T04:32:40Z,approved,credit,5912
TXN-00880,4532XXXX5937,CUST-1068,SABB ATM,6962.90,SAR,2025-04-03T11:24:06Z,approved,credit,6011
TXN-00881,4532XXXX8775,CUST-1193,Zain Telecom,10254.23,SAR,2025-03-17T17:51:36Z,approved,debit,4814
TXN-00882,4532XXXX7258,CUST-1136,H&M Saudi,13908.70,SAR,2025-03-29T03:39:20Z,declined,debit,5651
TXN-00883,4532XXXX8074,CUST-1136,Panda Supermarket,7971.74,SAR,2025-03-10T16:57:30Z,approved,credit,5411
TXN-00884,4532XXXX7408,CUST-1070,Booking.com,12035.73,SAR,2025-02-19T13:59:20Z,approved,credit,7011
TXN-00885,4532XXXX9518,CUST-1173,Hunger Station,8832.92,SAR,2025-02-07T20:25:10Z,approved,credit,5812
TXN-00886,4532XXXX2113,CUST-1177,Tamimi Markets,163.62,SAR,2025-01-02T15:30:06Z,approved,debit,5411
TXN-00887,4532XXXX5641,CUST-1026,Makkah Hotel,6691.90,SAR,2025-02-12T14:33:15Z,approved,debit,7011
TXN-00888,4532XXXX4552,CUST-1009,STC Pay TopUp,857.94,SAR,2025-04-26T08:53:11Z,approved,credit,4814
TXN-00889,4532XXXX4027,CUST-1032,SABB ATM,9072.26,SAR,2025-03-15T00:05:35Z,approved,credit,6011
TXN-00890,4532XXXX8429,CUST-1048,Flynas Airline,9908.87,SAR,2025-01-15T16:51:13Z,approved,credit,3000
TXN-00891,4532XXXX2022,CUST-1110,Mobily Recharge,11712.07,SAR,2025-02-23T20:15:11Z,approved,debit,4814
TXN-00892,4532XXXX8218,CUST-1086,Amazon.sa,12192.95,SAR,2025-02-04T13:12:41Z,approved,credit,5311
TXN-00893,4532XXXX3357,CUST-1052,Riyadh Season,9684.02,SAR,2025-01-22T01:19:21Z,approved,credit,7922
TXN-00894,4532XXXX5243,CUST-1111,Spotify,1598.21,SAR,2025-03-27T17:55:11Z,approved,debit,4899
TXN-00895,4532XXXX1307,CUST-1019,Uber Rides,3762.69,SAR,2025-03-28T13:57:39Z,approved,debit,4121
TXN-00896,4532XXXX5365,CUST-1168,Ceer Motors,572.35,SAR,2025-03-17T19:47:11Z,approved,credit,5511
TXN-00897,4532XXXX9039,CUST-1085,Zara SA,7733.17,SAR,2025-05-30T17:04:36Z,approved,debit,5651
TXN-00898,4532XXXX8898,CUST-1104,Uber Rides,54.59,SAR,2025-05-14T20:11:25Z,approved,credit,4121
TXN-00899,4532XXXX2485,CUST-1138,Danube Online,4545.91,SAR,2025-01-11T17:13:32Z,approved,credit,5411
TXN-00900,4532XXXX4327,CUST-1088,Al Baik Restaurant,11407.99,USD,2025-02-26T07:18:19Z,approved,credit,5812
TXN-00901,4532XXXX2749,CUST-1011,Shell Petrol,4486.56,SAR,2025-03-17T18:01:11Z,declined,credit,5541
TXN-00902,4532XXXX4104,CUST-1092,Aramex Shipping,9493.71,SAR,2025-05-23T18:51:32Z,approved,debit,4215
TXN-00903,4532XXXX7369,CUST-1050,STC Pay TopUp,8896.22,SAR,2025-04-05T23:59:20Z,approved,credit,4814
TXN-00904,4532XXXX8361,CUST-1165,Alshaya Group,14474.48,SAR,2025-06-07T15:09:36Z,approved,debit,5311
TXN-00905,4532XXXX2936,CUST-1087,Amazon.sa,10816.57,SAR,2025-03-20T17:48:12Z,approved,credit,5311
TXN-00906,4532XXXX9791,CUST-1171,Makkah Hotel,10172.78,SAR,2025-06-19T18:19:31Z,approved,credit,7011
TXN-00907,4532XXXX9010,CUST-1149,IKEA Saudi,557.98,AED,2025-01-28T11:51:33Z,declined,debit,5712
TXN-00908,4532XXXX1235,CUST-1121,Riyadh Season,10520.95,SAR,2025-01-26T08:20:59Z,approved,credit,7922
TXN-00909,4532XXXX3796,CUST-1013,Alshaya Group,1463.90,USD,2025-04-29T16:31:08Z,approved,debit,5311
TXN-00910,4532XXXX2033,CUST-1028,SABB ATM,11988.63,SAR,2025-02-12T19:56:32Z,approved,debit,6011
TXN-00911,4532XXXX9943,CUST-1087,Zara SA,14637.92,SAR,2025-04-22T20:12:02Z,approved,debit,5651
TXN-00912,4532XXXX5487,CUST-1055,Panda Supermarket,5035.88,SAR,2025-01-24T10:42:53Z,approved,credit,5411
TXN-00913,4532XXXX4991,CUST-1107,Extra Electronics,8303.35,SAR,2025-03-27T04:18:33Z,approved,debit,5732
TXN-00914,4532XXXX3584,CUST-1035,Noon.com,9484.76,SAR,2025-03-15T00:53:51Z,approved,credit,5311
TXN-00915,4532XXXX5648,CUST-1021,Jarir Bookstore,13892.42,SAR,2025-05-18T05:39:10Z,approved,credit,5942
TXN-00916,4532XXXX5439,CUST-1198,Talabat Food,3096.37,SAR,2025-05-05T05:48:14Z,approved,debit,5812
TXN-00917,4532XXXX3949,CUST-1106,Hunger Station,9160.02,AED,2025-01-08T07:19:39Z,declined,credit,5812
TXN-00918,4532XXXX7861,CUST-1157,Al Baik Restaurant,11739.83,SAR,2025-03-09T13:06:54Z,approved,credit,5812
TXN-00919,4532XXXX6929,CUST-1061,Netflix,7955.33,SAR,2025-01-19T13:55:08Z,pending,credit,4899
TXN-00920,4532XXXX5528,CUST-1130,IKEA Saudi,9398.83,SAR,2025-02-10T09:51:24Z,approved,debit,5712
TXN-00921,4532XXXX9151,CUST-1029,Careem Rides,14528.76,SAR,2025-04-03T02:55:26Z,approved,debit,4121
TXN-00922,4532XXXX8121,CUST-1172,Panda Supermarket,5466.08,SAR,2025-02-10T16:45:32Z,approved,debit,5411
TXN-00923,4532XXXX9804,CUST-1158,Nana Grocery,11107.55,SAR,2025-06-29T14:09:58Z,approved,debit,5411
TXN-00924,4532XXXX8287,CUST-1008,Aramex Shipping,1067.54,SAR,2025-02-15T16:34:36Z,approved,credit,4215
TXN-00925,4532XXXX4769,CUST-1084,Starbucks SA,10154.40,SAR,2025-03-05T05:48:06Z,pending,debit,5814
TXN-00926,4532XXXX4276,CUST-1084,IKEA Saudi,11067.53,SAR,2025-06-18T21:57:50Z,approved,debit,5712
TXN-00927,4532XXXX3374,CUST-1019,Talabat Food,819.82,SAR,2025-03-26T15:16:42Z,approved,credit,5812
TXN-00928,4532XXXX4181,CUST-1117,Tamimi Markets,2050.39,SAR,2025-05-20T18:36:36Z,declined,debit,5411
TXN-00929,4532XXXX1977,CUST-1070,Netflix,486.26,SAR,2025-04-21T10:10:29Z,approved,debit,4899
TXN-00930,4532XXXX4602,CUST-1029,Nana Grocery,2572.16,SAR,2025-03-08T17:10:48Z,approved,credit,5411
TXN-00931,4532XXXX4763,CUST-1041,Ceer Motors,13584.14,EUR,2025-04-23T06:14:28Z,approved,debit,5511
TXN-00932,4532XXXX8581,CUST-1134,Aramex Shipping,3250.56,USD,2025-04-02T22:37:07Z,approved,debit,4215
TXN-00933,4532XXXX8114,CUST-1187,H&M Saudi,3703.58,SAR,2025-03-05T13:18:34Z,approved,debit,5651
TXN-00934,4532XXXX1724,CUST-1152,Careem Rides,13474.29,AED,2025-03-23T02:57:28Z,approved,credit,4121
TXN-00935,4532XXXX2605,CUST-1188,Al Rajhi ATM,7969.17,SAR,2025-04-04T01:33:25Z,approved,credit,6011
TXN-00936,4532XXXX7662,CUST-1062,Al Baik Restaurant,191.28,SAR,2025-05-23T02:22:16Z,approved,debit,5812
TXN-00937,4532XXXX8860,CUST-1092,Apple Store,14984.28,SAR,2025-01-04T02:14:23Z,declined,debit,5045
TXN-00938,4532XXXX8452,CUST-1042,Nana Grocery,11210.56,USD,2025-01-05T17:46:30Z,approved,credit,5411
TXN-00939,4532XXXX8607,CUST-1036,Zara SA,13073.92,SAR,2025-05-02T17:09:02Z,declined,credit,5651
TXN-00940,4532XXXX9698,CUST-1001,Ceer Motors,13402.05,SAR,2025-03-06T15:27:18Z,approved,debit,5511
TXN-00941,4532XXXX4393,CUST-1110,Lulu Hypermarket,9189.46,SAR,2025-04-22T16:45:47Z,declined,debit,5411
TXN-00942,4532XXXX6963,CUST-1159,Booking.com,826.90,SAR,2025-06-26T16:55:35Z,approved,debit,7011
TXN-00943,4532XXXX3871,CUST-1099,Saudi Airlines,617.91,SAR,2025-03-13T03:42:05Z,declined,credit,3000
TXN-00944,4532XXXX6487,CUST-1181,Uber Rides,11604.76,SAR,2025-01-27T21:01:04Z,approved,credit,4121
TXN-00945,4532XXXX4437,CUST-1030,Tawuniya Insurance,14087.52,SAR,2025-04-23T15:33:08Z,pending,credit,6300
TXN-00946,4532XXXX7929,CUST-1195,IKEA Saudi,13469.51,SAR,2025-04-08T18:47:15Z,approved,debit,5712
TXN-00947,4532XXXX3010,CUST-1017,Saudi Airlines,7295.97,SAR,2025-04-13T06:31:07Z,approved,credit,3000
TXN-00948,4532XXXX2075,CUST-1137,Zain Telecom,6782.42,USD,2025-03-13T11:41:02Z,approved,debit,4814
TXN-00949,4532XXXX2791,CUST-1023,Al Baik Restaurant,2686.28,SAR,2025-01-15T22:36:01Z,approved,debit,5812
TXN-00950,4532XXXX1371,CUST-1029,Careem Rides,13125.52,SAR,2025-04-12T02:34:48Z,approved,debit,4121
TXN-00951,4532XXXX8272,CUST-1175,Zain Telecom,7111.20,AED,2025-03-23T13:56:51Z,pending,credit,4814
TXN-00952,4532XXXX4806,CUST-1006,Apple Store,335.44,SAR,2025-06-05T17:32:24Z,approved,credit,5045
TXN-00953,4532XXXX6346,CUST-1086,Starbucks SA,9838.13,SAR,2025-06-02T18:52:02Z,approved,credit,5814
TXN-00954,4532XXXX3161,CUST-1171,Makkah Hotel,6681.62,USD,2025-03-01T01:07:35Z,approved,debit,7011
TXN-00955,4532XXXX1775,CUST-1067,IKEA Saudi,14561.01,SAR,2025-05-30T11:17:37Z,approved,debit,5712
TXN-00956,4532XXXX9770,CUST-1073,Nana Grocery,9281.36,EUR,2025-02-01T05:20:06Z,approved,debit,5411
TXN-00957,4532XXXX3072,CUST-1045,Careem Rides,1758.18,SAR,2025-03-03T11:35:00Z,approved,debit,4121
TXN-00958,4532XXXX6192,CUST-1095,Tamimi Markets,10608.48,SAR,2025-05-10T05:42:11Z,approved,debit,5411
TXN-00959,4532XXXX2990,CUST-1096,Nahdi Pharmacy,2443.15,SAR,2025-02-28T13:22:13Z,approved,debit,5912
TXN-00960,4532XXXX1070,CUST-1128,Careem Rides,13917.53,AED,2025-01-31T07:15:39Z,pending,credit,4121
TXN-00961,4532XXXX5748,CUST-1130,Booking.com,4436.88,SAR,2025-06-23T23:33:27Z,pending,credit,7011
TXN-00962,4532XXXX8243,CUST-1171,Careem Rides,10929.51,SAR,2025-06-29T02:11:33Z,approved,credit,4121
TXN-00963,4532XXXX2914,CUST-1029,Talabat Food,2095.65,AED,2025-04-17T23:39:34Z,approved,debit,5812
TXN-00964,4532XXXX6347,CUST-1103,Riyadh Season,6692.36,USD,2025-01-18T22:59:35Z,approved,credit,7922
TXN-00965,4532XXXX5553,CUST-1165,Netflix,3336.05,SAR,2025-05-29T22:55:20Z,approved,debit,4899
TXN-00966,4532XXXX9385,CUST-1022,Zain Telecom,10157.57,USD,2025-01-17T23:12:21Z,approved,debit,4814
TXN-00967,4532XXXX6915,CUST-1126,Mobily Recharge,7675.78,SAR,2025-01-11T21:12:02Z,approved,debit,4814
TXN-00968,4532XXXX6651,CUST-1184,H&M Saudi,5595.60,SAR,2025-02-25T06:34:00Z,approved,debit,5651
TXN-00969,4532XXXX7809,CUST-1115,PlayStation Store,10919.16,SAR,2025-03-28T06:13:00Z,approved,debit,5816
TXN-00970,4532XXXX2410,CUST-1042,H&M Saudi,6215.84,SAR,2025-06-12T05:45:57Z,approved,debit,5651
TXN-00971,4532XXXX2083,CUST-1078,Talabat Food,7881.89,GBP,2025-03-07T03:09:19Z,approved,credit,5812
TXN-00972,4532XXXX7791,CUST-1097,Al Baik Restaurant,9583.90,SAR,2025-02-23T01:48:17Z,approved,credit,5812
TXN-00973,4532XXXX7254,CUST-1119,Shein SA,2058.22,SAR,2025-02-06T02:51:09Z,approved,credit,5311
TXN-00974,4532XXXX5979,CUST-1126,Panda Supermarket,4533.38,USD,2025-04-24T15:16:05Z,approved,credit,5411
TXN-00975,4532XXXX5303,CUST-1190,Nana Grocery,11869.34,SAR,2025-01-30T21:48:13Z,approved,credit,5411
TXN-00976,4532XXXX7834,CUST-1163,Talabat Food,9990.37,SAR,2025-02-25T20:43:41Z,approved,credit,5812
TXN-00977,4532XXXX9078,CUST-1177,Tawuniya Insurance,1794.72,SAR,2025-02-23T19:55:30Z,approved,credit,6300
TXN-00978,4532XXXX5225,CUST-1191,Saudi Airlines,8485.79,SAR,2025-06-18T14:47:07Z,declined,credit,3000
TXN-00979,4532XXXX5252,CUST-1122,SABB ATM,10995.69,SAR,2025-01-04T09:45:57Z,approved,credit,6011
TXN-00980,4532XXXX6855,CUST-1015,Careem Rides,13175.37,SAR,2025-01-27T07:27:49Z,approved,debit,4121
TXN-00981,4532XXXX1798,CUST-1070,Saudi Airlines,13682.01,SAR,2025-03-11T03:00:25Z,approved,debit,3000
TXN-00982,4532XXXX4002,CUST-1136,Ceer Motors,7710.43,AED,2025-05-29T19:52:50Z,pending,debit,5511
TXN-00983,4532XXXX5932,CUST-1154,Extra Electronics,13087.28,SAR,2025-06-10T13:16:11Z,approved,credit,5732
TXN-00984,4532XXXX3354,CUST-1179,Saudi Airlines,8702.80,SAR,2025-06-09T20:55:30Z,approved,debit,3000
TXN-00985,4532XXXX3671,CUST-1133,Apple Store,7276.06,SAR,2025-03-08T01:58:26Z,approved,debit,5045
TXN-00986,4532XXXX9612,CUST-1040,Al Rajhi ATM,2830.31,SAR,2025-06-24T04:35:14Z,approved,credit,6011
TXN-00987,4532XXXX3150,CUST-1142,SABB ATM,13740.89,SAR,2025-01-23T15:14:07Z,approved,credit,6011
TXN-00988,4532XXXX9570,CUST-1090,Alshaya Group,2089.51,SAR,2025-03-27T19:34:47Z,pending,debit,5311
TXN-00989,4532XXXX3108,CUST-1045,Alshaya Group,12219.54,SAR,2025-02-13T04:15:45Z,declined,debit,5311
TXN-00990,4532XXXX7960,CUST-1177,IKEA Saudi,3151.57,SAR,2025-01-16T06:19:32Z,declined,credit,5712
TXN-00991,4532XXXX1696,CUST-1029,Uber Rides,7266.40,SAR,2025-03-25T17:45:32Z,approved,debit,4121
TXN-00992,4532XXXX5145,CUST-1009,Al Rajhi ATM,7038.89,SAR,2025-06-26T10:03:12Z,approved,debit,6011
TXN-00993,4532XXXX4365,CUST-1078,Jarir Bookstore,11736.65,SAR,2025-06-28T15:58:04Z,approved,debit,5942
TXN-00994,4532XXXX5544,CUST-1048,Danube Online,2187.63,SAR,2025-05-25T21:32:05Z,approved,debit,5411
TXN-00995,4532XXXX4962,CUST-1091,Extra Electronics,11713.13,USD,2025-04-30T00:35:02Z,approved,credit,5732
TXN-00996,4532XXXX4555,CUST-1018,Noon.com,11449.84,USD,2025-04-13T16:34:01Z,declined,debit,5311
TXN-00997,4532XXXX2616,CUST-1073,Extra Electronics,8059.21,AED,2025-05-21T20:22:22Z,approved,credit,5732
TXN-00998,4532XXXX2758,CUST-1182,Talabat Food,8842.76,SAR,2025-03-27T08:59:28Z,approved,debit,5812
TXN-00999,4532XXXX6149,CUST-1098,H&M Saudi,3417.18,SAR,2025-01-22T21:53:52Z,approved,debit,5651
TXN-01000,4532XXXX5723,CUST-1029,Makkah Hotel,11435.29,SAR,2025-05-17T20:17:02Z,approved,credit,7011
TXN-01001,4532XXXX8486,CUST-1011,Al Baik Restaurant,1740.26,SAR,2025-02-25T01:43:30Z,approved,credit,5812
TXN-01002,4532XXXX8011,CUST-1080,Nahdi Pharmacy,6112.20,SAR,2025-06-16T02:17:34Z,approved,debit,5912
TXN-01003,4532XXXX2723,CUST-1122,Saudi Airlines,14980.86,SAR,2025-04-06T11:14:50Z,approved,debit,3000
TXN-01004,4532XXXX2666,CUST-1134,Al Baik Restaurant,5925.20,SAR,2025-05-15T23:06:27Z,pending,debit,5812
TXN-01005,4532XXXX7623,CUST-1017,Saudi Airlines,5082.78,EUR,2025-04-26T12:43:06Z,approved,debit,3000
TXN-01006,4532XXXX5472,CUST-1109,Aramex Shipping,10703.84,SAR,2025-04-23T23:56:14Z,pending,credit,4215
TXN-01007,4532XXXX8938,CUST-1103,Danube Online,9049.47,SAR,2025-03-20T12:50:37Z,approved,debit,5411
TXN-01008,4532XXXX4781,CUST-1038,Nana Grocery,3764.09,SAR,2025-04-07T13:27:49Z,declined,debit,5411
TXN-01009,4532XXXX1438,CUST-1008,Noon.com,12455.54,SAR,2025-04-07T17:28:36Z,approved,debit,5311
TXN-01010,4532XXXX2253,CUST-1155,Mobily Recharge,9331.39,SAR,2025-01-19T16:56:50Z,declined,credit,4814
TXN-01011,4532XXXX9157,CUST-1134,Aramex Shipping,3032.97,SAR,2025-05-09T13:34:41Z,approved,credit,4215
TXN-01012,4532XXXX1289,CUST-1067,Zain Telecom,12895.79,SAR,2025-04-17T03:26:02Z,pending,debit,4814
TXN-01013,4532XXXX8250,CUST-1111,SABB ATM,4721.82,SAR,2025-03-15T01:51:19Z,approved,debit,6011
TXN-01014,4532XXXX3689,CUST-1009,Tamimi Markets,12906.11,SAR,2025-02-28T20:17:24Z,approved,debit,5411
TXN-01015,4532XXXX9037,CUST-1035,Alshaya Group,7314.39,SAR,2025-01-22T05:45:25Z,declined,credit,5311
TXN-01016,4532XXXX3560,CUST-1176,Zain Telecom,7141.29,SAR,2025-06-15T21:33:59Z,approved,debit,4814
TXN-01017,4532XXXX6779,CUST-1101,Flynas Airline,14563.21,SAR,2025-04-30T19:08:50Z,pending,debit,3000
TXN-01018,4532XXXX7003,CUST-1083,Amazon.sa,681.55,SAR,2025-06-12T12:23:45Z,approved,credit,5311
TXN-01019,4532XXXX2594,CUST-1150,STC Pay TopUp,9379.17,SAR,2025-03-15T21:36:01Z,approved,debit,4814
TXN-01020,4532XXXX4844,CUST-1092,Starbucks SA,9920.29,SAR,2025-02-18T01:57:52Z,declined,debit,5814
TXN-01021,4532XXXX2875,CUST-1152,Al Baik Restaurant,987.18,AED,2025-03-01T04:59:42Z,approved,debit,5812
TXN-01022,4532XXXX7921,CUST-1006,Zain Telecom,6916.34,SAR,2025-06-17T15:35:20Z,approved,credit,4814
TXN-01023,4532XXXX6185,CUST-1108,Lulu Hypermarket,7048.15,SAR,2025-01-05T07:37:45Z,approved,credit,5411
TXN-01024,4532XXXX4373,CUST-1100,Mobily Recharge,12125.86,SAR,2025-01-20T10:17:52Z,approved,credit,4814
TXN-01025,4532XXXX4305,CUST-1129,Booking.com,4496.32,SAR,2025-03-26T15:51:57Z,approved,credit,7011
TXN-01026,4532XXXX7586,CUST-1020,Zain Telecom,3981.00,SAR,2025-02-27T17:36:46Z,approved,credit,4814
TXN-01027,4532XXXX6518,CUST-1191,Al Baik Restaurant,8675.01,SAR,2025-04-25T22:17:21Z,approved,debit,5812
TXN-01028,4532XXXX2256,CUST-1146,Makkah Hotel,3150.04,SAR,2025-06-04T12:00:21Z,declined,debit,7011
TXN-01029,4532XXXX7788,CUST-1130,Alshaya Group,8101.51,SAR,2025-02-08T20:25:34Z,approved,debit,5311
TXN-01030,4532XXXX1304,CUST-1160,Al Rajhi ATM,11452.82,SAR,2025-02-05T01:39:39Z,declined,credit,6011
TXN-01031,4532XXXX8656,CUST-1133,Tamimi Markets,3198.23,SAR,2025-06-09T23:41:22Z,approved,credit,5411
TXN-01032,4532XXXX1981,CUST-1137,Riyadh Season,13603.00,USD,2025-04-20T22:17:37Z,approved,debit,7922
TXN-01033,4532XXXX5919,CUST-1094,Nana Grocery,2261.34,SAR,2025-05-14T01:45:37Z,approved,debit,5411
TXN-01034,4532XXXX5702,CUST-1082,Uber Rides,12690.27,SAR,2025-02-21T20:00:22Z,declined,debit,4121
TXN-01035,4532XXXX4144,CUST-1066,HyperPanda,3581.06,SAR,2025-01-30T02:52:29Z,approved,debit,5411
TXN-01036,4532XXXX1606,CUST-1080,Nana Grocery,14869.44,SAR,2025-03-23T22:45:06Z,approved,debit,5411
TXN-01037,4532XXXX3883,CUST-1070,Namshi Fashion,11846.10,SAR,2025-02-23T22:30:40Z,declined,debit,5651
TXN-01038,4532XXXX2375,CUST-1185,Aramex Shipping,834.63,SAR,2025-06-24T02:01:06Z,approved,credit,4215
TXN-01039,4532XXXX2479,CUST-1077,Uber Rides,6108.07,AED,2025-03-12T13:43:34Z,approved,credit,4121
TXN-01040,4532XXXX9551,CUST-1036,Hunger Station,11018.53,SAR,2025-01-24T10:14:07Z,declined,credit,5812
TXN-01041,4532XXXX3003,CUST-1199,Makkah Hotel,13269.05,SAR,2025-02-16T05:31:06Z,pending,debit,7011
TXN-01042,4532XXXX4865,CUST-1085,Whites Pharmacy,12088.59,SAR,2025-05-25T11:06:00Z,approved,debit,5912
TXN-01043,4532XXXX7690,CUST-1037,Noon.com,14549.00,SAR,2025-03-27T08:06:13Z,approved,credit,5311
TXN-01044,4532XXXX6185,CUST-1015,Aramex Shipping,10495.77,SAR,2025-01-22T22:26:16Z,approved,debit,4215
TXN-01045,4532XXXX6947,CUST-1122,Hunger Station,13192.11,EUR,2025-01-29T03:20:12Z,approved,credit,5812
TXN-01046,4532XXXX1570,CUST-1095,Alshaya Group,14502.24,SAR,2025-04-28T15:18:04Z,pending,credit,5311
TXN-01047,4532XXXX6945,CUST-1014,Hunger Station,5773.43,SAR,2025-05-05T01:43:06Z,declined,debit,5812
TXN-01048,4532XXXX7438,CUST-1137,Hunger Station,5830.12,USD,2025-06-26T15:55:28Z,approved,debit,5812
TXN-01049,4532XXXX8190,CUST-1024,Hunger Station,12891.95,SAR,2025-02-01T02:42:46Z,declined,debit,5812
TXN-01050,4532XXXX2312,CUST-1197,Tawuniya Insurance,513.06,SAR,2025-06-18T05:55:28Z,pending,credit,6300
TXN-01051,4532XXXX2644,CUST-1121,Starbucks SA,4994.17,AED,2025-03-24T00:22:05Z,approved,credit,5814
TXN-01052,4532XXXX9973,CUST-1067,Al Rajhi ATM,6315.95,SAR,2025-05-22T14:27:55Z,pending,debit,6011
TXN-01053,4532XXXX8264,CUST-1117,STC Pay TopUp,9622.39,SAR,2025-02-05T16:17:19Z,declined,debit,4814
TXN-01054,4532XXXX2347,CUST-1001,Zara SA,4586.69,SAR,2025-04-22T19:27:57Z,approved,debit,5651
TXN-01055,4532XXXX3131,CUST-1064,Makkah Hotel,11515.27,SAR,2025-05-07T01:24:02Z,approved,credit,7011
TXN-01056,4532XXXX5270,CUST-1106,Mobily Recharge,13103.22,SAR,2025-01-26T22:12:02Z,approved,credit,4814
TXN-01057,4532XXXX7022,CUST-1152,Mobily Recharge,2983.96,SAR,2025-03-22T11:41:36Z,approved,debit,4814
TXN-01058,4532XXXX4747,CUST-1097,Shein SA,14221.90,SAR,2025-06-29T06:00:55Z,approved,debit,5311
TXN-01059,4532XXXX8027,CUST-1051,Flynas Airline,2535.50,SAR,2025-03-19T20:57:29Z,approved,debit,3000
TXN-01060,4532XXXX2922,CUST-1039,Al Baik Restaurant,2555.99,EUR,2025-04-21T03:32:36Z,approved,credit,5812
TXN-01061,4532XXXX9096,CUST-1135,H&M Saudi,13924.63,SAR,2025-06-10T15:17:56Z,approved,debit,5651
TXN-01062,4532XXXX5361,CUST-1183,Spotify,12929.74,SAR,2025-06-01T20:57:08Z,approved,credit,4899
TXN-01063,4532XXXX4531,CUST-1127,Shell Petrol,12845.78,SAR,2025-04-27T12:35:18Z,approved,credit,5541
TXN-01064,4532XXXX1471,CUST-1174,Netflix,6130.82,SAR,2025-01-29T08:08:34Z,approved,debit,4899
TXN-01065,4532XXXX8506,CUST-1061,Riyadh Season,3728.53,SAR,2025-04-24T04:31:30Z,approved,debit,7922
TXN-01066,4532XXXX4476,CUST-1121,Namshi Fashion,14616.12,USD,2025-03-19T04:44:21Z,declined,debit,5651
TXN-01067,4532XXXX1962,CUST-1182,H&M Saudi,3847.10,SAR,2025-01-19T12:02:03Z,approved,debit,5651
TXN-01068,4532XXXX1745,CUST-1061,Talabat Food,14951.11,AED,2025-05-11T06:06:54Z,approved,debit,5812
TXN-01069,4532XXXX7076,CUST-1130,Riyadh Season,14662.97,SAR,2025-05-11T08:18:27Z,approved,credit,7922
TXN-01070,4532XXXX6557,CUST-1011,Whites Pharmacy,2552.15,SAR,2025-04-06T16:48:00Z,approved,debit,5912
TXN-01071,4532XXXX2914,CUST-1023,Mobily Recharge,6496.78,SAR,2025-02-20T13:34:47Z,approved,debit,4814
TXN-01072,4532XXXX6907,CUST-1033,Aramex Shipping,12522.89,USD,2025-05-26T05:06:34Z,approved,debit,4215
TXN-01073,4532XXXX6128,CUST-1068,Riyadh Season,13901.12,USD,2025-04-11T09:16:02Z,approved,debit,7922
TXN-01074,4532XXXX8208,CUST-1081,Aramex Shipping,2273.21,SAR,2025-06-15T15:25:29Z,approved,debit,4215
TXN-01075,4532XXXX3679,CUST-1039,Amazon.sa,542.75,SAR,2025-02-20T12:43:53Z,declined,debit,5311
TXN-01076,4532XXXX8233,CUST-1112,SABB ATM,13908.46,GBP,2025-01-08T22:06:11Z,approved,credit,6011
TXN-01077,4532XXXX3425,CUST-1144,Aramex Shipping,1691.80,SAR,2025-05-20T18:20:35Z,approved,debit,4215
TXN-01078,4532XXXX9335,CUST-1024,Spotify,2713.92,USD,2025-02-02T16:18:41Z,approved,credit,4899
TXN-01079,4532XXXX9618,CUST-1170,Whites Pharmacy,14970.08,SAR,2025-01-01T19:13:38Z,pending,credit,5912
TXN-01080,4532XXXX2545,CUST-1047,Starbucks SA,3696.13,AED,2025-04-07T17:21:52Z,approved,debit,5814
TXN-01081,4532XXXX6300,CUST-1073,SABB ATM,8857.13,SAR,2025-01-21T14:19:17Z,approved,debit,6011
TXN-01082,4532XXXX5412,CUST-1021,Nana Grocery,9894.79,USD,2025-03-30T04:03:07Z,approved,credit,5411
TXN-01083,4532XXXX6323,CUST-1002,Booking.com,9844.31,EUR,2025-03-29T23:36:30Z,pending,credit,7011
TXN-01084,4532XXXX5635,CUST-1146,Namshi Fashion,734.99,SAR,2025-05-05T23:35:54Z,approved,debit,5651
TXN-01085,4532XXXX7534,CUST-1191,Uber Rides,9036.36,SAR,2025-01-18T23:19:08Z,approved,debit,4121
TXN-01086,4532XXXX7365,CUST-1062,Zara SA,12785.93,SAR,2025-02-01T15:21:31Z,pending,debit,5651
TXN-01087,4532XXXX5891,CUST-1073,Tawuniya Insurance,9812.69,SAR,2025-01-24T10:02:45Z,approved,debit,6300
TXN-01088,4532XXXX2574,CUST-1189,Alshaya Group,9054.69,AED,2025-03-11T17:16:03Z,approved,credit,5311
TXN-01089,4532XXXX7931,CUST-1052,Aramex Shipping,5824.40,SAR,2025-02-22T03:12:16Z,approved,credit,4215
TXN-01090,4532XXXX2522,CUST-1109,Saudi Airlines,6514.42,SAR,2025-03-24T17:23:00Z,approved,credit,3000
TXN-01091,4532XXXX3540,CUST-1088,Nana Grocery,9715.92,SAR,2025-05-19T13:46:56Z,approved,credit,5411
TXN-01092,4532XXXX2297,CUST-1162,Tawuniya Insurance,4364.09,SAR,2025-03-26T22:13:28Z,approved,debit,6300
TXN-01093,4532XXXX9570,CUST-1039,Namshi Fashion,4509.63,SAR,2025-02-18T06:48:33Z,approved,debit,5651
TXN-01094,4532XXXX2763,CUST-1146,Amazon.sa,13759.94,SAR,2025-04-10T16:41:06Z,approved,debit,5311
TXN-01095,4532XXXX5151,CUST-1106,Noon.com,10806.05,SAR,2025-06-07T20:02:16Z,approved,debit,5311
TXN-01096,4532XXXX8583,CUST-1150,Al Baik Restaurant,248.95,SAR,2025-05-24T19:03:19Z,approved,debit,5812
TXN-01097,4532XXXX6143,CUST-1101,Panda Supermarket,13151.95,SAR,2025-02-27T19:08:16Z,approved,credit,5411
TXN-01098,4532XXXX4066,CUST-1117,Nahdi Pharmacy,3979.79,SAR,2025-06-28T06:42:42Z,approved,debit,5912
TXN-01099,4532XXXX9755,CUST-1021,HyperPanda,10102.76,SAR,2025-03-26T05:38:58Z,approved,debit,5411
TXN-01100,4532XXXX7637,CUST-1102,SABB ATM,9838.74,SAR,2025-03-31T08:30:54Z,declined,credit,6011
TXN-01101,4532XXXX6910,CUST-1155,Aramex Shipping,12197.92,SAR,2025-04-30T18:14:21Z,declined,credit,4215
TXN-01102,4532XXXX1227,CUST-1177,Zara SA,1319.09,USD,2025-01-27T05:40:35Z,approved,debit,5651
TXN-01103,4532XXXX3378,CUST-1005,Netflix,3142.40,USD,2025-05-06T22:48:11Z,declined,debit,4899
TXN-01104,4532XXXX5930,CUST-1112,Ceer Motors,8081.05,USD,2025-01-17T17:13:30Z,pending,debit,5511
TXN-01105,4532XXXX3497,CUST-1038,Talabat Food,1751.30,SAR,2025-06-25T05:33:37Z,pending,credit,5812
TXN-01106,4532XXXX4975,CUST-1114,Aramex Shipping,12897.65,SAR,2025-04-24T15:21:07Z,approved,debit,4215
TXN-01107,4532XXXX8074,CUST-1146,Zara SA,123.07,SAR,2025-05-03T09:55:22Z,approved,credit,5651
TXN-01108,4532XXXX1606,CUST-1189,Whites Pharmacy,8316.80,SAR,2025-02-26T11:06:27Z,approved,debit,5912
TXN-01109,4532XXXX8993,CUST-1125,Al Rajhi ATM,9174.37,SAR,2025-05-12T18:49:18Z,approved,credit,6011
TXN-01110,4532XXXX2040,CUST-1016,Makkah Hotel,8648.17,SAR,2025-04-18T10:21:30Z,approved,credit,7011
TXN-01111,4532XXXX6681,CUST-1107,Talabat Food,9342.34,SAR,2025-05-06T11:24:58Z,approved,credit,5812
TXN-01112,4532XXXX6633,CUST-1112,STC Pay TopUp,10894.51,SAR,2025-04-02T02:49:08Z,approved,debit,4814
TXN-01113,4532XXXX8675,CUST-1130,IKEA Saudi,10276.19,SAR,2025-06-28T23:35:57Z,approved,debit,5712
TXN-01114,4532XXXX6902,CUST-1186,Shell Petrol,12497.05,EUR,2025-05-11T16:54:26Z,approved,debit,5541
TXN-01115,4532XXXX8911,CUST-1160,Spotify,11240.07,SAR,2025-05-10T12:42:30Z,approved,debit,4899
TXN-01116,4532XXXX9089,CUST-1052,Extra Electronics,1518.05,SAR,2025-03-22T18:37:39Z,approved,debit,5732
TXN-01117,4532XXXX5273,CUST-1054,PlayStation Store,276.87,SAR,2025-06-21T01:19:12Z,approved,credit,5816
TXN-01118,4532XXXX2043,CUST-1041,Tamimi Markets,13417.39,USD,2025-01-07T04:59:27Z,approved,debit,5411
TXN-01119,4532XXXX5224,CUST-1030,Riyadh Season,8431.91,SAR,2025-04-05T10:37:35Z,approved,debit,7922
TXN-01120,4532XXXX3476,CUST-1197,Panda Supermarket,8357.55,SAR,2025-06-24T01:08:35Z,declined,credit,5411
TXN-01121,4532XXXX8489,CUST-1155,Noon.com,13899.85,SAR,2025-03-27T00:25:13Z,pending,debit,5311
TXN-01122,4532XXXX1687,CUST-1028,Riyadh Season,12876.52,SAR,2025-01-20T18:44:22Z,approved,debit,7922
TXN-01123,4532XXXX3572,CUST-1043,Ceer Motors,3084.77,SAR,2025-03-12T05:21:26Z,pending,debit,5511
TXN-01124,4532XXXX2626,CUST-1182,Nahdi Pharmacy,7478.37,SAR,2025-06-19T00:47:24Z,approved,credit,5912
TXN-01125,4532XXXX8194,CUST-1094,Booking.com,1849.14,USD,2025-02-09T04:52:37Z,approved,credit,7011
TXN-01126,4532XXXX5698,CUST-1197,Jarir Bookstore,12138.13,SAR,2025-03-08T06:40:00Z,approved,debit,5942
TXN-01127,4532XXXX5021,CUST-1022,Lulu Hypermarket,11323.90,SAR,2025-03-12T00:43:12Z,approved,credit,5411
TXN-01128,4532XXXX8025,CUST-1193,Makkah Hotel,3426.59,SAR,2025-06-05T16:30:46Z,approved,debit,7011
TXN-01129,4532XXXX8251,CUST-1118,Makkah Hotel,5429.81,SAR,2025-01-06T18:42:19Z,approved,credit,7011
TXN-01130,4532XXXX7580,CUST-1003,Makkah Hotel,1276.25,AED,2025-03-03T03:05:44Z,pending,debit,7011
TXN-01131,4532XXXX3473,CUST-1112,Amazon.sa,561.22,SAR,2025-06-29T03:14:58Z,approved,debit,5311
TXN-01132,4532XXXX5986,CUST-1162,Makkah Hotel,6292.48,EUR,2025-06-22T00:02:50Z,pending,credit,7011
TXN-01133,4532XXXX3406,CUST-1081,Danube Online,4200.31,SAR,2025-04-13T11:41:15Z,declined,debit,5411
TXN-01134,4532XXXX8244,CUST-1115,Tawuniya Insurance,8168.66,SAR,2025-06-03T01:56:16Z,declined,debit,6300
TXN-01135,4532XXXX1605,CUST-1167,Zara SA,13215.22,SAR,2025-01-17T08:46:39Z,approved,debit,5651
TXN-01136,4532XXXX2520,CUST-1100,Namshi Fashion,8114.15,SAR,2025-02-11T12:04:30Z,approved,credit,5651
TXN-01137,4532XXXX1456,CUST-1080,Makkah Hotel,9537.10,SAR,2025-01-05T13:09:11Z,approved,credit,7011
TXN-01138,4532XXXX9278,CUST-1067,Hunger Station,4562.61,USD,2025-03-24T02:08:18Z,approved,credit,5812
TXN-01139,4532XXXX1782,CUST-1016,Saudi Airlines,7614.95,SAR,2025-01-25T01:00:37Z,pending,credit,3000
TXN-01140,4532XXXX6553,CUST-1032,Nahdi Pharmacy,11054.20,SAR,2025-03-29T23:49:07Z,approved,credit,5912
TXN-01141,4532XXXX9737,CUST-1149,Shein SA,14063.40,SAR,2025-05-10T05:33:01Z,approved,debit,5311
TXN-01142,4532XXXX3293,CUST-1090,Alshaya Group,11772.91,SAR,2025-05-19T19:27:47Z,declined,debit,5311
TXN-01143,4532XXXX6919,CUST-1134,Hunger Station,7749.20,SAR,2025-02-07T09:22:21Z,approved,debit,5812
TXN-01144,4532XXXX7961,CUST-1038,H&M Saudi,1233.80,USD,2025-01-13T01:50:36Z,approved,credit,5651
TXN-01145,4532XXXX9502,CUST-1055,Nahdi Pharmacy,10153.95,SAR,2025-03-20T04:58:05Z,pending,debit,5912
TXN-01146,4532XXXX9020,CUST-1068,Whites Pharmacy,6354.22,SAR,2025-03-27T10:55:16Z,pending,debit,5912
TXN-01147,4532XXXX3119,CUST-1042,Careem Rides,7274.04,SAR,2025-03-30T21:05:46Z,declined,credit,4121
TXN-01148,4532XXXX3569,CUST-1136,SABB ATM,6834.21,SAR,2025-01-07T07:57:41Z,approved,debit,6011
TXN-01149,4532XXXX5744,CUST-1031,HyperPanda,1659.49,USD,2025-03-13T18:23:43Z,approved,credit,5411
TXN-01150,4532XXXX5816,CUST-1040,SABB ATM,14865.35,SAR,2025-02-28T21:17:39Z,approved,debit,6011
TXN-01151,4532XXXX5999,CUST-1037,Careem Rides,6329.25,SAR,2025-06-23T15:31:14Z,approved,debit,4121
TXN-01152,4532XXXX1732,CUST-1047,Aramex Shipping,8215.32,SAR,2025-01-14T02:52:24Z,approved,credit,4215
TXN-01153,4532XXXX7181,CUST-1147,Alshaya Group,13504.81,SAR,2025-06-01T17:21:06Z,approved,credit,5311
TXN-01154,4532XXXX8371,CUST-1156,Namshi Fashion,7573.93,SAR,2025-03-31T12:07:05Z,declined,debit,5651
TXN-01155,4532XXXX7711,CUST-1039,Mobily Recharge,9373.43,SAR,2025-05-02T02:08:15Z,approved,debit,4814
TXN-01156,4532XXXX8259,CUST-1102,Booking.com,14371.40,SAR,2025-06-22T19:54:06Z,pending,debit,7011
TXN-01157,4532XXXX6060,CUST-1166,Al Baik Restaurant,10609.59,USD,2025-04-22T01:41:20Z,approved,credit,5812
TXN-01158,4532XXXX9877,CUST-1032,Tawuniya Insurance,2890.44,SAR,2025-05-01T03:22:11Z,approved,credit,6300
TXN-01159,4532XXXX1305,CUST-1014,Shein SA,11259.63,SAR,2025-04-08T14:27:59Z,approved,credit,5311
TXN-01160,4532XXXX5018,CUST-1137,Tamimi Markets,4128.06,EUR,2025-02-09T23:07:14Z,declined,credit,5411
TXN-01161,4532XXXX1737,CUST-1114,Al Baik Restaurant,9104.79,USD,2025-03-20T00:30:49Z,approved,debit,5812
TXN-01162,4532XXXX6199,CUST-1088,H&M Saudi,365.73,SAR,2025-04-13T12:12:01Z,approved,debit,5651
TXN-01163,4532XXXX3359,CUST-1024,SABB ATM,8128.98,EUR,2025-02-25T09:50:07Z,approved,debit,6011
TXN-01164,4532XXXX3772,CUST-1197,Al Baik Restaurant,14282.71,SAR,2025-05-12T18:32:42Z,approved,credit,5812
TXN-01165,4532XXXX2617,CUST-1084,Tamimi Markets,882.23,SAR,2025-03-17T17:15:02Z,approved,debit,5411
TXN-01166,4532XXXX2981,CUST-1106,Mobily Recharge,14123.95,SAR,2025-06-24T15:58:51Z,approved,debit,4814
TXN-01167,4532XXXX9264,CUST-1062,HyperPanda,7397.23,SAR,2025-05-27T02:23:29Z,approved,debit,5411
TXN-01168,4532XXXX8932,CUST-1069,Amazon.sa,8299.05,SAR,2025-01-13T17:03:26Z,approved,debit,5311
TXN-01169,4532XXXX2663,CUST-1163,IKEA Saudi,284.25,AED,2025-04-18T14:10:40Z,approved,credit,5712
TXN-01170,4532XXXX8306,CUST-1143,Tawuniya Insurance,4572.67,SAR,2025-03-20T23:34:24Z,approved,credit,6300
TXN-01171,4532XXXX3755,CUST-1129,Spotify,2139.79,SAR,2025-04-15T22:37:54Z,approved,credit,4899
TXN-01172,4532XXXX5739,CUST-1109,PlayStation Store,20.01,SAR,2025-04-01T05:26:07Z,declined,debit,5816
TXN-01173,4532XXXX5110,CUST-1001,Amazon.sa,7235.38,AED,2025-04-27T02:15:56Z,declined,debit,5311
TXN-01174,4532XXXX1745,CUST-1090,Ceer Motors,12611.06,SAR,2025-02-24T15:00:20Z,approved,credit,5511
TXN-01175,4532XXXX3014,CUST-1137,Shein SA,1350.28,SAR,2025-05-16T14:54:59Z,approved,credit,5311
TXN-01176,4532XXXX6215,CUST-1143,Lulu Hypermarket,3166.70,USD,2025-04-09T00:37:58Z,declined,debit,5411
TXN-01177,4532XXXX5029,CUST-1163,Flynas Airline,10617.77,EUR,2025-02-23T00:20:00Z,declined,debit,3000
TXN-01178,4532XXXX3190,CUST-1088,Spotify,8994.71,SAR,2025-01-04T01:58:51Z,declined,debit,4899
TXN-01179,4532XXXX7769,CUST-1156,Talabat Food,148.63,SAR,2025-02-03T16:44:11Z,approved,credit,5812
TXN-01180,4532XXXX2270,CUST-1181,Aramex Shipping,8074.28,SAR,2025-06-02T21:06:29Z,approved,debit,4215
TXN-01181,4532XXXX7166,CUST-1172,Nahdi Pharmacy,5298.16,SAR,2025-06-07T19:50:06Z,approved,debit,5912
TXN-01182,4532XXXX3044,CUST-1100,Tamimi Markets,12178.99,USD,2025-01-02T15:17:35Z,approved,debit,5411
TXN-01183,4532XXXX5606,CUST-1050,Nahdi Pharmacy,11148.45,SAR,2025-05-28T06:29:52Z,declined,credit,5912
TXN-01184,4532XXXX4623,CUST-1092,Netflix,9203.57,SAR,2025-02-28T20:54:51Z,approved,credit,4899
TXN-01185,4532XXXX4425,CUST-1093,Panda Supermarket,13568.09,SAR,2025-05-18T06:42:34Z,approved,debit,5411
TXN-01186,4532XXXX9093,CUST-1164,Zara SA,4163.83,SAR,2025-04-08T03:41:11Z,approved,credit,5651
TXN-01187,4532XXXX2070,CUST-1050,Shein SA,9046.57,SAR,2025-02-04T02:01:25Z,approved,debit,5311
TXN-01188,4532XXXX4734,CUST-1191,Uber Rides,14003.78,SAR,2025-06-16T02:49:15Z,approved,credit,4121
TXN-01189,4532XXXX9731,CUST-1071,Netflix,351.65,USD,2025-05-15T13:32:52Z,approved,debit,4899
TXN-01190,4532XXXX1849,CUST-1175,PlayStation Store,34.31,USD,2025-03-24T22:29:51Z,approved,debit,5816
TXN-01191,4532XXXX6922,CUST-1105,Lulu Hypermarket,7776.84,SAR,2025-04-07T05:32:44Z,approved,credit,5411
TXN-01192,4532XXXX8354,CUST-1012,IKEA Saudi,13776.28,SAR,2025-04-14T09:12:42Z,approved,debit,5712
TXN-01193,4532XXXX1415,CUST-1101,Netflix,13202.08,SAR,2025-06-06T20:01:42Z,pending,debit,4899
TXN-01194,4532XXXX3694,CUST-1177,H&M Saudi,13755.34,EUR,2025-02-08T05:30:44Z,approved,debit,5651
TXN-01195,4532XXXX1393,CUST-1017,Ceer Motors,422.95,SAR,2025-03-25T21:01:40Z,approved,credit,5511
TXN-01196,4532XXXX1891,CUST-1086,Flynas Airline,7106.28,SAR,2025-03-08T04:15:08Z,approved,credit,3000
TXN-01197,4532XXXX2567,CUST-1061,Uber Rides,9295.40,SAR,2025-05-29T08:57:26Z,declined,debit,4121
TXN-01198,4532XXXX7183,CUST-1149,SABB ATM,915.00,SAR,2025-01-07T11:23:34Z,approved,credit,6011
TXN-01199,4532XXXX5939,CUST-1017,Namshi Fashion,12036.79,SAR,2025-01-11T15:20:04Z,approved,credit,5651
TXN-01200,4532XXXX5831,CUST-1111,Uber Rides,841.57,SAR,2025-01-11T03:17:03Z,approved,debit,4121
TXN-01201,4532XXXX1173,CUST-1025,Riyadh Season,3500.51,SAR,2025-04-27T10:13:33Z,approved,debit,7922
TXN-01202,4532XXXX1425,CUST-1119,H&M Saudi,9290.36,USD,2025-03-07T22:43:38Z,approved,credit,5651
TXN-01203,4532XXXX2106,CUST-1085,Whites Pharmacy,1544.83,SAR,2025-04-26T13:43:01Z,approved,debit,5912
TXN-01204,4532XXXX8887,CUST-1147,Namshi Fashion,3848.01,SAR,2025-03-23T18:02:05Z,pending,credit,5651
TXN-01205,4532XXXX3091,CUST-1114,Tamimi Markets,11956.40,SAR,2025-01-12T17:54:33Z,approved,credit,5411
TXN-01206,4532XXXX9866,CUST-1112,Al Rajhi ATM,11316.83,EUR,2025-03-02T10:14:32Z,pending,debit,6011
TXN-01207,4532XXXX1132,CUST-1038,Talabat Food,5146.79,SAR,2025-03-13T14:52:20Z,approved,credit,5812
TXN-01208,4532XXXX1894,CUST-1169,Careem Rides,7609.08,SAR,2025-06-12T04:11:50Z,approved,debit,4121
TXN-01209,4532XXXX6595,CUST-1051,Netflix,3022.91,SAR,2025-01-14T06:47:04Z,approved,credit,4899
TXN-01210,4532XXXX6499,CUST-1122,Nana Grocery,4970.53,SAR,2025-04-23T07:35:22Z,approved,debit,5411
TXN-01211,4532XXXX1691,CUST-1108,Booking.com,6817.26,SAR,2025-06-03T05:53:54Z,approved,debit,7011
TXN-01212,4532XXXX4492,CUST-1001,Ceer Motors,3457.96,SAR,2025-05-02T03:40:40Z,approved,credit,5511
TXN-01213,4532XXXX4018,CUST-1189,Booking.com,5641.80,USD,2025-03-19T17:35:30Z,approved,debit,7011
TXN-01214,4532XXXX5760,CUST-1003,Uber Rides,8322.60,SAR,2025-01-28T15:38:28Z,approved,debit,4121
TXN-01215,4532XXXX4262,CUST-1162,Whites Pharmacy,5401.84,AED,2025-01-06T18:20:41Z,approved,debit,5912
TXN-01216,4532XXXX5029,CUST-1045,IKEA Saudi,10783.96,USD,2025-03-07T23:39:51Z,approved,debit,5712
TXN-01217,4532XXXX3248,CUST-1006,Tamimi Markets,13660.18,USD,2025-01-05T01:50:16Z,approved,credit,5411
TXN-01218,4532XXXX7056,CUST-1029,Booking.com,4579.56,AED,2025-02-16T15:10:47Z,approved,credit,7011
TXN-01219,4532XXXX8106,CUST-1044,Makkah Hotel,14965.44,EUR,2025-06-21T04:51:03Z,declined,debit,7011
TXN-01220,4532XXXX4140,CUST-1031,Careem Rides,1966.27,USD,2025-02-06T19:47:30Z,approved,debit,4121
TXN-01221,4532XXXX5006,CUST-1178,Saudi Airlines,6445.95,SAR,2025-05-04T12:38:27Z,approved,credit,3000
TXN-01222,4532XXXX3434,CUST-1158,Whites Pharmacy,8034.35,SAR,2025-06-03T07:44:44Z,approved,debit,5912
TXN-01223,4532XXXX9327,CUST-1014,Ceer Motors,13093.41,SAR,2025-06-15T08:17:23Z,approved,credit,5511
TXN-01224,4532XXXX2062,CUST-1054,Al Baik Restaurant,11866.00,SAR,2025-04-30T09:34:42Z,approved,credit,5812
TXN-01225,4532XXXX8606,CUST-1100,Tawuniya Insurance,5617.12,SAR,2025-04-11T18:12:49Z,approved,debit,6300
TXN-01226,4532XXXX8762,CUST-1183,Saudi Airlines,7252.04,SAR,2025-04-07T01:53:52Z,approved,credit,3000
TXN-01227,4532XXXX4394,CUST-1103,Ceer Motors,8761.82,AED,2025-01-08T02:35:21Z,approved,debit,5511
TXN-01228,4532XXXX7178,CUST-1116,Hunger Station,4593.46,SAR,2025-06-22T13:41:01Z,approved,debit,5812
TXN-01229,4532XXXX5834,CUST-1096,Flynas Airline,2019.28,SAR,2025-01-17T07:35:58Z,approved,credit,3000
TXN-01230,4532XXXX6511,CUST-1091,IKEA Saudi,6981.47,SAR,2025-05-01T14:39:22Z,approved,debit,5712
TXN-01231,4532XXXX5473,CUST-1120,H&M Saudi,12068.54,SAR,2025-03-03T13:25:20Z,approved,debit,5651
TXN-01232,4532XXXX2350,CUST-1046,Nahdi Pharmacy,9682.10,SAR,2025-03-11T17:29:39Z,approved,credit,5912
TXN-01233,4532XXXX4731,CUST-1132,Zain Telecom,11789.17,SAR,2025-06-29T22:17:47Z,approved,debit,4814
TXN-01234,4532XXXX6394,CUST-1019,Saudi Airlines,3008.60,SAR,2025-02-08T04:26:17Z,approved,debit,3000
TXN-01235,4532XXXX9898,CUST-1191,Lulu Hypermarket,9062.49,SAR,2025-01-27T18:29:52Z,approved,debit,5411
TXN-01236,4532XXXX7647,CUST-1198,Alshaya Group,5202.75,SAR,2025-03-20T09:53:46Z,approved,credit,5311
TXN-01237,4532XXXX3445,CUST-1168,Jarir Bookstore,7692.14,SAR,2025-05-28T19:15:54Z,approved,debit,5942
TXN-01238,4532XXXX8679,CUST-1059,Spotify,7739.80,SAR,2025-06-02T14:54:26Z,pending,debit,4899
TXN-01239,4532XXXX7843,CUST-1088,Al Baik Restaurant,2821.76,SAR,2025-05-30T13:04:15Z,approved,debit,5812
TXN-01240,4532XXXX3102,CUST-1116,PlayStation Store,2088.56,SAR,2025-06-19T15:58:16Z,approved,credit,5816
TXN-01241,4532XXXX4694,CUST-1003,Aramex Shipping,12515.31,USD,2025-03-07T23:41:11Z,approved,debit,4215
TXN-01242,4532XXXX6342,CUST-1176,Zara SA,10359.33,SAR,2025-02-28T04:24:38Z,approved,debit,5651
TXN-01243,4532XXXX7404,CUST-1146,Panda Supermarket,2309.60,AED,2025-03-06T03:04:44Z,approved,debit,5411
TXN-01244,4532XXXX6387,CUST-1101,Uber Rides,2829.14,SAR,2025-01-22T02:17:29Z,approved,debit,4121
TXN-01245,4532XXXX3910,CUST-1164,Alshaya Group,1569.18,SAR,2025-04-18T08:43:56Z,approved,credit,5311
TXN-01246,4532XXXX7322,CUST-1155,Aramex Shipping,2988.99,SAR,2025-06-26T23:10:37Z,approved,debit,4215
TXN-01247,4532XXXX7039,CUST-1060,Apple Store,1054.34,SAR,2025-01-12T03:45:04Z,approved,debit,5045
TXN-01248,4532XXXX2814,CUST-1044,Mobily Recharge,6165.86,USD,2025-01-31T11:50:17Z,approved,credit,4814
TXN-01249,4532XXXX4382,CUST-1108,Talabat Food,5837.95,SAR,2025-06-25T11:01:22Z,approved,debit,5812
TXN-01250,4532XXXX6084,CUST-1080,H&M Saudi,9973.57,USD,2025-01-31T19:58:27Z,approved,debit,5651
TXN-01251,4532XXXX8302,CUST-1129,Nana Grocery,116.61,SAR,2025-01-28T16:59:34Z,approved,debit,5411
TXN-01252,4532XXXX9043,CUST-1155,Hunger Station,13654.99,SAR,2025-06-20T17:33:09Z,approved,debit,5812
TXN-01253,4532XXXX8476,CUST-1148,Panda Supermarket,4322.24,SAR,2025-06-21T01:43:47Z,approved,credit,5411
TXN-01254,4532XXXX3869,CUST-1183,Alshaya Group,12352.33,SAR,2025-06-15T00:33:34Z,approved,debit,5311
TXN-01255,4532XXXX4005,CUST-1046,Riyadh Season,6870.13,SAR,2025-06-26T20:47:23Z,declined,credit,7922
TXN-01256,4532XXXX3587,CUST-1025,Zara SA,659.75,SAR,2025-06-21T22:55:26Z,approved,credit,5651
TXN-01257,4532XXXX4559,CUST-1138,Apple Store,1005.82,SAR,2025-05-22T01:54:40Z,approved,debit,5045
TXN-01258,4532XXXX2723,CUST-1196,PlayStation Store,5534.14,SAR,2025-05-27T16:24:16Z,approved,credit,5816
TXN-01259,4532XXXX9291,CUST-1200,Mobily Recharge,2476.76,SAR,2025-02-10T06:25:26Z,approved,debit,4814
TXN-01260,4532XXXX7244,CUST-1007,Uber Rides,10135.95,SAR,2025-03-31T16:37:42Z,approved,credit,4121
TXN-01261,4532XXXX3236,CUST-1103,Netflix,166.01,SAR,2025-01-23T06:27:36Z,approved,credit,4899
TXN-01262,4532XXXX4969,CUST-1192,Nana Grocery,1028.22,SAR,2025-04-17T11:51:44Z,declined,debit,5411
TXN-01263,4532XXXX1295,CUST-1036,Talabat Food,12624.23,USD,2025-02-03T03:00:10Z,approved,debit,5812
TXN-01264,4532XXXX2271,CUST-1046,Apple Store,11122.99,SAR,2025-02-02T17:02:58Z,declined,credit,5045
TXN-01265,4532XXXX1564,CUST-1003,Lulu Hypermarket,5374.51,SAR,2025-02-12T01:46:00Z,declined,credit,5411
TXN-01266,4532XXXX9566,CUST-1056,Nahdi Pharmacy,12548.33,SAR,2025-06-07T13:55:09Z,declined,credit,5912
TXN-01267,4532XXXX1076,CUST-1184,Noon.com,4628.32,SAR,2025-01-11T04:16:22Z,approved,credit,5311
TXN-01268,4532XXXX4276,CUST-1097,Netflix,5622.80,AED,2025-02-16T07:40:42Z,approved,debit,4899
TXN-01269,4532XXXX2035,CUST-1108,STC Pay TopUp,5060.06,GBP,2025-02-07T07:29:32Z,approved,debit,4814
TXN-01270,4532XXXX2764,CUST-1171,Extra Electronics,664.97,SAR,2025-04-10T12:25:24Z,approved,debit,5732
TXN-01271,4532XXXX7472,CUST-1144,Ceer Motors,3110.75,SAR,2025-04-16T04:31:02Z,approved,debit,5511
TXN-01272,4532XXXX7588,CUST-1060,Spotify,4853.90,SAR,2025-01-03T21:52:47Z,declined,debit,4899
TXN-01273,4532XXXX5562,CUST-1004,Shell Petrol,3305.34,SAR,2025-05-08T18:19:25Z,declined,credit,5541
TXN-01274,4532XXXX9185,CUST-1095,Panda Supermarket,3282.32,SAR,2025-02-28T13:15:05Z,approved,credit,5411
TXN-01275,4532XXXX6314,CUST-1138,Shein SA,14385.73,SAR,2025-04-27T11:35:00Z,declined,credit,5311
TXN-01276,4532XXXX6209,CUST-1100,Namshi Fashion,9532.13,SAR,2025-06-21T15:35:05Z,declined,credit,5651
TXN-01277,4532XXXX7264,CUST-1018,Booking.com,13681.99,SAR,2025-03-29T04:04:46Z,approved,credit,7011
TXN-01278,4532XXXX4811,CUST-1190,IKEA Saudi,10570.91,SAR,2025-01-03T13:56:37Z,approved,credit,5712
TXN-01279,4532XXXX4990,CUST-1195,SABB ATM,11070.01,SAR,2025-05-28T01:01:15Z,approved,debit,6011
TXN-01280,4532XXXX7156,CUST-1016,Namshi Fashion,4452.74,SAR,2025-01-30T10:50:10Z,approved,credit,5651
TXN-01281,4532XXXX6385,CUST-1010,Hunger Station,8973.14,AED,2025-03-28T03:54:50Z,approved,debit,5812
TXN-01282,4532XXXX7797,CUST-1082,Tawuniya Insurance,598.91,SAR,2025-06-03T17:57:40Z,declined,debit,6300
TXN-01283,4532XXXX4969,CUST-1193,STC Pay TopUp,10994.43,SAR,2025-03-08T13:13:48Z,approved,credit,4814
TXN-01284,4532XXXX7250,CUST-1014,Hunger Station,10445.69,USD,2025-02-13T04:39:51Z,approved,debit,5812
TXN-01285,4532XXXX2146,CUST-1047,Nahdi Pharmacy,973.93,SAR,2025-04-06T11:13:08Z,approved,debit,5912
TXN-01286,4532XXXX9992,CUST-1163,Careem Rides,1887.79,AED,2025-02-03T17:23:16Z,approved,debit,4121
TXN-01287,4532XXXX4236,CUST-1130,Al Baik Restaurant,7008.78,SAR,2025-02-01T21:02:07Z,approved,debit,5812
TXN-01288,4532XXXX4299,CUST-1046,HyperPanda,4283.87,SAR,2025-03-29T01:05:42Z,approved,credit,5411
TXN-01289,4532XXXX7925,CUST-1021,Saudi Airlines,2520.65,SAR,2025-03-27T16:57:41Z,approved,credit,3000
TXN-01290,4532XXXX8897,CUST-1189,H&M Saudi,12294.96,SAR,2025-06-04T02:15:04Z,approved,credit,5651
TXN-01291,4532XXXX5918,CUST-1098,H&M Saudi,11384.08,USD,2025-06-28T22:39:09Z,approved,credit,5651
TXN-01292,4532XXXX6011,CUST-1040,PlayStation Store,3863.09,SAR,2025-04-01T00:46:16Z,approved,debit,5816
TXN-01293,4532XXXX8688,CUST-1097,PlayStation Store,1083.74,SAR,2025-01-27T12:51:53Z,approved,debit,5816
TXN-01294,4532XXXX7131,CUST-1049,Jarir Bookstore,7512.99,SAR,2025-05-21T20:21:16Z,approved,debit,5942
TXN-01295,4532XXXX6043,CUST-1107,Zara SA,5600.31,EUR,2025-04-06T01:28:24Z,declined,credit,5651
TXN-01296,4532XXXX7304,CUST-1019,Starbucks SA,14887.12,USD,2025-01-25T04:06:26Z,approved,debit,5814
TXN-01297,4532XXXX6711,CUST-1050,H&M Saudi,11570.20,EUR,2025-05-26T22:36:16Z,approved,credit,5651
TXN-01298,4532XXXX7313,CUST-1126,Ceer Motors,10448.35,SAR,2025-05-07T09:26:36Z,approved,credit,5511
TXN-01299,4532XXXX1462,CUST-1064,Hunger Station,13822.42,SAR,2025-03-12T04:18:45Z,declined,credit,5812
TXN-01300,4532XXXX3414,CUST-1166,Careem Rides,6834.78,SAR,2025-05-13T05:59:59Z,approved,debit,4121
TXN-01301,4532XXXX2912,CUST-1155,Whites Pharmacy,12623.53,EUR,2025-01-03T09:29:47Z,pending,debit,5912
TXN-01302,4532XXXX2316,CUST-1165,Shell Petrol,8794.48,SAR,2025-06-24T22:56:38Z,approved,debit,5541
TXN-01303,4532XXXX9202,CUST-1109,Extra Electronics,3796.80,USD,2025-02-28T16:26:42Z,approved,credit,5732
TXN-01304,4532XXXX2456,CUST-1098,Whites Pharmacy,6177.08,SAR,2025-06-20T04:19:19Z,approved,credit,5912
TXN-01305,4532XXXX7520,CUST-1147,Danube Online,4038.97,USD,2025-02-10T16:27:35Z,declined,debit,5411
TXN-01306,4532XXXX7845,CUST-1002,Extra Electronics,28.67,USD,2025-01-14T13:29:05Z,approved,debit,5732
TXN-01307,4532XXXX4053,CUST-1168,Apple Store,2563.66,SAR,2025-03-14T18:00:07Z,declined,debit,5045
TXN-01308,4532XXXX4482,CUST-1051,Aramex Shipping,14227.51,SAR,2025-03-29T12:13:53Z,approved,debit,4215
TXN-01309,4532XXXX7697,CUST-1016,Tamimi Markets,2882.31,USD,2025-06-25T04:53:53Z,approved,credit,5411
TXN-01310,4532XXXX2404,CUST-1160,Noon.com,2496.06,USD,2025-02-26T22:03:51Z,approved,debit,5311
TXN-01311,4532XXXX8949,CUST-1071,Uber Rides,8786.77,SAR,2025-04-03T19:09:43Z,declined,credit,4121
TXN-01312,4532XXXX1685,CUST-1026,Jarir Bookstore,11278.22,SAR,2025-01-02T09:40:43Z,approved,debit,5942
TXN-01313,4532XXXX5355,CUST-1134,Jarir Bookstore,7803.51,SAR,2025-05-28T20:12:47Z,approved,credit,5942
TXN-01314,4532XXXX6620,CUST-1194,Booking.com,5051.57,SAR,2025-05-13T09:41:52Z,approved,debit,7011
TXN-01315,4532XXXX6410,CUST-1093,Zara SA,863.34,SAR,2025-03-11T03:12:59Z,approved,debit,5651
TXN-01316,4532XXXX1420,CUST-1117,Zara SA,13320.12,SAR,2025-01-27T23:08:55Z,approved,debit,5651
TXN-01317,4532XXXX7036,CUST-1136,Lulu Hypermarket,11272.84,EUR,2025-02-18T06:16:09Z,approved,credit,5411
TXN-01318,4532XXXX6278,CUST-1176,Talabat Food,9905.13,SAR,2025-01-01T14:34:57Z,approved,credit,5812
TXN-01319,4532XXXX8279,CUST-1093,Panda Supermarket,11038.52,EUR,2025-05-12T15:22:48Z,approved,credit,5411
TXN-01320,4532XXXX8010,CUST-1125,Zara SA,11910.44,SAR,2025-03-09T15:21:14Z,approved,credit,5651
TXN-01321,4532XXXX3345,CUST-1180,Noon.com,4411.48,SAR,2025-02-07T21:07:28Z,approved,credit,5311
TXN-01322,4532XXXX5937,CUST-1184,Al Rajhi ATM,7471.39,SAR,2025-01-17T21:52:05Z,declined,credit,6011
TXN-01323,4532XXXX9858,CUST-1120,Extra Electronics,14325.99,USD,2025-04-04T15:04:05Z,approved,debit,5732
TXN-01324,4532XXXX2728,CUST-1055,Extra Electronics,9897.88,SAR,2025-01-18T08:46:56Z,approved,credit,5732
TXN-01325,4532XXXX5593,CUST-1008,Extra Electronics,4900.88,AED,2025-03-16T11:11:31Z,approved,credit,5732
TXN-01326,4532XXXX3224,CUST-1066,Talabat Food,10060.67,EUR,2025-05-10T05:20:40Z,approved,credit,5812
TXN-01327,4532XXXX4666,CUST-1186,Aramex Shipping,10378.31,SAR,2025-06-19T07:32:15Z,approved,credit,4215
TXN-01328,4532XXXX7252,CUST-1154,Uber Rides,5658.27,SAR,2025-05-20T07:31:31Z,declined,credit,4121
TXN-01329,4532XXXX5767,CUST-1144,H&M Saudi,3357.14,USD,2025-01-23T11:09:15Z,approved,debit,5651
TXN-01330,4532XXXX2902,CUST-1023,Booking.com,14058.47,SAR,2025-05-25T14:10:12Z,approved,debit,7011
TXN-01331,4532XXXX6092,CUST-1033,Mobily Recharge,8655.87,EUR,2025-01-01T07:49:20Z,approved,credit,4814
TXN-01332,4532XXXX6980,CUST-1138,Netflix,14697.84,USD,2025-03-04T01:38:39Z,declined,debit,4899
TXN-01333,4532XXXX9819,CUST-1134,HyperPanda,1603.26,SAR,2025-01-02T18:49:17Z,approved,debit,5411
TXN-01334,4532XXXX3415,CUST-1038,Apple Store,7499.99,USD,2025-03-30T12:06:35Z,approved,debit,5045
TXN-01335,4532XXXX3022,CUST-1038,Panda Supermarket,4636.83,SAR,2025-05-14T17:06:30Z,approved,credit,5411
TXN-01336,4532XXXX7171,CUST-1147,Talabat Food,3239.50,SAR,2025-02-26T14:27:56Z,approved,debit,5812
TXN-01337,4532XXXX1861,CUST-1040,Spotify,14016.82,USD,2025-02-13T16:54:37Z,pending,debit,4899
TXN-01338,4532XXXX3608,CUST-1125,Zara SA,12226.11,SAR,2025-06-27T03:58:55Z,approved,credit,5651
TXN-01339,4532XXXX7412,CUST-1101,Booking.com,7103.96,SAR,2025-03-09T15:13:44Z,approved,debit,7011
TXN-01340,4532XXXX9978,CUST-1136,Apple Store,13846.34,SAR,2025-05-17T03:24:11Z,approved,debit,5045
TXN-01341,4532XXXX1886,CUST-1034,Mobily Recharge,8707.85,SAR,2025-06-06T07:54:23Z,declined,debit,4814
TXN-01342,4532XXXX8904,CUST-1118,Tawuniya Insurance,2067.73,SAR,2025-05-16T03:23:16Z,approved,debit,6300
TXN-01343,4532XXXX1149,CUST-1054,Spotify,2938.85,USD,2025-05-07T10:59:20Z,approved,credit,4899
TXN-01344,4532XXXX7169,CUST-1148,Noon.com,14827.32,SAR,2025-01-29T15:53:28Z,approved,credit,5311
TXN-01345,4532XXXX1859,CUST-1044,Amazon.sa,14612.51,SAR,2025-02-04T21:08:59Z,approved,credit,5311
TXN-01346,4532XXXX7619,CUST-1167,Booking.com,14546.06,SAR,2025-05-02T17:54:13Z,approved,debit,7011
TXN-01347,4532XXXX3826,CUST-1031,Hunger Station,4543.83,SAR,2025-04-26T18:17:09Z,declined,credit,5812
TXN-01348,4532XXXX7260,CUST-1097,Al Baik Restaurant,12974.11,SAR,2025-05-07T06:40:07Z,approved,credit,5812
TXN-01349,4532XXXX2999,CUST-1168,Nahdi Pharmacy,1804.41,SAR,2025-01-17T01:06:58Z,approved,credit,5912
TXN-01350,4532XXXX8856,CUST-1172,Al Rajhi ATM,8804.82,SAR,2025-04-22T04:39:06Z,approved,credit,6011
TXN-01351,4532XXXX8105,CUST-1191,Noon.com,2720.54,SAR,2025-04-05T00:29:44Z,approved,credit,5311
TXN-01352,4532XXXX9806,CUST-1033,Noon.com,10707.95,SAR,2025-06-17T10:11:31Z,approved,debit,5311
TXN-01353,4532XXXX9684,CUST-1180,STC Pay TopUp,12262.86,SAR,2025-06-02T03:15:21Z,approved,debit,4814
TXN-01354,4532XXXX3033,CUST-1133,Whites Pharmacy,12283.32,SAR,2025-05-07T13:08:42Z,pending,credit,5912
TXN-01355,4532XXXX1087,CUST-1054,SABB ATM,8988.54,SAR,2025-02-04T22:34:11Z,approved,debit,6011
TXN-01356,4532XXXX3641,CUST-1081,SABB ATM,8628.34,SAR,2025-05-07T17:31:30Z,approved,credit,6011
TXN-01357,4532XXXX6956,CUST-1066,Panda Supermarket,1875.13,SAR,2025-02-27T23:28:26Z,approved,debit,5411
TXN-01358,4532XXXX5807,CUST-1109,Jarir Bookstore,697.26,SAR,2025-04-11T20:46:48Z,declined,credit,5942
TXN-01359,4532XXXX6769,CUST-1114,Namshi Fashion,10428.05,SAR,2025-04-12T11:48:04Z,approved,credit,5651
TXN-01360,4532XXXX4884,CUST-1131,Spotify,9940.94,SAR,2025-01-09T16:28:58Z,approved,debit,4899
TXN-01361,4532XXXX4539,CUST-1037,Alshaya Group,3232.12,USD,2025-01-27T01:27:16Z,approved,debit,5311
TXN-01362,4532XXXX5177,CUST-1072,Namshi Fashion,6333.12,SAR,2025-04-17T18:28:48Z,approved,debit,5651
TXN-01363,4532XXXX7968,CUST-1167,Extra Electronics,1253.39,SAR,2025-02-19T08:33:42Z,declined,debit,5732
TXN-01364,4532XXXX4156,CUST-1138,Spotify,10991.46,SAR,2025-05-03T22:33:08Z,declined,debit,4899
TXN-01365,4532XXXX3514,CUST-1145,Tawuniya Insurance,9076.15,USD,2025-03-23T11:52:50Z,approved,debit,6300
TXN-01366,4532XXXX3041,CUST-1098,STC Pay TopUp,3716.23,EUR,2025-02-22T10:52:29Z,approved,debit,4814
TXN-01367,4532XXXX6944,CUST-1176,PlayStation Store,4943.72,SAR,2025-01-18T06:38:58Z,approved,credit,5816
TXN-01368,4532XXXX2604,CUST-1070,Careem Rides,3390.35,USD,2025-01-02T21:57:59Z,approved,debit,4121
TXN-01369,4532XXXX6022,CUST-1097,Noon.com,1856.93,SAR,2025-04-13T05:33:16Z,approved,credit,5311
TXN-01370,4532XXXX5440,CUST-1025,Makkah Hotel,8584.51,SAR,2025-02-24T18:11:59Z,approved,debit,7011
TXN-01371,4532XXXX6655,CUST-1013,Extra Electronics,11279.33,SAR,2025-02-05T01:59:41Z,pending,credit,5732
TXN-01372,4532XXXX3090,CUST-1137,PlayStation Store,12745.20,SAR,2025-04-03T14:20:14Z,approved,debit,5816
TXN-01373,4532XXXX7206,CUST-1176,Al Rajhi ATM,9865.16,SAR,2025-01-28T16:53:27Z,approved,credit,6011
TXN-01374,4532XXXX5081,CUST-1069,Amazon.sa,9589.71,AED,2025-03-13T21:01:38Z,declined,credit,5311
TXN-01375,4532XXXX8678,CUST-1108,Nana Grocery,14793.76,SAR,2025-06-05T01:08:05Z,approved,debit,5411
TXN-01376,4532XXXX4748,CUST-1071,H&M Saudi,10778.41,SAR,2025-06-29T09:16:32Z,approved,credit,5651
TXN-01377,4532XXXX2302,CUST-1023,Alshaya Group,4694.49,SAR,2025-01-18T12:05:08Z,approved,credit,5311
TXN-01378,4532XXXX5683,CUST-1062,Al Baik Restaurant,865.89,SAR,2025-05-25T08:32:21Z,approved,credit,5812
TXN-01379,4532XXXX8858,CUST-1003,H&M Saudi,13986.96,SAR,2025-01-27T11:48:08Z,approved,credit,5651
TXN-01380,4532XXXX4115,CUST-1176,Zain Telecom,6085.04,SAR,2025-04-30T16:06:13Z,pending,debit,4814
TXN-01381,4532XXXX9652,CUST-1183,H&M Saudi,11246.27,SAR,2025-02-17T10:10:36Z,declined,credit,5651
TXN-01382,4532XXXX9577,CUST-1011,HyperPanda,2532.14,SAR,2025-06-21T06:05:39Z,approved,debit,5411
TXN-01383,4532XXXX7925,CUST-1020,Saudi Airlines,7707.70,USD,2025-01-10T21:14:30Z,approved,debit,3000
TXN-01384,4532XXXX5092,CUST-1044,Saudi Airlines,5072.69,EUR,2025-05-12T20:39:49Z,approved,credit,3000
TXN-01385,4532XXXX1036,CUST-1031,Apple Store,4406.71,SAR,2025-02-11T08:57:33Z,pending,credit,5045
TXN-01386,4532XXXX9446,CUST-1146,Zara SA,4575.77,SAR,2025-05-05T20:28:27Z,approved,debit,5651
TXN-01387,4532XXXX6382,CUST-1159,Aramex Shipping,93.34,SAR,2025-03-31T09:24:16Z,approved,debit,4215
TXN-01388,4532XXXX6808,CUST-1028,Jarir Bookstore,10837.89,SAR,2025-03-20T01:46:23Z,approved,debit,5942
TXN-01389,4532XXXX3518,CUST-1111,Aramex Shipping,7938.80,SAR,2025-06-24T11:21:35Z,approved,debit,4215
TXN-01390,4532XXXX8711,CUST-1125,Jarir Bookstore,9851.22,SAR,2025-02-13T21:40:48Z,approved,debit,5942
TXN-01391,4532XXXX5415,CUST-1077,Saudi Airlines,2736.82,SAR,2025-06-07T14:04:06Z,approved,debit,3000
TXN-01392,4532XXXX1095,CUST-1169,Nahdi Pharmacy,5309.30,SAR,2025-03-26T06:24:03Z,approved,credit,5912
TXN-01393,4532XXXX7898,CUST-1051,SABB ATM,608.64,SAR,2025-03-18T14:43:03Z,pending,debit,6011
TXN-01394,4532XXXX5354,CUST-1009,Extra Electronics,14225.90,SAR,2025-05-10T04:15:23Z,approved,debit,5732
TXN-01395,4532XXXX6322,CUST-1126,PlayStation Store,10227.64,SAR,2025-01-25T17:53:07Z,pending,credit,5816
TXN-01396,4532XXXX7370,CUST-1200,Zara SA,13853.80,SAR,2025-06-13T16:57:28Z,approved,debit,5651
TXN-01397,4532XXXX4874,CUST-1028,STC Pay TopUp,5165.09,SAR,2025-01-03T15:36:31Z,approved,credit,4814
TXN-01398,4532XXXX8867,CUST-1088,H&M Saudi,11062.79,EUR,2025-03-26T08:07:03Z,approved,debit,5651
TXN-01399,4532XXXX9376,CUST-1125,Al Baik Restaurant,3719.97,SAR,2025-01-30T14:40:53Z,approved,debit,5812
TXN-01400,4532XXXX8031,CUST-1072,SABB ATM,14913.88,USD,2025-02-18T00:45:17Z,approved,credit,6011
TXN-01401,4532XXXX4091,CUST-1181,Noon.com,7537.50,SAR,2025-02-05T04:23:54Z,approved,credit,5311
TXN-01402,4532XXXX5486,CUST-1163,Careem Rides,1988.78,SAR,2025-01-08T10:48:01Z,approved,debit,4121
TXN-01403,4532XXXX7231,CUST-1110,STC Pay TopUp,1368.58,SAR,2025-01-10T21:28:09Z,approved,credit,4814
TXN-01404,4532XXXX8851,CUST-1079,Ceer Motors,3330.52,GBP,2025-03-24T17:39:26Z,approved,credit,5511
TXN-01405,4532XXXX5596,CUST-1110,Tawuniya Insurance,1655.27,SAR,2025-03-12T14:23:15Z,approved,credit,6300
TXN-01406,4532XXXX1008,CUST-1108,Hunger Station,718.11,SAR,2025-01-08T22:33:25Z,approved,credit,5812
TXN-01407,4532XXXX2650,CUST-1191,Mobily Recharge,7083.51,SAR,2025-06-26T09:49:58Z,approved,debit,4814
TXN-01408,4532XXXX1223,CUST-1065,Aramex Shipping,4568.83,SAR,2025-01-19T19:31:37Z,declined,credit,4215
TXN-01409,4532XXXX9664,CUST-1198,Namshi Fashion,11120.68,SAR,2025-03-12T04:10:33Z,approved,debit,5651
TXN-01410,4532XXXX2742,CUST-1061,Tawuniya Insurance,8766.99,SAR,2025-01-17T22:31:36Z,approved,credit,6300
TXN-01411,4532XXXX4120,CUST-1191,HyperPanda,8800.49,SAR,2025-06-27T03:03:07Z,approved,credit,5411
TXN-01412,4532XXXX5939,CUST-1115,Noon.com,8200.95,SAR,2025-03-08T14:01:13Z,pending,credit,5311
TXN-01413,4532XXXX4140,CUST-1195,Netflix,2309.32,SAR,2025-01-25T19:44:24Z,approved,credit,4899
TXN-01414,4532XXXX6690,CUST-1183,Flynas Airline,11391.53,USD,2025-06-14T07:03:21Z,approved,debit,3000
TXN-01415,4532XXXX9581,CUST-1162,SABB ATM,1020.29,AED,2025-03-23T08:42:03Z,approved,debit,6011
TXN-01416,4532XXXX1744,CUST-1043,HyperPanda,14512.47,SAR,2025-02-26T05:53:47Z,approved,debit,5411
TXN-01417,4532XXXX9723,CUST-1178,Netflix,5965.42,SAR,2025-05-13T22:54:23Z,approved,debit,4899
TXN-01418,4532XXXX7393,CUST-1043,Nahdi Pharmacy,5765.34,SAR,2025-06-01T08:08:15Z,approved,credit,5912
TXN-01419,4532XXXX1145,CUST-1070,Spotify,2404.25,SAR,2025-02-12T07:03:27Z,approved,debit,4899
TXN-01420,4532XXXX5399,CUST-1129,Makkah Hotel,12787.86,SAR,2025-02-27T13:09:17Z,approved,debit,7011
TXN-01421,4532XXXX3427,CUST-1044,IKEA Saudi,3577.06,SAR,2025-01-08T14:10:32Z,approved,debit,5712
TXN-01422,4532XXXX4440,CUST-1070,Amazon.sa,3738.88,SAR,2025-06-09T21:22:11Z,approved,debit,5311
TXN-01423,4532XXXX6317,CUST-1001,Tawuniya Insurance,9079.37,SAR,2025-03-13T16:10:40Z,approved,credit,6300
TXN-01424,4532XXXX5831,CUST-1141,Flynas Airline,6128.10,SAR,2025-04-29T17:42:46Z,approved,debit,3000
TXN-01425,4532XXXX3895,CUST-1161,Jarir Bookstore,3293.10,USD,2025-02-24T07:26:56Z,approved,debit,5942
TXN-01426,4532XXXX5216,CUST-1138,Whites Pharmacy,11187.82,SAR,2025-03-16T04:09:37Z,declined,credit,5912
TXN-01427,4532XXXX5403,CUST-1155,PlayStation Store,6635.56,SAR,2025-03-04T23:10:30Z,approved,credit,5816
TXN-01428,4532XXXX8109,CUST-1162,Zara SA,3479.69,SAR,2025-05-22T00:44:19Z,approved,debit,5651
TXN-01429,4532XXXX3885,CUST-1123,Al Baik Restaurant,6893.55,SAR,2025-06-08T08:57:43Z,approved,credit,5812
TXN-01430,4532XXXX3911,CUST-1126,Tamimi Markets,320.60,SAR,2025-02-01T15:15:21Z,approved,credit,5411
TXN-01431,4532XXXX8455,CUST-1156,Netflix,1085.37,SAR,2025-02-17T14:57:56Z,declined,debit,4899
TXN-01432,4532XXXX2633,CUST-1026,Makkah Hotel,11257.91,SAR,2025-01-03T06:56:18Z,approved,debit,7011
TXN-01433,4532XXXX1716,CUST-1006,SABB ATM,11452.87,USD,2025-05-06T03:30:15Z,approved,debit,6011
TXN-01434,4532XXXX1221,CUST-1198,Al Baik Restaurant,14079.28,SAR,2025-04-27T10:30:42Z,approved,debit,5812
TXN-01435,4532XXXX8871,CUST-1139,Booking.com,1279.05,USD,2025-01-28T00:51:33Z,pending,credit,7011
TXN-01436,4532XXXX1915,CUST-1114,Extra Electronics,7186.23,SAR,2025-02-17T08:13:53Z,approved,credit,5732
TXN-01437,4532XXXX2684,CUST-1069,Ceer Motors,323.01,SAR,2025-01-09T15:30:19Z,approved,debit,5511
TXN-01438,4532XXXX4675,CUST-1027,Al Rajhi ATM,6232.19,USD,2025-01-01T05:38:27Z,approved,debit,6011
TXN-01439,4532XXXX7303,CUST-1110,Shell Petrol,9832.19,SAR,2025-02-13T20:41:51Z,declined,credit,5541
TXN-01440,4532XXXX5617,CUST-1029,Aramex Shipping,1656.48,SAR,2025-01-20T18:07:31Z,approved,debit,4215
TXN-01441,4532XXXX2389,CUST-1158,Booking.com,13850.18,SAR,2025-06-28T14:55:18Z,approved,credit,7011
TXN-01442,4532XXXX7967,CUST-1039,Tamimi Markets,5025.99,SAR,2025-02-05T05:13:27Z,approved,credit,5411
TXN-01443,4532XXXX2702,CUST-1176,Alshaya Group,4308.65,SAR,2025-06-19T23:40:11Z,approved,credit,5311
TXN-01444,4532XXXX2251,CUST-1170,Saudi Airlines,12161.74,AED,2025-05-19T02:55:45Z,approved,debit,3000
TXN-01445,4532XXXX8838,CUST-1200,Tawuniya Insurance,2220.96,SAR,2025-03-28T17:45:05Z,approved,debit,6300
TXN-01446,4532XXXX6292,CUST-1148,H&M Saudi,4180.75,EUR,2025-01-18T13:30:49Z,approved,debit,5651
TXN-01447,4532XXXX7782,CUST-1197,Shell Petrol,7415.63,SAR,2025-04-04T10:58:01Z,approved,credit,5541
TXN-01448,4532XXXX7278,CUST-1086,Namshi Fashion,9811.04,USD,2025-02-17T18:00:53Z,approved,credit,5651
TXN-01449,4532XXXX4770,CUST-1128,Zain Telecom,7989.45,SAR,2025-06-09T12:01:15Z,approved,debit,4814
TXN-01450,4532XXXX4593,CUST-1149,Starbucks SA,11650.01,SAR,2025-06-07T12:53:42Z,declined,debit,5814
TXN-01451,4532XXXX6937,CUST-1061,Saudi Airlines,14908.61,SAR,2025-01-04T07:56:47Z,approved,credit,3000
TXN-01452,4532XXXX3283,CUST-1035,SABB ATM,5243.47,SAR,2025-06-14T19:28:07Z,approved,debit,6011
TXN-01453,4532XXXX4452,CUST-1037,PlayStation Store,13694.74,EUR,2025-02-17T02:07:11Z,approved,debit,5816
TXN-01454,4532XXXX7184,CUST-1192,Namshi Fashion,10438.23,SAR,2025-01-28T18:47:06Z,pending,debit,5651
TXN-01455,4532XXXX2208,CUST-1179,H&M Saudi,10522.52,SAR,2025-05-09T16:37:34Z,approved,credit,5651
TXN-01456,4532XXXX2262,CUST-1041,STC Pay TopUp,2123.46,SAR,2025-02-17T13:59:46Z,approved,credit,4814
TXN-01457,4532XXXX9641,CUST-1107,Careem Rides,7049.12,SAR,2025-01-28T04:58:15Z,declined,debit,4121
TXN-01458,4532XXXX1216,CUST-1121,Starbucks SA,6662.38,SAR,2025-05-06T05:12:19Z,approved,debit,5814
TXN-01459,4532XXXX3843,CUST-1040,Amazon.sa,486.63,USD,2025-05-26T20:31:59Z,approved,debit,5311
TXN-01460,4532XXXX8443,CUST-1003,Zara SA,10200.15,USD,2025-06-20T02:20:47Z,approved,credit,5651
TXN-01461,4532XXXX3569,CUST-1067,Shein SA,10641.75,SAR,2025-03-24T06:26:47Z,approved,debit,5311
TXN-01462,4532XXXX7560,CUST-1134,Shell Petrol,1881.37,EUR,2025-02-11T03:21:32Z,approved,debit,5541
TXN-01463,4532XXXX2264,CUST-1057,Zara SA,11191.21,SAR,2025-04-19T14:30:01Z,declined,debit,5651
TXN-01464,4532XXXX3700,CUST-1123,Mobily Recharge,6079.47,SAR,2025-03-15T21:07:08Z,approved,debit,4814
TXN-01465,4532XXXX6942,CUST-1166,H&M Saudi,1630.47,SAR,2025-01-16T02:36:51Z,approved,credit,5651
TXN-01466,4532XXXX2070,CUST-1086,STC Pay TopUp,2445.59,SAR,2025-01-21T16:09:38Z,approved,credit,4814
TXN-01467,4532XXXX4937,CUST-1003,Alshaya Group,3029.88,SAR,2025-01-07T06:50:24Z,approved,debit,5311
TXN-01468,4532XXXX1748,CUST-1146,Shein SA,14797.48,SAR,2025-04-04T22:42:14Z,approved,debit,5311
TXN-01469,4532XXXX7523,CUST-1024,Alshaya Group,5352.95,SAR,2025-02-24T20:05:22Z,approved,debit,5311
TXN-01470,4532XXXX2595,CUST-1081,Zara SA,14607.89,SAR,2025-05-17T10:37:05Z,approved,debit,5651
TXN-01471,4532XXXX1388,CUST-1190,Al Rajhi ATM,12113.38,SAR,2025-01-30T03:55:14Z,approved,debit,6011
TXN-01472,4532XXXX3482,CUST-1123,Whites Pharmacy,565.94,USD,2025-02-01T07:21:13Z,declined,debit,5912
TXN-01473,4532XXXX4533,CUST-1021,Ceer Motors,10778.35,SAR,2025-06-21T17:36:44Z,declined,credit,5511
TXN-01474,4532XXXX9573,CUST-1037,Extra Electronics,7526.79,GBP,2025-05-22T12:05:03Z,pending,debit,5732
TXN-01475,4532XXXX8059,CUST-1115,Namshi Fashion,5407.94,SAR,2025-06-16T05:01:40Z,approved,credit,5651
TXN-01476,4532XXXX2228,CUST-1199,Shell Petrol,14955.16,SAR,2025-04-28T20:15:07Z,approved,credit,5541
TXN-01477,4532XXXX6071,CUST-1161,Aramex Shipping,229.05,SAR,2025-05-29T19:17:51Z,approved,debit,4215
TXN-01478,4532XXXX3645,CUST-1128,Noon.com,2549.92,SAR,2025-02-27T09:38:02Z,approved,debit,5311
TXN-01479,4532XXXX8548,CUST-1148,Saudi Airlines,1071.65,SAR,2025-05-18T23:53:32Z,approved,credit,3000
TXN-01480,4532XXXX8999,CUST-1066,Nahdi Pharmacy,2111.01,SAR,2025-01-25T01:43:28Z,approved,debit,5912
TXN-01481,4532XXXX3113,CUST-1074,Zara SA,9297.15,SAR,2025-05-13T03:45:17Z,approved,debit,5651
TXN-01482,4532XXXX7769,CUST-1132,Riyadh Season,5608.38,EUR,2025-05-13T11:17:11Z,approved,debit,7922
TXN-01483,4532XXXX5011,CUST-1068,Panda Supermarket,9659.78,SAR,2025-05-24T21:30:31Z,declined,credit,5411
TXN-01484,4532XXXX7541,CUST-1003,Careem Rides,4363.46,USD,2025-01-31T17:17:32Z,approved,debit,4121
TXN-01485,4532XXXX9767,CUST-1100,Nana Grocery,5237.32,SAR,2025-04-01T23:18:56Z,approved,debit,5411
TXN-01486,4532XXXX7503,CUST-1022,Tamimi Markets,13762.32,SAR,2025-06-29T03:07:06Z,pending,debit,5411
TXN-01487,4532XXXX8967,CUST-1052,Zara SA,4762.69,SAR,2025-04-28T08:33:56Z,approved,credit,5651
TXN-01488,4532XXXX3551,CUST-1190,Talabat Food,6821.41,SAR,2025-04-16T20:15:45Z,approved,debit,5812
TXN-01489,4532XXXX7230,CUST-1164,Spotify,474.69,SAR,2025-04-27T17:13:25Z,approved,debit,4899
TXN-01490,4532XXXX7929,CUST-1111,Talabat Food,3176.34,SAR,2025-01-05T10:55:15Z,approved,debit,5812
TXN-01491,4532XXXX2338,CUST-1163,Tamimi Markets,1043.54,SAR,2025-03-20T15:45:21Z,approved,credit,5411
TXN-01492,4532XXXX4015,CUST-1116,Starbucks SA,10046.32,SAR,2025-02-20T09:06:42Z,approved,debit,5814
TXN-01493,4532XXXX6722,CUST-1110,Booking.com,4457.09,EUR,2025-02-08T13:34:04Z,approved,credit,7011
TXN-01494,4532XXXX8156,CUST-1122,Zain Telecom,2414.53,SAR,2025-05-16T06:48:40Z,approved,credit,4814
TXN-01495,4532XXXX4253,CUST-1147,Shell Petrol,8415.82,USD,2025-06-23T13:18:48Z,approved,credit,5541
TXN-01496,4532XXXX6185,CUST-1171,Whites Pharmacy,4859.37,SAR,2025-06-09T21:48:21Z,approved,debit,5912
TXN-01497,4532XXXX7658,CUST-1118,Careem Rides,4749.54,SAR,2025-06-03T19:03:57Z,approved,credit,4121
TXN-01498,4532XXXX3059,CUST-1185,Jarir Bookstore,14150.14,GBP,2025-06-16T11:09:14Z,declined,debit,5942
TXN-01499,4532XXXX7884,CUST-1164,Whites Pharmacy,3283.25,SAR,2025-02-06T10:32:41Z,declined,credit,5912
TXN-01500,4532XXXX4131,CUST-1199,Extra Electronics,3245.98,SAR,2025-02-10T17:34:00Z,declined,credit,5732
TXN-01501,4532XXXX6029,CUST-1004,Saudi Airlines,247.79,USD,2025-06-24T02:42:53Z,approved,debit,3000
TXN-01502,4532XXXX6762,CUST-1180,Aramex Shipping,6842.68,SAR,2025-03-21T16:32:28Z,approved,credit,4215
TXN-01503,4532XXXX3880,CUST-1110,Makkah Hotel,5040.72,EUR,2025-06-29T21:05:54Z,approved,debit,7011
TXN-01504,4532XXXX7251,CUST-1096,Tamimi Markets,2444.04,SAR,2025-03-26T15:19:48Z,approved,credit,5411
TXN-01505,4532XXXX2625,CUST-1177,H&M Saudi,10532.88,SAR,2025-06-29T15:26:39Z,approved,debit,5651
TXN-01506,4532XXXX9133,CUST-1023,Tawuniya Insurance,13987.79,SAR,2025-01-21T03:09:42Z,pending,credit,6300
TXN-01507,4532XXXX1534,CUST-1160,Zain Telecom,6664.33,SAR,2025-04-23T20:44:41Z,declined,debit,4814
TXN-01508,4532XXXX2875,CUST-1108,Spotify,6822.18,SAR,2025-03-15T23:57:38Z,approved,credit,4899
TXN-01509,4532XXXX7484,CUST-1032,Danube Online,13710.87,EUR,2025-03-22T04:24:55Z,approved,debit,5411
TXN-01510,4532XXXX6036,CUST-1058,Al Rajhi ATM,13194.71,SAR,2025-02-21T08:39:18Z,approved,credit,6011
TXN-01511,4532XXXX1430,CUST-1062,Jarir Bookstore,6221.28,AED,2025-01-04T00:22:31Z,approved,debit,5942
TXN-01512,4532XXXX8045,CUST-1133,HyperPanda,2560.31,SAR,2025-04-22T02:35:12Z,approved,credit,5411
TXN-01513,4532XXXX8030,CUST-1101,Netflix,5902.80,SAR,2025-01-11T00:23:05Z,approved,credit,4899
TXN-01514,4532XXXX8166,CUST-1100,Tamimi Markets,4775.28,SAR,2025-01-31T18:24:03Z,approved,debit,5411
TXN-01515,4532XXXX7422,CUST-1182,Namshi Fashion,9473.46,SAR,2025-06-02T07:00:56Z,pending,credit,5651
TXN-01516,4532XXXX2528,CUST-1067,PlayStation Store,4839.46,SAR,2025-01-19T02:35:49Z,approved,debit,5816
TXN-01517,4532XXXX9907,CUST-1003,Ceer Motors,2299.96,SAR,2025-05-01T00:33:11Z,approved,credit,5511
TXN-01518,4532XXXX6867,CUST-1098,STC Pay TopUp,1962.57,SAR,2025-03-30T02:25:27Z,approved,debit,4814
TXN-01519,4532XXXX7194,CUST-1168,IKEA Saudi,8033.58,SAR,2025-02-17T14:58:06Z,pending,debit,5712
TXN-01520,4532XXXX1379,CUST-1169,Amazon.sa,14024.96,SAR,2025-05-02T20:04:23Z,declined,credit,5311
TXN-01521,4532XXXX3323,CUST-1027,SABB ATM,8940.44,SAR,2025-01-21T19:00:48Z,approved,debit,6011
TXN-01522,4532XXXX4407,CUST-1047,Al Baik Restaurant,12670.13,SAR,2025-06-27T05:34:45Z,approved,debit,5812
TXN-01523,4532XXXX2250,CUST-1126,STC Pay TopUp,7300.33,SAR,2025-05-02T11:53:34Z,approved,credit,4814
TXN-01524,4532XXXX3639,CUST-1108,Shell Petrol,9505.11,USD,2025-03-29T13:14:46Z,approved,debit,5541
TXN-01525,4532XXXX1515,CUST-1003,Tamimi Markets,9470.04,SAR,2025-06-15T23:41:54Z,approved,debit,5411
TXN-01526,4532XXXX3595,CUST-1089,Talabat Food,9001.89,GBP,2025-01-01T23:22:10Z,approved,credit,5812
TXN-01527,4532XXXX9486,CUST-1066,SABB ATM,448.18,SAR,2025-01-05T11:21:56Z,approved,credit,6011
TXN-01528,4532XXXX1483,CUST-1040,Spotify,1726.25,USD,2025-02-12T03:05:47Z,approved,debit,4899
TXN-01529,4532XXXX5483,CUST-1057,Al Baik Restaurant,14098.02,SAR,2025-02-21T23:03:44Z,approved,debit,5812
TXN-01530,4532XXXX9123,CUST-1024,Danube Online,9780.61,SAR,2025-04-01T16:34:53Z,approved,credit,5411
TXN-01531,4532XXXX5605,CUST-1103,Netflix,2972.16,SAR,2025-06-14T06:48:44Z,approved,debit,4899
TXN-01532,4532XXXX8992,CUST-1150,Whites Pharmacy,11912.52,SAR,2025-05-21T05:02:42Z,approved,debit,5912
TXN-01533,4532XXXX2762,CUST-1109,HyperPanda,12239.30,SAR,2025-05-01T22:58:31Z,approved,debit,5411
TXN-01534,4532XXXX2052,CUST-1110,Netflix,5612.54,SAR,2025-05-03T20:35:18Z,approved,debit,4899
TXN-01535,4532XXXX9691,CUST-1009,Al Rajhi ATM,6150.07,SAR,2025-04-28T06:17:40Z,approved,debit,6011
TXN-01536,4532XXXX4046,CUST-1008,SABB ATM,4843.60,SAR,2025-06-03T13:50:39Z,approved,debit,6011
TXN-01537,4532XXXX6151,CUST-1019,Spotify,5582.60,SAR,2025-06-01T08:48:04Z,approved,debit,4899
TXN-01538,4532XXXX6268,CUST-1082,Jarir Bookstore,3210.52,SAR,2025-04-21T04:35:54Z,approved,credit,5942
TXN-01539,4532XXXX2686,CUST-1017,Shell Petrol,3186.57,SAR,2025-02-12T05:27:10Z,approved,debit,5541
TXN-01540,4532XXXX2225,CUST-1184,HyperPanda,12112.36,AED,2025-05-11T08:41:39Z,approved,credit,5411
TXN-01541,4532XXXX1813,CUST-1108,H&M Saudi,4805.22,SAR,2025-02-08T06:39:39Z,approved,credit,5651
TXN-01542,4532XXXX6355,CUST-1012,Lulu Hypermarket,1865.77,SAR,2025-02-03T05:34:08Z,approved,debit,5411
TXN-01543,4532XXXX1076,CUST-1061,Shein SA,272.46,SAR,2025-06-02T02:28:07Z,approved,debit,5311
TXN-01544,4532XXXX1640,CUST-1034,Zara SA,8004.34,SAR,2025-04-13T10:23:31Z,approved,credit,5651
TXN-01545,4532XXXX5931,CUST-1005,Uber Rides,12448.60,SAR,2025-03-22T14:24:27Z,approved,debit,4121
TXN-01546,4532XXXX9090,CUST-1193,Danube Online,8348.97,SAR,2025-03-02T19:29:58Z,approved,debit,5411
TXN-01547,4532XXXX2989,CUST-1101,Alshaya Group,6821.45,SAR,2025-06-14T19:05:58Z,approved,credit,5311
TXN-01548,4532XXXX2722,CUST-1027,STC Pay TopUp,12382.72,SAR,2025-01-27T22:32:57Z,approved,credit,4814
TXN-01549,4532XXXX7043,CUST-1186,H&M Saudi,1324.81,SAR,2025-05-21T14:35:14Z,approved,debit,5651
TXN-01550,4532XXXX1786,CUST-1177,Amazon.sa,11775.24,SAR,2025-01-22T12:22:55Z,approved,debit,5311
TXN-01551,4532XXXX5422,CUST-1068,Booking.com,11875.46,SAR,2025-03-15T16:51:40Z,declined,debit,7011
TXN-01552,4532XXXX3424,CUST-1036,Whites Pharmacy,1898.70,SAR,2025-06-17T08:43:16Z,pending,credit,5912
TXN-01553,4532XXXX4940,CUST-1106,Ceer Motors,1839.99,SAR,2025-04-13T10:44:33Z,approved,credit,5511
TXN-01554,4532XXXX8908,CUST-1170,Aramex Shipping,4832.06,EUR,2025-05-22T22:04:32Z,approved,debit,4215
TXN-01555,4532XXXX4971,CUST-1068,Apple Store,5298.38,SAR,2025-06-12T05:54:30Z,declined,credit,5045
TXN-01556,4532XXXX1987,CUST-1189,Spotify,1131.79,SAR,2025-04-07T01:01:47Z,approved,debit,4899
TXN-01557,4532XXXX2712,CUST-1172,Spotify,5778.98,SAR,2025-04-05T16:35:35Z,approved,debit,4899
TXN-01558,4532XXXX8438,CUST-1152,Makkah Hotel,4703.82,SAR,2025-03-02T13:12:42Z,declined,debit,7011
TXN-01559,4532XXXX7317,CUST-1130,Noon.com,3285.68,AED,2025-03-12T14:42:10Z,approved,credit,5311
TXN-01560,4532XXXX7931,CUST-1132,Netflix,2823.36,SAR,2025-02-23T22:49:15Z,approved,credit,4899
TXN-01561,4532XXXX2755,CUST-1079,Shein SA,2213.61,SAR,2025-06-20T03:22:13Z,pending,debit,5311
TXN-01562,4532XXXX8802,CUST-1062,STC Pay TopUp,2809.51,USD,2025-01-06T13:13:17Z,declined,credit,4814
TXN-01563,4532XXXX6806,CUST-1116,Danube Online,13904.28,SAR,2025-01-17T07:46:46Z,approved,debit,5411
TXN-01564,4532XXXX8230,CUST-1039,Zara SA,7621.36,SAR,2025-01-11T07:43:47Z,approved,debit,5651
TXN-01565,4532XXXX4177,CUST-1026,Amazon.sa,10981.36,SAR,2025-03-24T01:24:16Z,approved,debit,5311
TXN-01566,4532XXXX9497,CUST-1104,Tamimi Markets,7945.79,SAR,2025-04-06T20:25:06Z,approved,debit,5411
TXN-01567,4532XXXX2887,CUST-1175,Amazon.sa,14384.78,SAR,2025-02-12T15:18:57Z,approved,debit,5311
TXN-01568,4532XXXX4710,CUST-1148,Lulu Hypermarket,7984.32,SAR,2025-02-23T11:44:03Z,approved,credit,5411
TXN-01569,4532XXXX5395,CUST-1184,Zara SA,1524.06,SAR,2025-05-23T12:20:07Z,approved,debit,5651
TXN-01570,4532XXXX5718,CUST-1044,Spotify,4323.45,SAR,2025-04-26T19:01:18Z,pending,debit,4899
TXN-01571,4532XXXX6002,CUST-1025,Tamimi Markets,10508.57,SAR,2025-04-03T13:51:17Z,declined,debit,5411
TXN-01572,4532XXXX8458,CUST-1044,Mobily Recharge,2503.85,SAR,2025-03-06T11:57:21Z,approved,debit,4814
TXN-01573,4532XXXX2261,CUST-1171,Talabat Food,317.30,SAR,2025-02-21T05:32:49Z,approved,credit,5812
TXN-01574,4532XXXX1016,CUST-1195,Jarir Bookstore,14543.28,SAR,2025-04-24T05:43:02Z,approved,debit,5942
TXN-01575,4532XXXX5762,CUST-1121,SABB ATM,265.78,SAR,2025-05-13T01:14:42Z,approved,credit,6011
TXN-01576,4532XXXX5990,CUST-1129,Extra Electronics,11629.97,SAR,2025-01-20T09:59:55Z,pending,debit,5732
TXN-01577,4532XXXX8970,CUST-1116,Aramex Shipping,14846.95,SAR,2025-02-19T23:17:20Z,approved,debit,4215
TXN-01578,4532XXXX9484,CUST-1118,Jarir Bookstore,4520.50,USD,2025-03-06T19:20:09Z,pending,credit,5942
TXN-01579,4532XXXX1339,CUST-1153,Talabat Food,10288.33,SAR,2025-05-22T09:43:49Z,approved,debit,5812
TXN-01580,4532XXXX8056,CUST-1057,Careem Rides,468.42,SAR,2025-04-23T03:44:14Z,approved,debit,4121
TXN-01581,4532XXXX2768,CUST-1191,Al Baik Restaurant,14322.44,SAR,2025-05-05T00:42:54Z,approved,credit,5812
TXN-01582,4532XXXX9632,CUST-1174,Zain Telecom,6741.79,USD,2025-06-20T02:53:18Z,approved,debit,4814
TXN-01583,4532XXXX5526,CUST-1174,Danube Online,5868.44,USD,2025-03-23T00:43:56Z,approved,debit,5411
TXN-01584,4532XXXX3014,CUST-1011,Whites Pharmacy,5152.40,SAR,2025-04-29T21:50:20Z,approved,debit,5912
TXN-01585,4532XXXX3410,CUST-1146,Danube Online,14542.20,SAR,2025-04-07T21:10:06Z,approved,credit,5411
TXN-01586,4532XXXX3664,CUST-1039,Makkah Hotel,9358.81,EUR,2025-05-09T23:57:25Z,approved,credit,7011
TXN-01587,4532XXXX4560,CUST-1074,Uber Rides,238.81,SAR,2025-01-08T22:51:18Z,approved,credit,4121
TXN-01588,4532XXXX1010,CUST-1032,Amazon.sa,81.33,SAR,2025-03-10T09:37:46Z,approved,debit,5311
TXN-01589,4532XXXX3540,CUST-1036,Danube Online,11780.02,USD,2025-04-08T11:27:28Z,approved,credit,5411
TXN-01590,4532XXXX2322,CUST-1070,Careem Rides,2954.93,GBP,2025-04-24T15:20:43Z,approved,debit,4121
TXN-01591,4532XXXX7328,CUST-1009,Talabat Food,3734.68,AED,2025-05-12T18:02:25Z,approved,debit,5812
TXN-01592,4532XXXX8140,CUST-1026,Flynas Airline,8957.60,AED,2025-02-03T15:38:44Z,declined,debit,3000
TXN-01593,4532XXXX7820,CUST-1149,Namshi Fashion,2996.60,SAR,2025-01-27T08:21:53Z,approved,debit,5651
TXN-01594,4532XXXX8555,CUST-1078,Alshaya Group,8502.14,SAR,2025-05-03T00:10:40Z,approved,debit,5311
TXN-01595,4532XXXX6132,CUST-1097,H&M Saudi,7900.94,SAR,2025-05-15T18:53:45Z,approved,credit,5651
TXN-01596,4532XXXX7721,CUST-1183,Danube Online,6417.90,SAR,2025-03-23T15:41:54Z,approved,debit,5411
TXN-01597,4532XXXX3303,CUST-1144,STC Pay TopUp,6316.67,EUR,2025-05-27T18:32:47Z,approved,debit,4814
TXN-01598,4532XXXX5806,CUST-1063,Whites Pharmacy,1913.49,SAR,2025-04-16T11:49:10Z,approved,credit,5912
TXN-01599,4532XXXX9487,CUST-1101,Namshi Fashion,94.26,SAR,2025-06-06T19:08:03Z,approved,debit,5651
TXN-01600,4532XXXX6463,CUST-1022,Amazon.sa,14792.67,SAR,2025-01-21T18:53:02Z,approved,debit,5311
TXN-01601,4532XXXX2989,CUST-1075,Shein SA,4972.96,SAR,2025-01-12T19:39:01Z,pending,credit,5311
TXN-01602,4532XXXX9458,CUST-1173,Al Rajhi ATM,800.04,SAR,2025-02-09T19:40:10Z,approved,credit,6011
TXN-01603,4532XXXX3535,CUST-1190,Aramex Shipping,13426.31,SAR,2025-05-05T05:04:10Z,approved,credit,4215
TXN-01604,4532XXXX2879,CUST-1080,Jarir Bookstore,9356.84,USD,2025-02-08T23:19:45Z,approved,debit,5942
TXN-01605,4532XXXX4347,CUST-1040,HyperPanda,7799.74,USD,2025-02-18T00:03:49Z,approved,credit,5411
TXN-01606,4532XXXX5913,CUST-1007,Al Rajhi ATM,839.52,SAR,2025-01-24T15:40:56Z,approved,credit,6011
TXN-01607,4532XXXX8194,CUST-1048,Hunger Station,8203.06,USD,2025-06-09T13:20:11Z,declined,credit,5812
TXN-01608,4532XXXX4943,CUST-1032,H&M Saudi,329.76,SAR,2025-01-28T12:18:19Z,approved,credit,5651
TXN-01609,4532XXXX2638,CUST-1190,Zain Telecom,7209.59,SAR,2025-02-26T04:55:48Z,approved,credit,4814
TXN-01610,4532XXXX8601,CUST-1095,Lulu Hypermarket,10466.30,SAR,2025-01-21T20:13:16Z,approved,debit,5411
TXN-01611,4532XXXX1180,CUST-1038,STC Pay TopUp,1806.30,SAR,2025-03-17T14:52:21Z,approved,debit,4814
TXN-01612,4532XXXX1698,CUST-1009,Tawuniya Insurance,9859.59,SAR,2025-03-28T07:25:26Z,approved,debit,6300
TXN-01613,4532XXXX9202,CUST-1120,Nana Grocery,14726.40,SAR,2025-03-11T11:13:29Z,approved,debit,5411
TXN-01614,4532XXXX3480,CUST-1090,Makkah Hotel,946.17,SAR,2025-05-08T08:48:18Z,approved,credit,7011
TXN-01615,4532XXXX3294,CUST-1185,Shein SA,10729.16,SAR,2025-06-02T18:16:23Z,approved,credit,5311
TXN-01616,4532XXXX8925,CUST-1169,Alshaya Group,1027.81,AED,2025-06-12T23:32:25Z,approved,credit,5311
TXN-01617,4532XXXX9608,CUST-1156,Tamimi Markets,13911.55,SAR,2025-05-31T13:36:59Z,approved,debit,5411
TXN-01618,4532XXXX7615,CUST-1179,Mobily Recharge,8712.97,SAR,2025-04-24T11:56:09Z,approved,debit,4814
TXN-01619,4532XXXX8805,CUST-1008,Extra Electronics,9980.59,SAR,2025-04-07T23:31:50Z,approved,credit,5732
TXN-01620,4532XXXX7292,CUST-1060,Hunger Station,13211.93,SAR,2025-05-22T09:29:10Z,pending,debit,5812
TXN-01621,4532XXXX2194,CUST-1017,Amazon.sa,1721.53,SAR,2025-06-14T10:22:57Z,approved,credit,5311
TXN-01622,4532XXXX6261,CUST-1096,HyperPanda,446.74,SAR,2025-02-03T19:12:43Z,approved,credit,5411
TXN-01623,4532XXXX4272,CUST-1116,Shell Petrol,9562.75,SAR,2025-04-19T01:19:47Z,approved,debit,5541
TXN-01624,4532XXXX3655,CUST-1126,Nahdi Pharmacy,3386.32,SAR,2025-05-25T02:41:16Z,approved,credit,5912
TXN-01625,4532XXXX2576,CUST-1050,Al Baik Restaurant,9438.59,SAR,2025-05-10T20:10:23Z,approved,debit,5812
TXN-01626,4532XXXX2179,CUST-1036,Jarir Bookstore,6123.37,SAR,2025-04-17T03:15:04Z,approved,debit,5942
TXN-01627,4532XXXX8761,CUST-1175,Tawuniya Insurance,2856.10,SAR,2025-02-10T06:54:09Z,approved,debit,6300
TXN-01628,4532XXXX2100,CUST-1092,Riyadh Season,12802.06,USD,2025-06-05T15:42:27Z,approved,debit,7922
TXN-01629,4532XXXX9474,CUST-1161,Shell Petrol,8539.44,USD,2025-01-25T16:45:34Z,approved,debit,5541
TXN-01630,4532XXXX1369,CUST-1031,Aramex Shipping,9024.34,SAR,2025-03-06T06:11:52Z,approved,debit,4215
TXN-01631,4532XXXX3586,CUST-1065,Shell Petrol,1023.95,SAR,2025-06-19T05:21:36Z,approved,debit,5541
TXN-01632,4532XXXX9192,CUST-1137,Shein SA,7768.81,SAR,2025-04-29T16:37:08Z,approved,debit,5311
TXN-01633,4532XXXX8716,CUST-1159,Amazon.sa,13377.67,SAR,2025-04-24T03:55:00Z,approved,credit,5311
TXN-01634,4532XXXX1973,CUST-1008,Panda Supermarket,3916.91,SAR,2025-03-06T23:04:30Z,approved,debit,5411
TXN-01635,4532XXXX2021,CUST-1141,Booking.com,9951.73,AED,2025-06-20T13:02:08Z,approved,credit,7011
TXN-01636,4532XXXX1579,CUST-1019,Shein SA,10547.85,AED,2025-05-29T15:50:04Z,approved,debit,5311
TXN-01637,4532XXXX8844,CUST-1107,HyperPanda,13940.81,SAR,2025-06-22T08:08:11Z,approved,debit,5411
TXN-01638,4532XXXX6738,CUST-1186,Panda Supermarket,7451.47,SAR,2025-02-13T17:43:04Z,approved,credit,5411
TXN-01639,4532XXXX4214,CUST-1078,IKEA Saudi,835.07,SAR,2025-05-31T05:17:56Z,approved,credit,5712
TXN-01640,4532XXXX7180,CUST-1098,STC Pay TopUp,786.85,SAR,2025-05-29T16:20:04Z,declined,debit,4814
TXN-01641,4532XXXX7024,CUST-1111,H&M Saudi,1738.17,SAR,2025-01-23T21:53:06Z,approved,debit,5651
TXN-01642,4532XXXX1164,CUST-1088,H&M Saudi,3576.36,AED,2025-01-18T20:42:29Z,approved,debit,5651
TXN-01643,4532XXXX5094,CUST-1192,Zain Telecom,14864.13,SAR,2025-01-03T21:25:56Z,approved,debit,4814
TXN-01644,4532XXXX6728,CUST-1015,Namshi Fashion,4242.53,SAR,2025-03-02T23:55:57Z,approved,credit,5651
TXN-01645,4532XXXX3005,CUST-1063,Apple Store,5970.29,SAR,2025-05-08T16:33:29Z,declined,debit,5045
TXN-01646,4532XXXX6848,CUST-1020,Flynas Airline,3091.89,AED,2025-05-17T22:43:38Z,approved,debit,3000
TXN-01647,4532XXXX5001,CUST-1183,Alshaya Group,11704.23,AED,2025-02-26T20:00:12Z,approved,debit,5311
TXN-01648,4532XXXX7731,CUST-1082,Zain Telecom,814.69,SAR,2025-06-24T20:17:11Z,declined,credit,4814
TXN-01649,4532XXXX9535,CUST-1125,Lulu Hypermarket,13681.18,SAR,2025-06-13T09:19:34Z,approved,debit,5411
TXN-01650,4532XXXX3325,CUST-1190,PlayStation Store,5588.99,SAR,2025-06-08T12:36:18Z,approved,debit,5816
TXN-01651,4532XXXX1348,CUST-1179,Nahdi Pharmacy,6809.18,SAR,2025-01-23T04:23:26Z,approved,debit,5912
TXN-01652,4532XXXX1978,CUST-1070,Lulu Hypermarket,4509.69,SAR,2025-01-17T09:46:02Z,approved,credit,5411
TXN-01653,4532XXXX1727,CUST-1099,Aramex Shipping,5741.91,SAR,2025-03-28T05:16:55Z,approved,debit,4215
TXN-01654,4532XXXX5999,CUST-1098,Tamimi Markets,7989.72,SAR,2025-05-09T05:41:54Z,approved,credit,5411
TXN-01655,4532XXXX6508,CUST-1196,Danube Online,13651.26,AED,2025-05-27T12:07:21Z,approved,credit,5411
TXN-01656,4532XXXX8111,CUST-1152,Spotify,5117.46,SAR,2025-06-11T00:32:09Z,approved,credit,4899
TXN-01657,4532XXXX5709,CUST-1189,Amazon.sa,8301.65,USD,2025-05-21T01:29:15Z,approved,debit,5311
TXN-01658,4532XXXX3663,CUST-1109,Shein SA,11536.34,SAR,2025-02-20T12:09:25Z,approved,debit,5311
TXN-01659,4532XXXX5495,CUST-1191,Hunger Station,232.68,SAR,2025-06-05T06:21:16Z,approved,debit,5812
TXN-01660,4532XXXX5493,CUST-1198,Zain Telecom,8568.38,SAR,2025-01-08T11:55:04Z,approved,debit,4814
TXN-01661,4532XXXX1202,CUST-1169,Flynas Airline,12154.84,SAR,2025-04-29T01:28:53Z,approved,debit,3000
TXN-01662,4532XXXX8581,CUST-1146,Mobily Recharge,12714.65,USD,2025-03-28T04:17:54Z,approved,debit,4814
TXN-01663,4532XXXX4569,CUST-1003,Nana Grocery,5384.06,SAR,2025-05-04T20:05:53Z,approved,debit,5411
TXN-01664,4532XXXX2049,CUST-1149,Al Baik Restaurant,9156.88,SAR,2025-03-02T23:28:10Z,approved,debit,5812
TXN-01665,4532XXXX3858,CUST-1067,Lulu Hypermarket,7426.46,SAR,2025-02-14T03:50:56Z,approved,credit,5411
TXN-01666,4532XXXX9302,CUST-1168,Amazon.sa,9820.74,SAR,2025-02-05T18:41:34Z,approved,credit,5311
TXN-01667,4532XXXX5244,CUST-1082,Panda Supermarket,3423.15,SAR,2025-05-19T18:02:32Z,approved,debit,5411
TXN-01668,4532XXXX6729,CUST-1174,Danube Online,675.77,SAR,2025-02-15T13:45:59Z,approved,debit,5411
TXN-01669,4532XXXX6337,CUST-1130,Nahdi Pharmacy,1166.37,SAR,2025-02-09T14:54:15Z,approved,debit,5912
TXN-01670,4532XXXX3344,CUST-1175,Starbucks SA,6400.00,SAR,2025-02-24T23:16:08Z,approved,debit,5814
TXN-01671,4532XXXX7139,CUST-1156,Saudi Airlines,6125.02,SAR,2025-05-07T14:26:19Z,approved,debit,3000
TXN-01672,4532XXXX1418,CUST-1160,STC Pay TopUp,673.94,SAR,2025-01-30T03:20:43Z,approved,credit,4814
TXN-01673,4532XXXX6636,CUST-1055,Mobily Recharge,11714.20,SAR,2025-04-09T16:18:03Z,approved,debit,4814
TXN-01674,4532XXXX2285,CUST-1150,Panda Supermarket,2255.37,SAR,2025-05-29T02:01:43Z,approved,debit,5411
TXN-01675,4532XXXX7849,CUST-1145,Al Rajhi ATM,9456.71,GBP,2025-05-23T12:27:38Z,approved,credit,6011
TXN-01676,4532XXXX9592,CUST-1032,Makkah Hotel,9108.49,SAR,2025-05-09T00:05:03Z,approved,debit,7011
TXN-01677,4532XXXX4998,CUST-1082,Lulu Hypermarket,8630.78,SAR,2025-06-26T21:53:30Z,approved,debit,5411
TXN-01678,4532XXXX4949,CUST-1197,Saudi Airlines,4725.67,SAR,2025-01-23T09:52:54Z,approved,credit,3000
TXN-01679,4532XXXX6935,CUST-1105,Saudi Airlines,8409.05,SAR,2025-01-15T20:15:13Z,declined,credit,3000
TXN-01680,4532XXXX3052,CUST-1155,IKEA Saudi,6285.66,SAR,2025-04-21T13:19:37Z,approved,debit,5712
TXN-01681,4532XXXX5264,CUST-1199,Starbucks SA,9990.21,SAR,2025-04-28T14:02:50Z,approved,debit,5814
TXN-01682,4532XXXX9096,CUST-1081,SABB ATM,6318.23,SAR,2025-01-29T19:35:14Z,declined,credit,6011
TXN-01683,4532XXXX7858,CUST-1051,Tamimi Markets,237.61,USD,2025-01-24T10:55:00Z,approved,credit,5411
TXN-01684,4532XXXX8068,CUST-1142,Talabat Food,1900.34,SAR,2025-01-07T14:48:14Z,approved,credit,5812
TXN-01685,4532XXXX7358,CUST-1043,Uber Rides,13003.87,SAR,2025-06-28T09:05:36Z,approved,debit,4121
TXN-01686,4532XXXX2950,CUST-1033,Zara SA,3625.32,SAR,2025-02-26T23:18:19Z,approved,debit,5651
TXN-01687,4532XXXX2208,CUST-1152,HyperPanda,14912.04,SAR,2025-01-09T18:49:22Z,pending,debit,5411
TXN-01688,4532XXXX5739,CUST-1115,Starbucks SA,11111.76,SAR,2025-03-26T14:27:47Z,pending,credit,5814
TXN-01689,4532XXXX9345,CUST-1180,Namshi Fashion,10856.99,SAR,2025-04-25T11:32:24Z,approved,debit,5651
TXN-01690,4532XXXX7215,CUST-1002,Whites Pharmacy,10110.24,SAR,2025-03-30T01:35:23Z,approved,debit,5912
TXN-01691,4532XXXX2587,CUST-1046,Al Rajhi ATM,4193.10,SAR,2025-05-31T02:28:14Z,approved,debit,6011
TXN-01692,4532XXXX9326,CUST-1127,Booking.com,7767.58,SAR,2025-04-12T23:34:47Z,approved,debit,7011
TXN-01693,4532XXXX1687,CUST-1083,Shell Petrol,2680.35,SAR,2025-01-28T19:20:39Z,pending,credit,5541
TXN-01694,4532XXXX6150,CUST-1054,H&M Saudi,8629.19,SAR,2025-04-30T12:19:58Z,approved,debit,5651
TXN-01695,4532XXXX4664,CUST-1073,Extra Electronics,4111.36,SAR,2025-03-27T05:30:01Z,approved,debit,5732
TXN-01696,4532XXXX5565,CUST-1067,HyperPanda,13868.12,SAR,2025-05-10T09:48:20Z,approved,debit,5411
TXN-01697,4532XXXX1651,CUST-1053,PlayStation Store,11324.20,USD,2025-01-06T07:27:38Z,approved,credit,5816
TXN-01698,4532XXXX4328,CUST-1050,Jarir Bookstore,12336.86,SAR,2025-03-13T18:11:01Z,approved,credit,5942
TXN-01699,4532XXXX2795,CUST-1110,Nahdi Pharmacy,12466.41,SAR,2025-02-27T06:31:38Z,declined,credit,5912
TXN-01700,4532XXXX3241,CUST-1031,Nahdi Pharmacy,7401.37,USD,2025-01-17T20:48:53Z,approved,credit,5912
TXN-01701,4532XXXX4644,CUST-1172,SABB ATM,12055.60,EUR,2025-05-25T12:35:04Z,pending,debit,6011
TXN-01702,4532XXXX9402,CUST-1084,Extra Electronics,4145.24,SAR,2025-05-03T10:55:14Z,declined,credit,5732
TXN-01703,4532XXXX9540,CUST-1019,Mobily Recharge,580.16,USD,2025-01-20T12:04:43Z,approved,debit,4814
TXN-01704,4532XXXX5029,CUST-1143,Ceer Motors,9519.28,SAR,2025-01-02T13:08:44Z,approved,credit,5511
TXN-01705,4532XXXX8938,CUST-1097,IKEA Saudi,3982.96,SAR,2025-01-30T09:43:45Z,approved,credit,5712
TXN-01706,4532XXXX9459,CUST-1128,Apple Store,9523.42,SAR,2025-01-18T05:25:35Z,pending,credit,5045
TXN-01707,4532XXXX4416,CUST-1055,Jarir Bookstore,7362.91,SAR,2025-04-29T16:28:42Z,declined,debit,5942
TXN-01708,4532XXXX4845,CUST-1010,Starbucks SA,9202.61,SAR,2025-05-03T12:47:45Z,declined,debit,5814
TXN-01709,4532XXXX4799,CUST-1124,Makkah Hotel,2705.06,SAR,2025-02-28T06:34:12Z,approved,credit,7011
TXN-01710,4532XXXX9903,CUST-1125,Aramex Shipping,5886.19,SAR,2025-03-11T08:20:11Z,approved,debit,4215
TXN-01711,4532XXXX5706,CUST-1025,IKEA Saudi,13214.02,SAR,2025-05-27T14:22:25Z,approved,debit,5712
TXN-01712,4532XXXX6224,CUST-1084,Hunger Station,1741.71,SAR,2025-04-01T05:49:35Z,declined,debit,5812
TXN-01713,4532XXXX9014,CUST-1089,Zara SA,11606.36,SAR,2025-04-04T22:23:09Z,approved,debit,5651
TXN-01714,4532XXXX7701,CUST-1176,Hunger Station,4022.52,SAR,2025-02-11T18:28:02Z,approved,credit,5812
TXN-01715,4532XXXX8240,CUST-1198,Mobily Recharge,4767.69,SAR,2025-03-17T23:57:19Z,approved,debit,4814
TXN-01716,4532XXXX1747,CUST-1067,Amazon.sa,10924.16,SAR,2025-03-07T23:46:35Z,approved,debit,5311
TXN-01717,4532XXXX2807,CUST-1105,IKEA Saudi,2502.19,SAR,2025-02-10T00:57:55Z,approved,credit,5712
TXN-01718,4532XXXX1345,CUST-1085,Namshi Fashion,303.70,SAR,2025-05-21T05:49:47Z,approved,debit,5651
TXN-01719,4532XXXX2039,CUST-1200,Booking.com,11503.80,AED,2025-04-18T08:40:25Z,declined,debit,7011
TXN-01720,4532XXXX9776,CUST-1133,Spotify,2980.61,SAR,2025-01-31T11:38:23Z,approved,credit,4899
TXN-01721,4532XXXX7773,CUST-1059,Apple Store,13660.25,USD,2025-03-06T08:54:42Z,approved,credit,5045
TXN-01722,4532XXXX9627,CUST-1188,Hunger Station,545.94,AED,2025-01-04T21:20:20Z,approved,credit,5812
TXN-01723,4532XXXX4768,CUST-1102,Aramex Shipping,4249.93,SAR,2025-01-05T16:59:12Z,declined,credit,4215
TXN-01724,4532XXXX7190,CUST-1177,Hunger Station,11249.98,SAR,2025-06-07T20:50:06Z,declined,debit,5812
TXN-01725,4532XXXX7805,CUST-1034,Lulu Hypermarket,1152.52,USD,2025-04-08T23:11:07Z,approved,debit,5411
TXN-01726,4532XXXX7408,CUST-1191,Zain Telecom,2281.95,SAR,2025-05-23T21:25:06Z,approved,credit,4814
TXN-01727,4532XXXX5490,CUST-1080,Mobily Recharge,11153.53,SAR,2025-02-28T16:08:22Z,approved,debit,4814
TXN-01728,4532XXXX5771,CUST-1026,Flynas Airline,8645.14,EUR,2025-03-15T02:59:36Z,approved,debit,3000
TXN-01729,4532XXXX9736,CUST-1057,Starbucks SA,7252.83,SAR,2025-06-26T06:01:44Z,approved,debit,5814
TXN-01730,4532XXXX9955,CUST-1098,STC Pay TopUp,10914.72,GBP,2025-03-14T09:05:00Z,declined,debit,4814
TXN-01731,4532XXXX4802,CUST-1116,IKEA Saudi,378.25,SAR,2025-05-30T18:04:46Z,approved,debit,5712
TXN-01732,4532XXXX2370,CUST-1123,Shein SA,4662.59,SAR,2025-01-28T22:01:21Z,approved,credit,5311
TXN-01733,4532XXXX2374,CUST-1044,Spotify,7349.72,USD,2025-02-18T12:56:24Z,approved,debit,4899
TXN-01734,4532XXXX4808,CUST-1158,Talabat Food,12595.55,SAR,2025-05-28T16:34:01Z,approved,credit,5812
TXN-01735,4532XXXX3467,CUST-1127,Flynas Airline,11108.96,SAR,2025-06-12T00:13:44Z,approved,debit,3000
TXN-01736,4532XXXX4427,CUST-1177,Shein SA,13072.06,SAR,2025-02-22T01:38:44Z,pending,credit,5311
TXN-01737,4532XXXX6272,CUST-1126,Zain Telecom,14392.33,SAR,2025-02-15T18:37:29Z,approved,credit,4814
TXN-01738,4532XXXX2334,CUST-1124,Al Rajhi ATM,11096.58,SAR,2025-05-23T08:21:02Z,approved,debit,6011
TXN-01739,4532XXXX9518,CUST-1180,Uber Rides,11354.52,SAR,2025-02-01T11:24:31Z,pending,debit,4121
TXN-01740,4532XXXX7949,CUST-1043,Netflix,14578.88,SAR,2025-01-08T14:02:30Z,approved,debit,4899
TXN-01741,4532XXXX7850,CUST-1161,Makkah Hotel,11236.16,SAR,2025-04-17T05:36:04Z,approved,debit,7011
TXN-01742,4532XXXX5441,CUST-1076,SABB ATM,4416.88,SAR,2025-06-29T00:41:33Z,approved,debit,6011
TXN-01743,4532XXXX9572,CUST-1158,Saudi Airlines,2493.36,SAR,2025-02-26T08:24:54Z,declined,debit,3000
TXN-01744,4532XXXX4450,CUST-1158,Saudi Airlines,3772.33,SAR,2025-03-31T21:10:40Z,approved,credit,3000
TXN-01745,4532XXXX1160,CUST-1185,Namshi Fashion,10727.65,SAR,2025-04-03T00:23:46Z,approved,debit,5651
TXN-01746,4532XXXX6109,CUST-1046,Careem Rides,14899.69,SAR,2025-01-02T02:06:33Z,declined,debit,4121
TXN-01747,4532XXXX8679,CUST-1052,Noon.com,4968.87,SAR,2025-01-12T20:46:58Z,approved,debit,5311
TXN-01748,4532XXXX1231,CUST-1018,Danube Online,13250.73,SAR,2025-03-08T23:37:05Z,approved,debit,5411
TXN-01749,4532XXXX7607,CUST-1073,H&M Saudi,4589.73,SAR,2025-05-02T06:23:07Z,approved,credit,5651
TXN-01750,4532XXXX2687,CUST-1139,Tawuniya Insurance,1166.75,SAR,2025-01-30T14:20:13Z,pending,debit,6300
TXN-01751,4532XXXX9557,CUST-1072,Tamimi Markets,1539.32,SAR,2025-06-04T17:45:03Z,approved,credit,5411
TXN-01752,4532XXXX5542,CUST-1197,Shell Petrol,11580.82,SAR,2025-04-25T23:42:43Z,pending,credit,5541
TXN-01753,4532XXXX4546,CUST-1172,Talabat Food,45.05,SAR,2025-02-15T00:24:39Z,approved,credit,5812
TXN-01754,4532XXXX2274,CUST-1038,Careem Rides,13119.84,SAR,2025-03-04T18:51:49Z,approved,debit,4121
TXN-01755,4532XXXX9198,CUST-1131,Nahdi Pharmacy,7077.98,SAR,2025-02-28T18:01:26Z,pending,debit,5912
TXN-01756,4532XXXX8773,CUST-1062,PlayStation Store,11609.92,SAR,2025-05-18T03:20:18Z,approved,debit,5816
TXN-01757,4532XXXX4504,CUST-1134,Mobily Recharge,13249.87,SAR,2025-06-13T12:53:44Z,approved,credit,4814
TXN-01758,4532XXXX5104,CUST-1072,Careem Rides,8409.49,USD,2025-04-06T04:00:04Z,declined,debit,4121
TXN-01759,4532XXXX6991,CUST-1143,H&M Saudi,2674.30,SAR,2025-06-18T04:29:51Z,approved,credit,5651
TXN-01760,4532XXXX4129,CUST-1172,Danube Online,3210.63,SAR,2025-04-19T16:49:45Z,approved,debit,5411
TXN-01761,4532XXXX1091,CUST-1046,Jarir Bookstore,5418.07,SAR,2025-02-07T20:14:48Z,approved,debit,5942
TXN-01762,4532XXXX1212,CUST-1085,Noon.com,13737.53,AED,2025-04-08T15:11:12Z,approved,debit,5311
TXN-01763,4532XXXX5145,CUST-1009,Tawuniya Insurance,7183.63,SAR,2025-01-09T12:40:11Z,approved,credit,6300
TXN-01764,4532XXXX8446,CUST-1015,Shein SA,12948.46,USD,2025-04-02T10:07:49Z,approved,debit,5311
TXN-01765,4532XXXX7054,CUST-1122,Tawuniya Insurance,12112.42,SAR,2025-01-08T09:59:42Z,approved,credit,6300
TXN-01766,4532XXXX3156,CUST-1183,Careem Rides,2657.73,SAR,2025-06-15T05:40:56Z,approved,debit,4121
TXN-01767,4532XXXX2597,CUST-1031,Amazon.sa,10660.31,SAR,2025-03-03T00:26:54Z,approved,debit,5311
TXN-01768,4532XXXX6185,CUST-1050,Tawuniya Insurance,255.03,SAR,2025-06-12T13:58:38Z,declined,debit,6300
TXN-01769,4532XXXX7821,CUST-1151,Saudi Airlines,14108.47,SAR,2025-03-20T06:55:21Z,declined,credit,3000
TXN-01770,4532XXXX5368,CUST-1016,Uber Rides,11420.59,SAR,2025-01-29T15:27:53Z,approved,debit,4121
TXN-01771,4532XXXX7705,CUST-1114,Panda Supermarket,2984.26,SAR,2025-04-09T03:38:29Z,approved,credit,5411
TXN-01772,4532XXXX6594,CUST-1192,Jarir Bookstore,8410.59,SAR,2025-01-23T20:35:22Z,approved,credit,5942
TXN-01773,4532XXXX2483,CUST-1179,Al Baik Restaurant,6947.77,SAR,2025-01-23T13:49:07Z,approved,credit,5812
TXN-01774,4532XXXX3774,CUST-1023,Tamimi Markets,9401.24,SAR,2025-01-04T21:42:25Z,approved,debit,5411
TXN-01775,4532XXXX6042,CUST-1164,Saudi Airlines,13158.59,SAR,2025-02-17T21:51:18Z,declined,credit,3000
TXN-01776,4532XXXX3916,CUST-1049,Namshi Fashion,5692.76,SAR,2025-02-25T17:52:25Z,approved,debit,5651
TXN-01777,4532XXXX4264,CUST-1145,Mobily Recharge,12529.95,SAR,2025-02-22T23:20:14Z,approved,debit,4814
TXN-01778,4532XXXX6957,CUST-1067,Nahdi Pharmacy,7350.84,SAR,2025-04-23T08:55:10Z,approved,credit,5912
TXN-01779,4532XXXX3793,CUST-1165,Makkah Hotel,9467.24,SAR,2025-06-11T12:08:41Z,approved,credit,7011
TXN-01780,4532XXXX8108,CUST-1099,Careem Rides,3163.89,SAR,2025-05-17T08:25:50Z,approved,credit,4121
TXN-01781,4532XXXX5406,CUST-1175,Apple Store,10496.31,SAR,2025-04-08T19:42:58Z,approved,credit,5045
TXN-01782,4532XXXX2889,CUST-1198,Spotify,7017.98,SAR,2025-01-07T02:33:30Z,approved,credit,4899
TXN-01783,4532XXXX7099,CUST-1162,Tamimi Markets,7011.37,SAR,2025-03-04T17:14:49Z,approved,debit,5411
TXN-01784,4532XXXX6879,CUST-1169,Whites Pharmacy,4838.97,AED,2025-01-21T07:31:54Z,approved,debit,5912
TXN-01785,4532XXXX4065,CUST-1108,Talabat Food,9719.98,SAR,2025-01-20T11:00:06Z,approved,debit,5812
TXN-01786,4532XXXX8478,CUST-1042,Nana Grocery,11281.92,SAR,2025-03-27T05:55:43Z,approved,credit,5411
TXN-01787,4532XXXX5138,CUST-1178,H&M Saudi,7106.21,SAR,2025-02-17T07:12:20Z,pending,debit,5651
TXN-01788,4532XXXX4838,CUST-1154,Booking.com,6020.29,SAR,2025-01-08T19:00:52Z,pending,credit,7011
TXN-01789,4532XXXX7565,CUST-1028,Starbucks SA,4044.07,SAR,2025-04-23T03:17:20Z,approved,debit,5814
TXN-01790,4532XXXX9586,CUST-1042,Al Rajhi ATM,4512.24,SAR,2025-04-26T21:31:40Z,approved,credit,6011
TXN-01791,4532XXXX2481,CUST-1193,Namshi Fashion,5000.54,SAR,2025-01-11T10:43:35Z,approved,credit,5651
TXN-01792,4532XXXX3416,CUST-1037,Danube Online,2484.30,SAR,2025-01-01T03:55:46Z,approved,debit,5411
TXN-01793,4532XXXX8152,CUST-1078,Alshaya Group,3546.57,SAR,2025-02-09T11:32:56Z,approved,credit,5311
TXN-01794,4532XXXX1081,CUST-1063,Careem Rides,12685.80,SAR,2025-03-14T16:10:04Z,approved,debit,4121
TXN-01795,4532XXXX4481,CUST-1089,Noon.com,10303.36,SAR,2025-05-16T16:32:58Z,approved,credit,5311
TXN-01796,4532XXXX7350,CUST-1097,Nana Grocery,11447.03,SAR,2025-01-19T14:34:34Z,approved,debit,5411
TXN-01797,4532XXXX7956,CUST-1196,Namshi Fashion,4910.04,SAR,2025-02-24T23:46:56Z,approved,debit,5651
TXN-01798,4532XXXX1440,CUST-1137,Uber Rides,10049.80,SAR,2025-04-24T20:57:25Z,approved,credit,4121
TXN-01799,4532XXXX1026,CUST-1046,Hunger Station,5101.07,SAR,2025-06-09T20:34:04Z,approved,credit,5812
TXN-01800,4532XXXX9191,CUST-1193,Zara SA,9685.43,AED,2025-01-27T19:29:56Z,approved,debit,5651
TXN-01801,4532XXXX3947,CUST-1055,Alshaya Group,5097.10,SAR,2025-05-08T00:04:13Z,approved,debit,5311
TXN-01802,4532XXXX5276,CUST-1073,Alshaya Group,12320.02,SAR,2025-01-07T18:18:14Z,approved,debit,5311
TXN-01803,4532XXXX2353,CUST-1042,Zara SA,12514.32,SAR,2025-04-01T06:41:48Z,approved,credit,5651
TXN-01804,4532XXXX1200,CUST-1188,Noon.com,6070.08,SAR,2025-06-06T16:29:57Z,approved,debit,5311
TXN-01805,4532XXXX8964,CUST-1033,Shein SA,10296.05,SAR,2025-01-03T06:00:25Z,declined,credit,5311
TXN-01806,4532XXXX2899,CUST-1103,H&M Saudi,4547.80,SAR,2025-02-20T05:23:30Z,approved,debit,5651
TXN-01807,4532XXXX9765,CUST-1129,Saudi Airlines,10681.79,SAR,2025-06-13T22:06:35Z,approved,debit,3000
TXN-01808,4532XXXX2310,CUST-1046,H&M Saudi,5755.16,SAR,2025-05-12T00:25:04Z,approved,debit,5651
TXN-01809,4532XXXX8454,CUST-1087,Whites Pharmacy,7725.87,SAR,2025-04-30T07:52:16Z,approved,debit,5912
TXN-01810,4532XXXX7014,CUST-1119,Apple Store,13019.11,SAR,2025-03-31T08:55:25Z,approved,credit,5045
TXN-01811,4532XXXX1385,CUST-1176,Saudi Airlines,5065.24,SAR,2025-02-27T12:07:59Z,approved,debit,3000
TXN-01812,4532XXXX5877,CUST-1046,Apple Store,267.70,SAR,2025-03-05T00:53:50Z,declined,debit,5045
TXN-01813,4532XXXX7491,CUST-1153,SABB ATM,554.00,SAR,2025-05-24T10:29:59Z,approved,debit,6011
TXN-01814,4532XXXX9084,CUST-1022,Zain Telecom,10903.18,SAR,2025-05-03T21:37:15Z,approved,debit,4814
TXN-01815,4532XXXX9577,CUST-1089,Nana Grocery,3665.29,SAR,2025-06-10T07:26:29Z,approved,debit,5411
TXN-01816,4532XXXX2656,CUST-1011,Uber Rides,579.12,SAR,2025-04-29T07:47:35Z,approved,credit,4121
TXN-01817,4532XXXX7922,CUST-1186,Al Baik Restaurant,9552.93,SAR,2025-02-28T15:21:23Z,approved,debit,5812
TXN-01818,4532XXXX8101,CUST-1048,Flynas Airline,11141.56,SAR,2025-01-16T09:29:12Z,approved,debit,3000
TXN-01819,4532XXXX4993,CUST-1147,Flynas Airline,9235.64,GBP,2025-04-15T16:39:23Z,declined,debit,3000
TXN-01820,4532XXXX5502,CUST-1096,Shein SA,11411.98,SAR,2025-03-26T20:18:51Z,pending,credit,5311
TXN-01821,4532XXXX7531,CUST-1200,Tamimi Markets,10073.24,SAR,2025-04-28T09:44:43Z,approved,credit,5411
TXN-01822,4532XXXX7788,CUST-1073,Lulu Hypermarket,3111.01,SAR,2025-06-01T20:37:11Z,declined,debit,5411
TXN-01823,4532XXXX6212,CUST-1071,Lulu Hypermarket,11854.92,SAR,2025-05-04T06:38:47Z,approved,debit,5411
TXN-01824,4532XXXX5715,CUST-1058,STC Pay TopUp,3319.76,SAR,2025-04-29T17:15:59Z,pending,credit,4814
TXN-01825,4532XXXX9871,CUST-1156,Nana Grocery,9523.42,SAR,2025-03-05T20:05:43Z,approved,credit,5411
TXN-01826,4532XXXX8280,CUST-1143,Jarir Bookstore,4798.04,SAR,2025-06-09T17:43:39Z,approved,debit,5942
TXN-01827,4532XXXX7390,CUST-1191,Aramex Shipping,10467.39,SAR,2025-05-11T16:20:30Z,approved,debit,4215
TXN-01828,4532XXXX6657,CUST-1009,Shein SA,9472.60,EUR,2025-04-19T23:58:03Z,approved,debit,5311
TXN-01829,4532XXXX8397,CUST-1192,Makkah Hotel,4380.89,SAR,2025-03-03T05:34:55Z,declined,debit,7011
TXN-01830,4532XXXX8070,CUST-1008,Careem Rides,2505.18,SAR,2025-03-10T06:41:51Z,approved,credit,4121
TXN-01831,4532XXXX7148,CUST-1006,Apple Store,7363.90,SAR,2025-02-15T13:52:04Z,approved,debit,5045
TXN-01832,4532XXXX4576,CUST-1097,HyperPanda,1856.79,AED,2025-03-18T20:19:38Z,approved,debit,5411
TXN-01833,4532XXXX7571,CUST-1147,Apple Store,2390.97,SAR,2025-05-31T23:31:39Z,approved,debit,5045
TXN-01834,4532XXXX6950,CUST-1091,Spotify,8990.73,SAR,2025-03-04T00:31:41Z,declined,debit,4899
TXN-01835,4532XXXX9724,CUST-1171,Ceer Motors,4770.04,SAR,2025-04-15T00:12:10Z,approved,debit,5511
TXN-01836,4532XXXX8363,CUST-1104,Aramex Shipping,4297.82,SAR,2025-06-29T12:43:00Z,approved,debit,4215
TXN-01837,4532XXXX8602,CUST-1103,Apple Store,12448.85,SAR,2025-05-29T03:32:03Z,declined,debit,5045
TXN-01838,4532XXXX7722,CUST-1175,Noon.com,9798.30,SAR,2025-03-23T05:16:39Z,approved,credit,5311
TXN-01839,4532XXXX2319,CUST-1008,Riyadh Season,9147.54,SAR,2025-04-08T17:50:00Z,approved,credit,7922
TXN-01840,4532XXXX3727,CUST-1188,Starbucks SA,4878.68,AED,2025-02-18T12:48:30Z,approved,credit,5814
TXN-01841,4532XXXX7378,CUST-1121,Al Baik Restaurant,345.68,EUR,2025-04-27T18:27:34Z,approved,credit,5812
TXN-01842,4532XXXX3870,CUST-1050,Extra Electronics,10847.29,SAR,2025-02-16T11:17:24Z,approved,credit,5732
TXN-01843,4532XXXX4391,CUST-1052,Mobily Recharge,976.87,SAR,2025-01-06T23:57:24Z,approved,debit,4814
TXN-01844,4532XXXX3897,CUST-1118,Hunger Station,6657.58,SAR,2025-02-16T23:15:34Z,approved,credit,5812
TXN-01845,4532XXXX3609,CUST-1165,SABB ATM,12568.94,USD,2025-06-19T08:12:46Z,approved,debit,6011
TXN-01846,4532XXXX7657,CUST-1185,Uber Rides,489.68,SAR,2025-05-12T10:27:14Z,approved,credit,4121
TXN-01847,4532XXXX9803,CUST-1099,Uber Rides,14363.83,SAR,2025-06-21T12:44:31Z,approved,credit,4121
TXN-01848,4532XXXX8184,CUST-1199,HyperPanda,8014.89,SAR,2025-01-05T14:32:37Z,approved,credit,5411
TXN-01849,4532XXXX1653,CUST-1016,Apple Store,12425.47,USD,2025-05-21T19:26:47Z,approved,debit,5045
TXN-01850,4532XXXX3032,CUST-1184,Al Rajhi ATM,6603.49,SAR,2025-06-02T21:39:34Z,approved,debit,6011
TXN-01851,4532XXXX7004,CUST-1068,Whites Pharmacy,1681.20,SAR,2025-02-02T19:22:48Z,approved,credit,5912
TXN-01852,4532XXXX5333,CUST-1087,Careem Rides,11934.32,AED,2025-02-10T19:04:01Z,approved,debit,4121
TXN-01853,4532XXXX5009,CUST-1165,Uber Rides,10637.70,SAR,2025-05-27T02:54:56Z,pending,debit,4121
TXN-01854,4532XXXX5225,CUST-1088,Apple Store,4963.26,SAR,2025-03-29T10:54:18Z,approved,debit,5045
TXN-01855,4532XXXX1425,CUST-1153,Panda Supermarket,2224.62,SAR,2025-02-26T00:10:59Z,approved,debit,5411
TXN-01856,4532XXXX3593,CUST-1145,Saudi Airlines,4603.41,SAR,2025-05-20T00:02:26Z,approved,credit,3000
TXN-01857,4532XXXX3106,CUST-1079,Talabat Food,10100.81,SAR,2025-01-30T23:44:54Z,approved,credit,5812
TXN-01858,4532XXXX4467,CUST-1075,Shell Petrol,3422.63,SAR,2025-06-15T05:34:14Z,approved,debit,5541
TXN-01859,4532XXXX9467,CUST-1038,Whites Pharmacy,5465.61,SAR,2025-04-09T18:12:30Z,approved,credit,5912
TXN-01860,4532XXXX9209,CUST-1159,Extra Electronics,9659.55,EUR,2025-04-25T00:14:57Z,approved,credit,5732
TXN-01861,4532XXXX9605,CUST-1096,Shell Petrol,7281.26,USD,2025-02-02T20:09:37Z,approved,debit,5541
TXN-01862,4532XXXX4683,CUST-1124,Shell Petrol,14204.49,SAR,2025-03-08T11:32:45Z,approved,debit,5541
TXN-01863,4532XXXX2959,CUST-1058,Careem Rides,11671.33,SAR,2025-06-03T06:17:04Z,declined,debit,4121
TXN-01864,4532XXXX1199,CUST-1092,Aramex Shipping,13690.97,SAR,2025-06-25T23:40:24Z,pending,credit,4215
TXN-01865,4532XXXX2619,CUST-1059,Netflix,497.44,SAR,2025-05-02T15:14:42Z,approved,credit,4899
TXN-01866,4532XXXX9810,CUST-1018,Lulu Hypermarket,8023.63,SAR,2025-05-24T22:30:43Z,approved,debit,5411
TXN-01867,4532XXXX3993,CUST-1115,Shein SA,3674.16,SAR,2025-06-04T19:32:48Z,declined,credit,5311
TXN-01868,4532XXXX5354,CUST-1063,IKEA Saudi,6843.71,SAR,2025-01-08T19:29:54Z,approved,debit,5712
TXN-01869,4532XXXX3171,CUST-1024,Netflix,13762.42,SAR,2025-06-25T22:55:22Z,approved,debit,4899
TXN-01870,4532XXXX8819,CUST-1016,Spotify,8787.23,SAR,2025-04-23T20:54:59Z,approved,debit,4899
TXN-01871,4532XXXX8836,CUST-1138,Amazon.sa,9510.42,SAR,2025-02-08T03:24:38Z,approved,debit,5311
TXN-01872,4532XXXX8982,CUST-1022,Talabat Food,8137.82,SAR,2025-02-11T17:56:39Z,approved,credit,5812
TXN-01873,4532XXXX8252,CUST-1003,Whites Pharmacy,13575.31,SAR,2025-05-20T19:21:24Z,pending,credit,5912
TXN-01874,4532XXXX1008,CUST-1050,Whites Pharmacy,9218.13,USD,2025-03-30T14:17:59Z,approved,credit,5912
TXN-01875,4532XXXX9311,CUST-1105,HyperPanda,9468.77,SAR,2025-03-05T19:34:14Z,approved,credit,5411
TXN-01876,4532XXXX6589,CUST-1073,Tawuniya Insurance,13009.58,SAR,2025-02-18T08:31:35Z,approved,credit,6300
TXN-01877,4532XXXX3984,CUST-1144,Al Rajhi ATM,6603.46,SAR,2025-05-27T22:04:06Z,approved,debit,6011
TXN-01878,4532XXXX8078,CUST-1082,Al Rajhi ATM,2451.15,SAR,2025-01-13T17:31:45Z,declined,debit,6011
TXN-01879,4532XXXX3992,CUST-1025,Nahdi Pharmacy,10305.95,SAR,2025-06-09T17:23:47Z,approved,credit,5912
TXN-01880,4532XXXX9690,CUST-1028,IKEA Saudi,7529.19,SAR,2025-03-04T03:22:55Z,approved,debit,5712
TXN-01881,4532XXXX3532,CUST-1176,Alshaya Group,3158.33,AED,2025-05-11T11:13:17Z,approved,debit,5311
TXN-01882,4532XXXX3574,CUST-1050,Zara SA,12786.10,SAR,2025-04-29T11:22:49Z,approved,credit,5651
TXN-01883,4532XXXX5413,CUST-1122,Tawuniya Insurance,6256.55,SAR,2025-05-22T01:35:15Z,approved,debit,6300
TXN-01884,4532XXXX6798,CUST-1121,Alshaya Group,4596.95,SAR,2025-05-22T02:42:44Z,pending,debit,5311
TXN-01885,4532XXXX1092,CUST-1116,Alshaya Group,5906.17,SAR,2025-03-22T23:56:13Z,pending,debit,5311
TXN-01886,4532XXXX5492,CUST-1015,Starbucks SA,12081.53,SAR,2025-03-30T17:15:37Z,approved,credit,5814
TXN-01887,4532XXXX7119,CUST-1052,Spotify,3842.66,SAR,2025-06-11T15:58:20Z,approved,debit,4899
TXN-01888,4532XXXX4522,CUST-1110,Shell Petrol,8401.78,SAR,2025-02-08T17:30:51Z,approved,credit,5541
TXN-01889,4532XXXX8859,CUST-1113,Lulu Hypermarket,3650.85,SAR,2025-03-05T04:51:39Z,pending,credit,5411
TXN-01890,4532XXXX8979,CUST-1121,Panda Supermarket,5853.99,SAR,2025-06-26T11:43:19Z,approved,debit,5411
TXN-01891,4532XXXX6614,CUST-1156,Whites Pharmacy,1526.09,SAR,2025-05-05T04:53:08Z,approved,credit,5912
TXN-01892,4532XXXX2212,CUST-1095,Nahdi Pharmacy,1669.91,AED,2025-01-27T01:48:43Z,approved,credit,5912
TXN-01893,4532XXXX5896,CUST-1188,Starbucks SA,13109.89,USD,2025-04-25T12:42:21Z,approved,debit,5814
TXN-01894,4532XXXX5271,CUST-1144,Al Baik Restaurant,4920.99,SAR,2025-04-17T03:16:17Z,approved,credit,5812
TXN-01895,4532XXXX6143,CUST-1075,STC Pay TopUp,11549.74,SAR,2025-06-19T01:52:26Z,approved,credit,4814
TXN-01896,4532XXXX6934,CUST-1115,Spotify,7027.55,SAR,2025-03-31T11:30:03Z,approved,debit,4899
TXN-01897,4532XXXX3298,CUST-1174,Flynas Airline,11216.02,SAR,2025-01-05T11:49:56Z,approved,credit,3000
TXN-01898,4532XXXX9657,CUST-1106,H&M Saudi,7297.93,SAR,2025-01-10T07:50:27Z,approved,credit,5651
TXN-01899,4532XXXX6358,CUST-1096,STC Pay TopUp,14934.84,SAR,2025-04-08T21:47:46Z,approved,credit,4814
TXN-01900,4532XXXX2509,CUST-1073,Shein SA,1011.31,SAR,2025-01-15T16:06:01Z,approved,credit,5311
TXN-01901,4532XXXX2437,CUST-1029,Zain Telecom,7704.94,SAR,2025-06-15T08:12:43Z,approved,debit,4814
TXN-01902,4532XXXX8060,CUST-1157,Tawuniya Insurance,11279.85,GBP,2025-05-29T23:00:58Z,approved,debit,6300
TXN-01903,4532XXXX6567,CUST-1116,Careem Rides,1100.02,SAR,2025-05-06T19:09:09Z,approved,credit,4121
TXN-01904,4532XXXX1104,CUST-1200,H&M Saudi,6024.98,USD,2025-02-27T01:16:17Z,approved,debit,5651
TXN-01905,4532XXXX4651,CUST-1005,Jarir Bookstore,6410.11,SAR,2025-02-20T06:20:31Z,approved,credit,5942
TXN-01906,4532XXXX6810,CUST-1197,Mobily Recharge,9805.92,SAR,2025-02-08T21:36:45Z,declined,credit,4814
TXN-01907,4532XXXX2653,CUST-1040,Netflix,3096.13,SAR,2025-02-05T06:15:19Z,approved,credit,4899
TXN-01908,4532XXXX6365,CUST-1155,Panda Supermarket,8103.44,SAR,2025-01-14T10:48:25Z,approved,debit,5411
TXN-01909,4532XXXX4817,CUST-1169,Spotify,2453.52,SAR,2025-02-22T15:18:53Z,approved,credit,4899
TXN-01910,4532XXXX3017,CUST-1091,STC Pay TopUp,13483.70,SAR,2025-03-27T08:52:31Z,approved,debit,4814
TXN-01911,4532XXXX4254,CUST-1114,Spotify,6704.95,SAR,2025-03-19T12:18:18Z,approved,credit,4899
TXN-01912,4532XXXX9301,CUST-1098,Whites Pharmacy,1397.31,USD,2025-02-04T00:00:36Z,approved,credit,5912
TXN-01913,4532XXXX6871,CUST-1133,SABB ATM,3148.52,SAR,2025-04-05T23:24:37Z,pending,debit,6011
TXN-01914,4532XXXX6895,CUST-1107,Netflix,1366.41,SAR,2025-04-09T10:22:21Z,approved,debit,4899
TXN-01915,4532XXXX7881,CUST-1131,SABB ATM,247.10,AED,2025-03-15T19:03:50Z,approved,debit,6011
TXN-01916,4532XXXX5926,CUST-1091,Saudi Airlines,12548.84,AED,2025-03-26T07:16:49Z,approved,credit,3000
TXN-01917,4532XXXX1259,CUST-1022,Tawuniya Insurance,5848.34,SAR,2025-04-02T12:42:13Z,approved,credit,6300
TXN-01918,4532XXXX1151,CUST-1166,Mobily Recharge,12711.99,SAR,2025-02-04T10:32:59Z,approved,credit,4814
TXN-01919,4532XXXX4437,CUST-1040,Namshi Fashion,11435.51,SAR,2025-01-12T21:07:34Z,pending,credit,5651
TXN-01920,4532XXXX3824,CUST-1076,Saudi Airlines,12349.64,SAR,2025-03-23T09:47:45Z,approved,credit,3000
TXN-01921,4532XXXX3660,CUST-1039,Tamimi Markets,13874.69,SAR,2025-06-02T17:37:13Z,approved,credit,5411
TXN-01922,4532XXXX5344,CUST-1053,Alshaya Group,5600.90,SAR,2025-06-13T09:19:28Z,approved,debit,5311
TXN-01923,4532XXXX3364,CUST-1008,STC Pay TopUp,13332.86,SAR,2025-01-07T15:29:22Z,approved,debit,4814
TXN-01924,4532XXXX3591,CUST-1139,Shell Petrol,10839.23,SAR,2025-02-02T23:02:48Z,approved,debit,5541
TXN-01925,4532XXXX8793,CUST-1090,IKEA Saudi,14822.93,SAR,2025-01-22T19:52:16Z,approved,debit,5712
TXN-01926,4532XXXX1011,CUST-1138,Nahdi Pharmacy,9051.05,SAR,2025-05-04T15:57:37Z,approved,credit,5912
TXN-01927,4532XXXX2579,CUST-1121,Flynas Airline,9847.33,SAR,2025-03-12T23:44:20Z,approved,credit,3000
TXN-01928,4532XXXX3336,CUST-1192,Shein SA,3293.57,SAR,2025-01-26T04:56:50Z,approved,credit,5311
TXN-01929,4532XXXX2724,CUST-1022,Noon.com,4238.09,SAR,2025-04-30T10:10:32Z,approved,debit,5311
TXN-01930,4532XXXX8571,CUST-1065,Tamimi Markets,4520.12,SAR,2025-05-18T22:59:08Z,declined,credit,5411
TXN-01931,4532XXXX3157,CUST-1134,Makkah Hotel,13254.32,SAR,2025-05-28T13:21:39Z,approved,debit,7011
TXN-01932,4532XXXX7308,CUST-1096,Careem Rides,14019.69,SAR,2025-01-07T15:30:05Z,declined,debit,4121
TXN-01933,4532XXXX4896,CUST-1051,Tamimi Markets,9521.29,SAR,2025-06-12T05:08:55Z,approved,debit,5411
TXN-01934,4532XXXX4076,CUST-1083,Jarir Bookstore,7260.25,SAR,2025-03-08T18:41:54Z,declined,credit,5942
TXN-01935,4532XXXX9943,CUST-1104,Nahdi Pharmacy,6800.64,GBP,2025-02-21T00:45:30Z,approved,debit,5912
TXN-01936,4532XXXX6525,CUST-1191,Lulu Hypermarket,7719.79,SAR,2025-03-07T12:09:59Z,approved,debit,5411
TXN-01937,4532XXXX6609,CUST-1088,Aramex Shipping,6847.46,SAR,2025-01-19T17:44:18Z,pending,credit,4215
TXN-01938,4532XXXX9901,CUST-1068,Uber Rides,6400.59,SAR,2025-01-05T22:26:15Z,approved,debit,4121
TXN-01939,4532XXXX5844,CUST-1059,Nana Grocery,1808.56,USD,2025-05-19T09:24:03Z,approved,debit,5411
TXN-01940,4532XXXX9269,CUST-1079,Nahdi Pharmacy,14764.75,SAR,2025-01-17T02:39:19Z,approved,debit,5912
TXN-01941,4532XXXX1273,CUST-1131,Netflix,10210.21,SAR,2025-05-31T16:00:32Z,approved,credit,4899
TXN-01942,4532XXXX9692,CUST-1191,Danube Online,11700.17,SAR,2025-04-20T07:13:29Z,approved,debit,5411
TXN-01943,4532XXXX3732,CUST-1137,Saudi Airlines,10406.95,SAR,2025-04-14T02:02:01Z,approved,debit,3000
TXN-01944,4532XXXX3491,CUST-1026,Extra Electronics,12884.82,SAR,2025-02-13T22:26:10Z,approved,credit,5732
TXN-01945,4532XXXX5857,CUST-1109,Netflix,14386.06,SAR,2025-03-19T20:12:10Z,approved,credit,4899
TXN-01946,4532XXXX1005,CUST-1108,Talabat Food,2046.12,SAR,2025-02-28T06:04:10Z,approved,debit,5812
TXN-01947,4532XXXX2094,CUST-1182,PlayStation Store,3135.28,SAR,2025-05-23T10:10:25Z,approved,credit,5816
TXN-01948,4532XXXX4972,CUST-1106,Namshi Fashion,12337.51,SAR,2025-05-29T11:15:40Z,approved,debit,5651
TXN-01949,4532XXXX6741,CUST-1166,Starbucks SA,2904.60,SAR,2025-06-12T00:15:18Z,approved,debit,5814
TXN-01950,4532XXXX3487,CUST-1071,Namshi Fashion,1856.45,USD,2025-05-24T15:02:31Z,approved,debit,5651
TXN-01951,4532XXXX9529,CUST-1037,Lulu Hypermarket,166.48,SAR,2025-01-23T18:37:13Z,approved,credit,5411
TXN-01952,4532XXXX5895,CUST-1027,Ceer Motors,3486.56,SAR,2025-03-27T02:29:43Z,approved,credit,5511
TXN-01953,4532XXXX6593,CUST-1191,Riyadh Season,1060.69,SAR,2025-05-27T11:03:39Z,approved,debit,7922
TXN-01954,4532XXXX3759,CUST-1098,Flynas Airline,7000.55,SAR,2025-04-24T14:11:51Z,declined,credit,3000
TXN-01955,4532XXXX6940,CUST-1125,Apple Store,1550.24,SAR,2025-05-23T02:14:43Z,approved,credit,5045
TXN-01956,4532XXXX5590,CUST-1127,H&M Saudi,9572.71,SAR,2025-06-17T23:58:17Z,pending,credit,5651
TXN-01957,4532XXXX5116,CUST-1071,Flynas Airline,4935.80,SAR,2025-05-10T12:20:42Z,approved,debit,3000
TXN-01958,4532XXXX9109,CUST-1004,Noon.com,7285.80,SAR,2025-04-24T17:57:06Z,approved,credit,5311
TXN-01959,4532XXXX8993,CUST-1112,Lulu Hypermarket,11714.92,SAR,2025-05-18T13:59:05Z,approved,credit,5411
TXN-01960,4532XXXX7268,CUST-1145,Shell Petrol,13056.55,SAR,2025-05-10T15:02:28Z,approved,credit,5541
TXN-01961,4532XXXX2555,CUST-1028,Whites Pharmacy,9641.95,USD,2025-01-20T03:24:03Z,approved,credit,5912
TXN-01962,4532XXXX7911,CUST-1062,Saudi Airlines,10641.03,SAR,2025-04-28T05:56:19Z,approved,credit,3000
TXN-01963,4532XXXX8548,CUST-1191,Panda Supermarket,11823.10,SAR,2025-06-15T11:41:37Z,approved,credit,5411
TXN-01964,4532XXXX8074,CUST-1010,Zara SA,9423.63,USD,2025-06-01T00:01:19Z,declined,debit,5651
TXN-01965,4532XXXX2618,CUST-1056,Shein SA,9459.67,SAR,2025-03-05T21:04:30Z,approved,debit,5311
TXN-01966,4532XXXX6636,CUST-1008,Nana Grocery,3806.45,USD,2025-06-08T21:52:23Z,approved,debit,5411
TXN-01967,4532XXXX5311,CUST-1071,Nahdi Pharmacy,4871.06,SAR,2025-05-16T18:03:45Z,pending,debit,5912
TXN-01968,4532XXXX7575,CUST-1054,PlayStation Store,8211.43,SAR,2025-03-04T12:04:29Z,pending,debit,5816
TXN-01969,4532XXXX6763,CUST-1200,Tamimi Markets,12850.41,USD,2025-03-06T19:26:58Z,approved,credit,5411
TXN-01970,4532XXXX2481,CUST-1190,IKEA Saudi,4591.00,SAR,2025-06-27T12:20:49Z,declined,debit,5712
TXN-01971,4532XXXX4312,CUST-1081,Riyadh Season,2796.95,SAR,2025-03-16T07:29:39Z,approved,credit,7922
TXN-01972,4532XXXX3608,CUST-1125,Danube Online,6569.35,SAR,2025-03-12T04:32:26Z,approved,debit,5411
TXN-01973,4532XXXX5853,CUST-1005,SABB ATM,4661.36,SAR,2025-04-09T06:41:12Z,pending,credit,6011
TXN-01974,4532XXXX2529,CUST-1138,Tamimi Markets,10436.06,SAR,2025-02-08T13:38:04Z,approved,credit,5411
TXN-01975,4532XXXX9729,CUST-1154,Zara SA,2190.75,USD,2025-03-08T01:16:44Z,approved,debit,5651
TXN-01976,4532XXXX5815,CUST-1035,Shell Petrol,14341.34,SAR,2025-06-08T04:11:08Z,approved,credit,5541
TXN-01977,4532XXXX5028,CUST-1022,Mobily Recharge,6640.83,GBP,2025-01-08T22:00:54Z,approved,debit,4814
TXN-01978,4532XXXX4587,CUST-1171,Lulu Hypermarket,3370.91,SAR,2025-05-15T23:18:12Z,approved,debit,5411
TXN-01979,4532XXXX4992,CUST-1113,Tawuniya Insurance,2184.92,USD,2025-02-27T15:09:22Z,approved,credit,6300
TXN-01980,4532XXXX4149,CUST-1124,Nahdi Pharmacy,8270.64,SAR,2025-04-21T07:28:16Z,approved,debit,5912
TXN-01981,4532XXXX7342,CUST-1133,Whites Pharmacy,8633.98,SAR,2025-06-25T05:13:18Z,pending,debit,5912
TXN-01982,4532XXXX6972,CUST-1181,Saudi Airlines,3957.04,USD,2025-03-13T21:23:23Z,approved,debit,3000
TXN-01983,4532XXXX5045,CUST-1139,Danube Online,10399.52,SAR,2025-03-04T11:03:22Z,approved,credit,5411
TXN-01984,4532XXXX8794,CUST-1033,Noon.com,11764.36,GBP,2025-04-09T12:54:22Z,approved,debit,5311
TXN-01985,4532XXXX4669,CUST-1027,HyperPanda,5228.40,SAR,2025-05-17T08:13:49Z,approved,debit,5411
TXN-01986,4532XXXX8146,CUST-1148,Amazon.sa,6570.87,SAR,2025-04-25T18:33:10Z,approved,debit,5311
TXN-01987,4532XXXX6695,CUST-1006,PlayStation Store,9755.91,SAR,2025-06-23T22:55:28Z,approved,credit,5816
TXN-01988,4532XXXX5523,CUST-1038,Uber Rides,985.86,SAR,2025-05-20T14:10:17Z,approved,debit,4121
TXN-01989,4532XXXX3184,CUST-1187,STC Pay TopUp,7364.69,SAR,2025-05-17T17:53:34Z,approved,debit,4814
TXN-01990,4532XXXX6415,CUST-1170,Nahdi Pharmacy,10459.60,SAR,2025-03-01T03:49:24Z,approved,credit,5912
TXN-01991,4532XXXX6152,CUST-1131,Starbucks SA,8096.49,SAR,2025-05-13T07:11:21Z,approved,credit,5814
TXN-01992,4532XXXX2042,CUST-1014,Danube Online,11620.44,SAR,2025-01-14T18:56:47Z,approved,debit,5411
TXN-01993,4532XXXX3938,CUST-1187,Extra Electronics,3735.75,SAR,2025-04-27T19:18:42Z,approved,debit,5732
TXN-01994,4532XXXX7611,CUST-1167,Aramex Shipping,4980.19,SAR,2025-01-19T06:49:26Z,approved,credit,4215
TXN-01995,4532XXXX3269,CUST-1176,Shell Petrol,5722.45,USD,2025-04-03T02:53:58Z,approved,debit,5541
TXN-01996,4532XXXX5128,CUST-1025,Alshaya Group,10610.41,SAR,2025-06-20T16:44:15Z,approved,debit,5311
TXN-01997,4532XXXX2336,CUST-1048,Flynas Airline,3403.47,SAR,2025-05-06T16:17:18Z,approved,debit,3000
TXN-01998,4532XXXX1997,CUST-1193,Noon.com,310.91,SAR,2025-04-28T16:54:27Z,approved,debit,5311
TXN-01999,4532XXXX1206,CUST-1175,Saudi Airlines,30.92,SAR,2025-04-13T17:52:56Z,approved,debit,3000
TXN-02000,4532XXXX7141,CUST-1099,Alshaya Group,13577.65,SAR,2025-04-20T09:28:11Z,approved,debit,5311
TXN-02001,4532XXXX6656,CUST-1049,Ceer Motors,2730.89,SAR,2025-02-12T09:41:45Z,approved,credit,5511
TXN-02002,4532XXXX3908,CUST-1040,HyperPanda,2658.04,SAR,2025-03-27T13:47:58Z,approved,debit,5411
TXN-02003,4532XXXX2970,CUST-1114,STC Pay TopUp,14029.72,SAR,2025-06-22T11:28:05Z,approved,debit,4814
TXN-02004,4532XXXX2633,CUST-1028,Danube Online,8853.64,SAR,2025-02-02T12:04:19Z,approved,debit,5411
TXN-02005,4532XXXX9978,CUST-1155,Careem Rides,13800.39,GBP,2025-03-30T06:54:07Z,approved,debit,4121
TXN-02006,4532XXXX4923,CUST-1030,PlayStation Store,3697.10,SAR,2025-01-28T10:53:05Z,approved,debit,5816
TXN-02007,4532XXXX8871,CUST-1104,Panda Supermarket,13749.57,SAR,2025-06-28T20:45:07Z,declined,credit,5411
TXN-02008,4532XXXX6251,CUST-1194,Whites Pharmacy,7800.06,SAR,2025-05-09T20:11:34Z,approved,credit,5912
TXN-02009,4532XXXX4292,CUST-1148,Zain Telecom,11355.07,SAR,2025-05-05T21:31:20Z,approved,debit,4814
TXN-02010,4532XXXX7984,CUST-1035,Nahdi Pharmacy,4397.92,SAR,2025-05-02T14:57:09Z,approved,debit,5912
TXN-02011,4532XXXX8931,CUST-1097,Al Baik Restaurant,7371.13,SAR,2025-03-04T10:21:58Z,approved,debit,5812
TXN-02012,4532XXXX1903,CUST-1079,Aramex Shipping,11562.26,GBP,2025-05-30T16:23:15Z,approved,debit,4215
TXN-02013,4532XXXX9893,CUST-1049,Al Baik Restaurant,8814.11,SAR,2025-06-24T19:35:30Z,approved,credit,5812
TXN-02014,4532XXXX7306,CUST-1081,Amazon.sa,712.88,SAR,2025-02-28T19:49:49Z,approved,debit,5311
TXN-02015,4532XXXX9329,CUST-1138,Amazon.sa,10264.06,USD,2025-03-26T05:40:24Z,approved,debit,5311
TXN-02016,4532XXXX2616,CUST-1131,Saudi Airlines,675.59,SAR,2025-02-11T15:36:38Z,approved,debit,3000
TXN-02017,4532XXXX1255,CUST-1057,Mobily Recharge,3058.11,SAR,2025-02-10T03:27:50Z,approved,debit,4814
TXN-02018,4532XXXX6419,CUST-1053,SABB ATM,76.06,AED,2025-02-16T16:17:11Z,approved,debit,6011
TXN-02019,4532XXXX3321,CUST-1059,Saudi Airlines,6032.37,AED,2025-01-31T06:40:54Z,approved,debit,3000
TXN-02020,4532XXXX6074,CUST-1160,Flynas Airline,6345.49,USD,2025-04-21T18:54:28Z,approved,credit,3000
TXN-02021,4532XXXX7777,CUST-1189,Lulu Hypermarket,158.36,SAR,2025-06-09T22:02:38Z,approved,debit,5411
TXN-02022,4532XXXX7479,CUST-1049,Aramex Shipping,161.39,SAR,2025-05-15T11:23:30Z,approved,credit,4215
TXN-02023,4532XXXX2874,CUST-1197,Nahdi Pharmacy,10344.04,SAR,2025-01-14T16:40:02Z,approved,debit,5912
TXN-02024,4532XXXX5202,CUST-1126,Uber Rides,4914.04,SAR,2025-05-24T17:04:59Z,declined,credit,4121
TXN-02025,4532XXXX5284,CUST-1178,Zara SA,4300.15,SAR,2025-06-16T02:57:24Z,approved,credit,5651
TXN-02026,4532XXXX9158,CUST-1031,Zara SA,13260.98,USD,2025-01-17T19:08:00Z,approved,debit,5651
TXN-02027,4532XXXX1623,CUST-1133,Panda Supermarket,1644.61,SAR,2025-02-14T09:33:47Z,approved,debit,5411
TXN-02028,4532XXXX3338,CUST-1022,Uber Rides,9231.74,SAR,2025-03-27T01:44:01Z,approved,credit,4121
TXN-02029,4532XXXX4447,CUST-1197,Panda Supermarket,7556.77,SAR,2025-02-06T16:39:40Z,pending,debit,5411
TXN-02030,4532XXXX5109,CUST-1012,Shein SA,2294.89,SAR,2025-06-16T21:30:08Z,approved,debit,5311
TXN-02031,4532XXXX3508,CUST-1119,Netflix,851.14,AED,2025-03-15T19:05:18Z,approved,credit,4899
TXN-02032,4532XXXX8190,CUST-1017,IKEA Saudi,2919.11,SAR,2025-05-08T18:33:33Z,approved,debit,5712
TXN-02033,4532XXXX3348,CUST-1018,Hunger Station,4320.66,SAR,2025-02-01T06:46:15Z,approved,debit,5812
TXN-02034,4532XXXX1286,CUST-1015,SABB ATM,6151.81,SAR,2025-04-14T17:53:46Z,approved,credit,6011
TXN-02035,4532XXXX4828,CUST-1044,Mobily Recharge,2156.58,SAR,2025-01-21T03:42:30Z,approved,debit,4814
TXN-02036,4532XXXX2960,CUST-1001,Shein SA,5815.97,SAR,2025-04-21T02:12:02Z,approved,credit,5311
TXN-02037,4532XXXX8805,CUST-1161,Panda Supermarket,1113.49,SAR,2025-05-06T23:55:08Z,approved,credit,5411
TXN-02038,4532XXXX4893,CUST-1099,Apple Store,5804.57,SAR,2025-06-26T18:01:51Z,declined,credit,5045
TXN-02039,4532XXXX8850,CUST-1157,Flynas Airline,14819.72,SAR,2025-03-30T08:22:49Z,approved,debit,3000
TXN-02040,4532XXXX3856,CUST-1138,Saudi Airlines,4306.52,SAR,2025-05-22T22:36:24Z,approved,debit,3000
TXN-02041,4532XXXX3359,CUST-1042,Saudi Airlines,6478.89,SAR,2025-02-28T05:26:16Z,approved,debit,3000
TXN-02042,4532XXXX6782,CUST-1106,Zain Telecom,14812.40,USD,2025-01-25T06:39:18Z,approved,debit,4814
TXN-02043,4532XXXX8594,CUST-1108,Starbucks SA,6787.42,SAR,2025-03-17T10:16:29Z,approved,debit,5814
TXN-02044,4532XXXX4554,CUST-1084,Zara SA,7951.40,SAR,2025-02-17T18:28:34Z,declined,debit,5651
TXN-02045,4532XXXX6954,CUST-1146,Netflix,10940.96,AED,2025-06-02T06:17:27Z,approved,credit,4899
TXN-02046,4532XXXX3315,CUST-1196,Starbucks SA,4606.95,SAR,2025-03-18T06:43:06Z,approved,debit,5814
TXN-02047,4532XXXX7752,CUST-1139,Tawuniya Insurance,13570.62,SAR,2025-05-31T09:47:36Z,approved,debit,6300
TXN-02048,4532XXXX9478,CUST-1056,Booking.com,2355.01,SAR,2025-03-16T14:55:24Z,approved,debit,7011
TXN-02049,4532XXXX3823,CUST-1114,STC Pay TopUp,5792.63,SAR,2025-05-10T12:24:54Z,approved,credit,4814
TXN-02050,4532XXXX4240,CUST-1175,Shein SA,9620.37,SAR,2025-04-22T16:00:59Z,approved,debit,5311
TXN-02051,4532XXXX8973,CUST-1082,Nana Grocery,11078.29,SAR,2025-05-29T02:04:04Z,approved,credit,5411
TXN-02052,4532XXXX2590,CUST-1196,Riyadh Season,9423.14,SAR,2025-01-07T20:31:03Z,approved,debit,7922
TXN-02053,4532XXXX2473,CUST-1006,Jarir Bookstore,13042.61,AED,2025-03-06T08:56:31Z,approved,debit,5942
TXN-02054,4532XXXX6946,CUST-1052,Careem Rides,4616.89,EUR,2025-01-13T19:41:23Z,approved,debit,4121
TXN-02055,4532XXXX5968,CUST-1150,Nahdi Pharmacy,10555.53,SAR,2025-02-26T06:17:28Z,approved,credit,5912
TXN-02056,4532XXXX7712,CUST-1041,Careem Rides,1781.01,SAR,2025-06-26T17:59:10Z,approved,credit,4121
TXN-02057,4532XXXX5086,CUST-1142,Ceer Motors,14749.63,SAR,2025-05-14T23:27:50Z,approved,credit,5511
TXN-02058,4532XXXX7241,CUST-1038,Nahdi Pharmacy,595.48,SAR,2025-06-20T22:10:39Z,approved,debit,5912
TXN-02059,4532XXXX6937,CUST-1123,Extra Electronics,8794.70,SAR,2025-06-08T19:55:52Z,approved,credit,5732
TXN-02060,4532XXXX6633,CUST-1147,Tamimi Markets,302.75,SAR,2025-04-06T11:48:01Z,approved,debit,5411
TXN-02061,4532XXXX7449,CUST-1095,Uber Rides,9362.35,SAR,2025-05-12T12:47:15Z,approved,debit,4121
TXN-02062,4532XXXX2361,CUST-1172,Netflix,4813.88,EUR,2025-05-19T03:24:08Z,approved,credit,4899
TXN-02063,4532XXXX6983,CUST-1127,STC Pay TopUp,8856.89,SAR,2025-02-02T19:52:38Z,approved,debit,4814
TXN-02064,4532XXXX9021,CUST-1132,Lulu Hypermarket,13564.68,GBP,2025-01-05T13:15:30Z,approved,debit,5411
TXN-02065,4532XXXX8093,CUST-1014,Tawuniya Insurance,4603.01,SAR,2025-03-29T04:10:13Z,approved,debit,6300
TXN-02066,4532XXXX3140,CUST-1070,Nana Grocery,4997.12,SAR,2025-01-07T02:12:45Z,approved,debit,5411
TXN-02067,4532XXXX8702,CUST-1189,Shein SA,5713.16,SAR,2025-06-25T15:26:16Z,approved,debit,5311
TXN-02068,4532XXXX9398,CUST-1010,Lulu Hypermarket,5037.85,SAR,2025-06-05T22:55:54Z,approved,debit,5411
TXN-02069,4532XXXX4160,CUST-1182,Booking.com,5196.86,SAR,2025-02-20T19:05:17Z,approved,debit,7011
TXN-02070,4532XXXX6220,CUST-1069,Al Baik Restaurant,13782.05,AED,2025-01-17T11:10:29Z,approved,debit,5812
TXN-02071,4532XXXX3901,CUST-1006,Namshi Fashion,1610.21,USD,2025-01-15T10:47:50Z,approved,debit,5651
TXN-02072,4532XXXX2235,CUST-1040,Shein SA,11684.26,USD,2025-06-17T17:05:20Z,approved,credit,5311
TXN-02073,4532XXXX8549,CUST-1004,Booking.com,9263.82,USD,2025-01-31T08:08:55Z,declined,debit,7011
TXN-02074,4532XXXX4268,CUST-1171,Noon.com,847.22,SAR,2025-01-27T22:27:30Z,pending,debit,5311
TXN-02075,4532XXXX4818,CUST-1048,Al Baik Restaurant,1378.33,SAR,2025-03-26T01:47:00Z,approved,debit,5812
TXN-02076,4532XXXX8799,CUST-1184,Al Baik Restaurant,9383.65,SAR,2025-02-07T09:45:39Z,approved,credit,5812
TXN-02077,4532XXXX2003,CUST-1127,HyperPanda,7040.81,SAR,2025-05-23T01:20:19Z,approved,debit,5411
TXN-02078,4532XXXX3357,CUST-1130,Jarir Bookstore,14612.98,SAR,2025-02-21T02:53:16Z,approved,credit,5942
TXN-02079,4532XXXX6265,CUST-1049,SABB ATM,1141.32,SAR,2025-02-06T07:42:25Z,pending,debit,6011
TXN-02080,4532XXXX7754,CUST-1042,Zara SA,8886.66,SAR,2025-04-27T19:26:40Z,approved,credit,5651
TXN-02081,4532XXXX4944,CUST-1074,Spotify,12367.91,SAR,2025-05-23T19:24:48Z,approved,debit,4899
TXN-02082,4532XXXX2028,CUST-1168,Flynas Airline,2423.16,SAR,2025-01-12T23:10:04Z,approved,debit,3000
TXN-02083,4532XXXX8306,CUST-1188,Amazon.sa,12266.46,SAR,2025-01-16T12:36:05Z,approved,credit,5311
TXN-02084,4532XXXX6922,CUST-1173,Al Baik Restaurant,11571.93,SAR,2025-06-27T13:46:12Z,declined,credit,5812
TXN-02085,4532XXXX8385,CUST-1156,Uber Rides,10908.60,SAR,2025-03-03T22:56:45Z,approved,credit,4121
TXN-02086,4532XXXX9944,CUST-1123,Saudi Airlines,11452.37,SAR,2025-03-02T20:53:52Z,pending,debit,3000
TXN-02087,4532XXXX8617,CUST-1059,Whites Pharmacy,10364.51,SAR,2025-03-21T13:29:28Z,approved,debit,5912
TXN-02088,4532XXXX3327,CUST-1104,Nana Grocery,6968.57,USD,2025-01-30T15:33:46Z,pending,credit,5411
TXN-02089,4532XXXX6189,CUST-1099,Starbucks SA,13101.06,AED,2025-06-03T01:34:57Z,approved,credit,5814
TXN-02090,4532XXXX3830,CUST-1039,Zara SA,6518.55,SAR,2025-06-08T17:22:56Z,approved,credit,5651
TXN-02091,4532XXXX5438,CUST-1048,Spotify,5872.42,SAR,2025-01-30T02:35:01Z,approved,debit,4899
TXN-02092,4532XXXX5549,CUST-1006,Aramex Shipping,4556.31,SAR,2025-06-15T19:03:52Z,approved,debit,4215
TXN-02093,4532XXXX3618,CUST-1125,HyperPanda,6495.68,SAR,2025-06-15T08:43:48Z,approved,credit,5411
TXN-02094,4532XXXX8810,CUST-1016,Danube Online,1008.26,EUR,2025-03-04T18:36:20Z,approved,debit,5411
TXN-02095,4532XXXX7821,CUST-1037,Hunger Station,7416.00,SAR,2025-02-12T00:30:54Z,approved,debit,5812
TXN-02096,4532XXXX8028,CUST-1079,Ceer Motors,9458.73,SAR,2025-05-13T19:56:21Z,approved,debit,5511
TXN-02097,4532XXXX3099,CUST-1154,Namshi Fashion,5119.75,SAR,2025-03-14T11:57:32Z,approved,credit,5651
TXN-02098,4532XXXX4431,CUST-1122,Uber Rides,5553.28,SAR,2025-02-17T18:57:18Z,approved,credit,4121
TXN-02099,4532XXXX5596,CUST-1060,Mobily Recharge,13528.09,SAR,2025-04-03T11:11:43Z,approved,debit,4814
TXN-02100,4532XXXX4750,CUST-1148,Booking.com,13528.33,SAR,2025-03-04T11:50:57Z,declined,credit,7011
TXN-02101,4532XXXX8696,CUST-1157,Hunger Station,3740.24,USD,2025-04-20T09:09:32Z,approved,debit,5812
TXN-02102,4532XXXX2332,CUST-1131,Noon.com,2229.59,SAR,2025-03-04T11:01:14Z,approved,credit,5311
TXN-02103,4532XXXX5358,CUST-1119,HyperPanda,14207.43,AED,2025-05-22T07:55:07Z,approved,debit,5411
TXN-02104,4532XXXX6960,CUST-1100,Netflix,4146.77,SAR,2025-01-28T18:49:00Z,pending,debit,4899
TXN-02105,4532XXXX8906,CUST-1122,Hunger Station,50.78,SAR,2025-03-11T03:52:00Z,approved,debit,5812
TXN-02106,4532XXXX9786,CUST-1070,Mobily Recharge,4715.95,SAR,2025-06-21T12:04:23Z,approved,credit,4814
TXN-02107,4532XXXX4193,CUST-1049,HyperPanda,4437.82,SAR,2025-01-12T18:14:37Z,approved,credit,5411
TXN-02108,4532XXXX1178,CUST-1073,Hunger Station,6347.75,SAR,2025-06-08T22:53:23Z,approved,debit,5812
TXN-02109,4532XXXX7904,CUST-1053,Careem Rides,437.17,SAR,2025-05-06T01:12:10Z,approved,debit,4121
TXN-02110,4532XXXX8276,CUST-1120,Careem Rides,5733.38,SAR,2025-01-31T11:34:20Z,pending,debit,4121
TXN-02111,4532XXXX8427,CUST-1028,Lulu Hypermarket,2970.72,SAR,2025-04-28T18:41:34Z,approved,debit,5411
TXN-02112,4532XXXX6349,CUST-1151,Namshi Fashion,259.26,SAR,2025-01-11T04:18:40Z,approved,credit,5651
TXN-02113,4532XXXX1417,CUST-1095,Careem Rides,10808.92,SAR,2025-04-17T19:46:41Z,declined,debit,4121
TXN-02114,4532XXXX1565,CUST-1166,Mobily Recharge,4902.52,SAR,2025-06-12T08:23:02Z,declined,debit,4814
TXN-02115,4532XXXX1915,CUST-1083,Shein SA,595.53,SAR,2025-04-10T08:44:01Z,pending,credit,5311
TXN-02116,4532XXXX3483,CUST-1183,Namshi Fashion,13904.60,SAR,2025-01-28T04:02:04Z,approved,credit,5651
TXN-02117,4532XXXX6540,CUST-1042,Hunger Station,5407.95,SAR,2025-03-11T08:07:05Z,approved,debit,5812
TXN-02118,4532XXXX7821,CUST-1088,Uber Rides,8178.95,SAR,2025-04-12T21:10:58Z,declined,debit,4121
TXN-02119,4532XXXX8348,CUST-1178,Careem Rides,1346.66,SAR,2025-02-10T05:52:34Z,approved,debit,4121
TXN-02120,4532XXXX1396,CUST-1196,Flynas Airline,852.43,SAR,2025-05-13T17:26:35Z,approved,credit,3000
TXN-02121,4532XXXX4811,CUST-1179,IKEA Saudi,637.43,SAR,2025-05-28T06:59:43Z,approved,debit,5712
TXN-02122,4532XXXX7484,CUST-1129,Mobily Recharge,11340.67,SAR,2025-05-11T03:39:07Z,approved,credit,4814
TXN-02123,4532XXXX7798,CUST-1196,Apple Store,10046.28,SAR,2025-05-16T08:50:12Z,approved,debit,5045
TXN-02124,4532XXXX9052,CUST-1011,Netflix,3136.50,SAR,2025-04-24T03:45:41Z,approved,debit,4899
TXN-02125,4532XXXX3689,CUST-1180,Al Baik Restaurant,5524.93,SAR,2025-06-24T11:40:53Z,approved,debit,5812
TXN-02126,4532XXXX5610,CUST-1039,Zain Telecom,9417.06,SAR,2025-05-01T22:25:13Z,approved,credit,4814
TXN-02127,4532XXXX5198,CUST-1096,Al Rajhi ATM,12523.16,SAR,2025-05-27T10:41:37Z,approved,debit,6011
TXN-02128,4532XXXX1472,CUST-1084,Flynas Airline,9758.69,SAR,2025-03-29T16:50:25Z,approved,credit,3000
TXN-02129,4532XXXX1682,CUST-1167,Al Rajhi ATM,3072.83,SAR,2025-01-22T21:11:23Z,approved,debit,6011
TXN-02130,4532XXXX5892,CUST-1191,Spotify,8555.25,SAR,2025-05-26T02:32:41Z,declined,credit,4899
TXN-02131,4532XXXX4765,CUST-1055,Whites Pharmacy,5417.27,USD,2025-01-11T13:22:16Z,approved,debit,5912
TXN-02132,4532XXXX3964,CUST-1056,Al Rajhi ATM,190.34,SAR,2025-06-11T02:09:23Z,approved,debit,6011
TXN-02133,4532XXXX3707,CUST-1128,Shell Petrol,6870.98,SAR,2025-03-17T21:02:50Z,approved,credit,5541
TXN-02134,4532XXXX5071,CUST-1144,HyperPanda,14801.78,SAR,2025-06-16T11:34:57Z,approved,credit,5411
TXN-02135,4532XXXX1183,CUST-1028,Jarir Bookstore,9291.05,USD,2025-06-16T10:40:58Z,approved,debit,5942
TXN-02136,4532XXXX2593,CUST-1078,Nahdi Pharmacy,8523.82,SAR,2025-01-31T23:15:51Z,approved,debit,5912
TXN-02137,4532XXXX7108,CUST-1056,Tawuniya Insurance,6350.37,SAR,2025-06-20T04:31:41Z,approved,debit,6300
TXN-02138,4532XXXX2967,CUST-1107,Tawuniya Insurance,11557.80,SAR,2025-06-24T11:24:52Z,approved,debit,6300
TXN-02139,4532XXXX4353,CUST-1068,Nana Grocery,13310.99,AED,2025-06-05T10:51:53Z,approved,credit,5411
TXN-02140,4532XXXX1235,CUST-1191,STC Pay TopUp,13980.99,USD,2025-02-03T21:36:28Z,approved,debit,4814
TXN-02141,4532XXXX5475,CUST-1186,Hunger Station,13297.17,SAR,2025-05-15T22:33:19Z,approved,debit,5812
TXN-02142,4532XXXX4530,CUST-1180,Shein SA,10972.85,SAR,2025-01-30T18:24:20Z,approved,debit,5311
TXN-02143,4532XXXX8630,CUST-1174,Shell Petrol,7463.86,SAR,2025-06-11T06:10:59Z,approved,debit,5541
TXN-02144,4532XXXX5601,CUST-1004,Shein SA,9850.87,USD,2025-05-30T10:17:02Z,declined,debit,5311
TXN-02145,4532XXXX5455,CUST-1185,Talabat Food,4012.93,SAR,2025-05-11T08:13:01Z,approved,debit,5812
TXN-02146,4532XXXX8132,CUST-1177,Nahdi Pharmacy,14937.58,USD,2025-01-09T13:37:42Z,approved,credit,5912
TXN-02147,4532XXXX6964,CUST-1126,IKEA Saudi,11139.18,SAR,2025-02-25T15:15:59Z,approved,credit,5712
TXN-02148,4532XXXX7082,CUST-1095,Nana Grocery,8171.14,USD,2025-03-14T11:33:08Z,pending,credit,5411
TXN-02149,4532XXXX3850,CUST-1139,Careem Rides,9591.52,SAR,2025-03-21T00:45:54Z,approved,debit,4121
TXN-02150,4532XXXX9102,CUST-1096,Nana Grocery,11510.86,GBP,2025-01-29T16:01:13Z,declined,credit,5411
TXN-02151,4532XXXX3255,CUST-1105,Saudi Airlines,1301.25,EUR,2025-02-19T03:59:56Z,approved,debit,3000
TXN-02152,4532XXXX3691,CUST-1166,Nana Grocery,8090.48,SAR,2025-05-13T02:36:12Z,approved,debit,5411
TXN-02153,4532XXXX3612,CUST-1130,Ceer Motors,5128.04,SAR,2025-05-03T20:35:01Z,approved,debit,5511
TXN-02154,4532XXXX9214,CUST-1053,Zara SA,6287.55,SAR,2025-01-22T17:23:54Z,approved,debit,5651
TXN-02155,4532XXXX3698,CUST-1134,Noon.com,3824.48,SAR,2025-04-17T21:16:34Z,pending,debit,5311
TXN-02156,4532XXXX7116,CUST-1176,Booking.com,4885.68,SAR,2025-06-12T10:13:37Z,approved,debit,7011
TXN-02157,4532XXXX2743,CUST-1134,Zara SA,5270.26,SAR,2025-03-21T05:24:38Z,approved,credit,5651
TXN-02158,4532XXXX4085,CUST-1165,Nana Grocery,10410.67,SAR,2025-05-27T06:43:14Z,declined,debit,5411
TXN-02159,4532XXXX6022,CUST-1130,Noon.com,13738.08,SAR,2025-05-15T22:38:34Z,approved,credit,5311
TXN-02160,4532XXXX4129,CUST-1104,Alshaya Group,8131.79,USD,2025-01-19T18:07:44Z,approved,debit,5311
TXN-02161,4532XXXX2168,CUST-1008,Apple Store,2789.78,SAR,2025-05-31T16:44:17Z,approved,debit,5045
TXN-02162,4532XXXX1173,CUST-1116,SABB ATM,5365.93,SAR,2025-03-20T06:07:11Z,declined,credit,6011
TXN-02163,4532XXXX8838,CUST-1077,Booking.com,3130.68,SAR,2025-03-25T05:03:57Z,declined,credit,7011
TXN-02164,4532XXXX6236,CUST-1152,Panda Supermarket,14655.32,SAR,2025-04-08T02:08:41Z,approved,debit,5411
TXN-02165,4532XXXX2605,CUST-1066,Talabat Food,5759.41,USD,2025-04-15T16:00:09Z,approved,credit,5812
TXN-02166,4532XXXX9033,CUST-1151,Riyadh Season,14237.09,USD,2025-05-13T23:37:25Z,approved,debit,7922
TXN-02167,4532XXXX9908,CUST-1010,Aramex Shipping,1307.00,SAR,2025-02-18T23:08:02Z,approved,debit,4215
TXN-02168,4532XXXX6527,CUST-1063,Ceer Motors,6823.02,AED,2025-05-26T10:50:10Z,approved,credit,5511
TXN-02169,4532XXXX8392,CUST-1121,Panda Supermarket,8291.62,SAR,2025-05-17T17:03:52Z,approved,credit,5411
TXN-02170,4532XXXX1462,CUST-1106,Noon.com,1930.12,SAR,2025-06-17T12:33:04Z,approved,debit,5311
TXN-02171,4532XXXX7359,CUST-1018,Al Rajhi ATM,4124.74,SAR,2025-04-20T17:19:25Z,approved,credit,6011
TXN-02172,4532XXXX9046,CUST-1186,Amazon.sa,1769.44,SAR,2025-04-11T08:09:56Z,approved,debit,5311
TXN-02173,4532XXXX2796,CUST-1076,Extra Electronics,9018.80,SAR,2025-03-24T20:42:48Z,declined,debit,5732
TXN-02174,4532XXXX3893,CUST-1020,Netflix,3739.39,SAR,2025-03-17T04:57:57Z,pending,debit,4899
TXN-02175,4532XXXX9083,CUST-1012,Alshaya Group,5104.36,SAR,2025-05-13T15:09:54Z,approved,credit,5311
TXN-02176,4532XXXX1387,CUST-1114,SABB ATM,2092.38,SAR,2025-05-24T18:18:39Z,approved,credit,6011
TXN-02177,4532XXXX7034,CUST-1094,H&M Saudi,7880.00,SAR,2025-05-15T17:23:55Z,declined,credit,5651
TXN-02178,4532XXXX7918,CUST-1028,Starbucks SA,4187.14,SAR,2025-04-19T05:07:13Z,approved,debit,5814
TXN-02179,4532XXXX7575,CUST-1023,Flynas Airline,9972.21,USD,2025-04-03T03:54:54Z,approved,debit,3000
TXN-02180,4532XXXX4219,CUST-1036,SABB ATM,1300.23,SAR,2025-02-06T06:30:28Z,approved,credit,6011
TXN-02181,4532XXXX4039,CUST-1140,Saudi Airlines,7170.81,SAR,2025-06-03T09:39:29Z,approved,debit,3000
TXN-02182,4532XXXX3182,CUST-1030,PlayStation Store,3040.70,SAR,2025-02-28T07:42:01Z,pending,credit,5816
TXN-02183,4532XXXX2847,CUST-1101,Jarir Bookstore,7655.39,SAR,2025-01-03T08:41:41Z,approved,credit,5942
TXN-02184,4532XXXX3245,CUST-1069,Whites Pharmacy,4553.65,SAR,2025-06-07T13:41:08Z,approved,debit,5912
TXN-02185,4532XXXX4508,CUST-1123,Spotify,7124.02,SAR,2025-04-03T23:03:49Z,approved,debit,4899
TXN-02186,4532XXXX2161,CUST-1100,PlayStation Store,8123.34,SAR,2025-06-06T02:18:19Z,approved,credit,5816
TXN-02187,4532XXXX9411,CUST-1033,Al Rajhi ATM,11408.97,SAR,2025-04-03T18:11:21Z,approved,credit,6011
TXN-02188,4532XXXX6926,CUST-1043,Hunger Station,6205.56,SAR,2025-05-02T11:37:00Z,approved,debit,5812
TXN-02189,4532XXXX7465,CUST-1105,Amazon.sa,648.42,SAR,2025-03-04T05:34:49Z,approved,debit,5311
TXN-02190,4532XXXX4681,CUST-1172,Saudi Airlines,9098.52,SAR,2025-06-18T08:12:42Z,pending,debit,3000
TXN-02191,4532XXXX3576,CUST-1123,Riyadh Season,7645.66,AED,2025-03-20T22:34:32Z,approved,credit,7922
TXN-02192,4532XXXX1506,CUST-1134,Apple Store,1130.46,SAR,2025-04-27T11:22:19Z,approved,debit,5045
TXN-02193,4532XXXX1654,CUST-1144,Al Baik Restaurant,11656.83,SAR,2025-05-31T02:03:33Z,approved,debit,5812
TXN-02194,4532XXXX6594,CUST-1101,Lulu Hypermarket,12103.14,SAR,2025-06-28T02:02:45Z,approved,credit,5411
TXN-02195,4532XXXX9379,CUST-1155,Mobily Recharge,12831.41,AED,2025-04-02T05:56:53Z,approved,debit,4814
TXN-02196,4532XXXX3248,CUST-1194,Whites Pharmacy,13852.19,SAR,2025-04-28T12:27:31Z,approved,debit,5912
TXN-02197,4532XXXX2031,CUST-1024,Aramex Shipping,7993.42,EUR,2025-04-30T16:28:36Z,approved,credit,4215
TXN-02198,4532XXXX6129,CUST-1069,Lulu Hypermarket,8918.54,USD,2025-02-14T05:49:18Z,approved,debit,5411
TXN-02199,4532XXXX6488,CUST-1145,Netflix,4598.68,SAR,2025-06-10T08:12:18Z,approved,credit,4899
TXN-02200,4532XXXX4085,CUST-1106,Lulu Hypermarket,6360.60,SAR,2025-05-08T23:40:49Z,pending,credit,5411
TXN-02201,4532XXXX9892,CUST-1036,Apple Store,10291.26,SAR,2025-05-19T09:03:17Z,approved,debit,5045
TXN-02202,4532XXXX5775,CUST-1053,Nana Grocery,2605.37,SAR,2025-05-21T16:50:48Z,declined,debit,5411
TXN-02203,4532XXXX9142,CUST-1053,HyperPanda,12456.69,SAR,2025-02-05T13:12:16Z,approved,debit,5411
TXN-02204,4532XXXX9804,CUST-1101,Talabat Food,13987.60,SAR,2025-03-31T03:27:51Z,approved,debit,5812
TXN-02205,4532XXXX7440,CUST-1066,HyperPanda,1870.82,SAR,2025-03-15T02:54:22Z,approved,debit,5411
TXN-02206,4532XXXX5539,CUST-1049,Flynas Airline,6824.13,AED,2025-04-17T22:11:16Z,approved,credit,3000
TXN-02207,4532XXXX9020,CUST-1108,Netflix,14723.76,SAR,2025-05-02T23:13:02Z,approved,debit,4899
TXN-02208,4532XXXX3013,CUST-1122,H&M Saudi,1796.07,SAR,2025-02-05T04:00:33Z,approved,credit,5651
TXN-02209,4532XXXX9769,CUST-1014,Panda Supermarket,4163.95,USD,2025-04-17T12:09:06Z,approved,debit,5411
TXN-02210,4532XXXX1981,CUST-1025,H&M Saudi,13370.22,SAR,2025-04-21T00:23:42Z,approved,debit,5651
TXN-02211,4532XXXX4776,CUST-1087,Riyadh Season,4266.40,SAR,2025-02-16T17:39:04Z,approved,credit,7922
TXN-02212,4532XXXX4872,CUST-1155,Shein SA,13918.13,SAR,2025-03-10T15:40:08Z,approved,debit,5311
TXN-02213,4532XXXX7279,CUST-1142,Whites Pharmacy,3301.99,SAR,2025-06-06T10:52:55Z,approved,credit,5912
TXN-02214,4532XXXX5419,CUST-1158,STC Pay TopUp,1372.21,EUR,2025-05-24T18:46:32Z,approved,debit,4814
TXN-02215,4532XXXX3713,CUST-1025,Hunger Station,3318.50,USD,2025-03-31T05:27:21Z,approved,debit,5812
TXN-02216,4532XXXX7335,CUST-1072,Noon.com,10069.07,SAR,2025-03-26T12:08:51Z,approved,debit,5311
TXN-02217,4532XXXX8250,CUST-1060,Noon.com,6130.98,USD,2025-03-28T05:48:36Z,approved,credit,5311
TXN-02218,4532XXXX5451,CUST-1099,Riyadh Season,350.28,SAR,2025-05-29T13:25:07Z,approved,credit,7922
TXN-02219,4532XXXX1339,CUST-1126,H&M Saudi,7861.41,SAR,2025-03-04T13:00:06Z,approved,credit,5651
TXN-02220,4532XXXX3367,CUST-1158,Shell Petrol,9100.28,USD,2025-03-14T10:07:28Z,declined,debit,5541
TXN-02221,4532XXXX6148,CUST-1154,Shell Petrol,6063.07,SAR,2025-02-12T07:37:11Z,approved,debit,5541
TXN-02222,4532XXXX8695,CUST-1071,Hunger Station,13477.30,SAR,2025-03-15T16:20:14Z,approved,credit,5812
TXN-02223,4532XXXX1358,CUST-1145,Hunger Station,975.10,SAR,2025-05-19T11:08:43Z,approved,credit,5812
TXN-02224,4532XXXX8296,CUST-1089,Saudi Airlines,7366.91,SAR,2025-05-21T14:54:58Z,approved,debit,3000
TXN-02225,4532XXXX5257,CUST-1112,Flynas Airline,4040.48,SAR,2025-06-27T00:21:27Z,approved,debit,3000
TXN-02226,4532XXXX9698,CUST-1044,IKEA Saudi,9676.91,USD,2025-04-27T08:01:57Z,approved,debit,5712
TXN-02227,4532XXXX3601,CUST-1098,Saudi Airlines,3432.56,SAR,2025-05-18T07:20:45Z,approved,credit,3000
TXN-02228,4532XXXX8423,CUST-1179,PlayStation Store,1193.43,SAR,2025-02-19T13:03:48Z,approved,debit,5816
TXN-02229,4532XXXX7708,CUST-1037,H&M Saudi,13739.86,SAR,2025-02-14T11:37:50Z,approved,debit,5651
TXN-02230,4532XXXX3882,CUST-1134,Uber Rides,1388.60,SAR,2025-01-11T03:01:13Z,approved,credit,4121
TXN-02231,4532XXXX4201,CUST-1121,H&M Saudi,3547.50,USD,2025-06-06T20:17:19Z,approved,credit,5651
TXN-02232,4532XXXX3928,CUST-1020,Uber Rides,4039.32,SAR,2025-06-02T01:42:49Z,approved,debit,4121
TXN-02233,4532XXXX3502,CUST-1200,Nana Grocery,5537.11,SAR,2025-02-04T17:50:46Z,approved,debit,5411
TXN-02234,4532XXXX9409,CUST-1063,Jarir Bookstore,2581.06,SAR,2025-02-22T21:11:04Z,approved,credit,5942
TXN-02235,4532XXXX3554,CUST-1130,Amazon.sa,2509.18,SAR,2025-04-02T02:00:36Z,approved,debit,5311
TXN-02236,4532XXXX8453,CUST-1156,Saudi Airlines,4192.76,SAR,2025-02-17T17:27:33Z,approved,credit,3000
TXN-02237,4532XXXX2098,CUST-1029,Hunger Station,9092.13,SAR,2025-01-09T05:00:32Z,approved,debit,5812
TXN-02238,4532XXXX7471,CUST-1001,Apple Store,11983.58,SAR,2025-05-12T13:29:50Z,approved,credit,5045
TXN-02239,4532XXXX9514,CUST-1186,Zara SA,7001.97,USD,2025-05-06T16:53:05Z,approved,credit,5651
TXN-02240,4532XXXX3734,CUST-1148,Zara SA,7854.44,SAR,2025-03-21T03:55:06Z,approved,credit,5651
TXN-02241,4532XXXX5889,CUST-1033,Panda Supermarket,8998.97,SAR,2025-03-13T08:40:48Z,approved,credit,5411
TXN-02242,4532XXXX8982,CUST-1106,Shell Petrol,5607.48,SAR,2025-03-03T01:53:12Z,approved,credit,5541
TXN-02243,4532XXXX8371,CUST-1005,Spotify,9578.61,SAR,2025-01-29T13:51:45Z,approved,credit,4899
TXN-02244,4532XXXX3331,CUST-1192,Namshi Fashion,4533.07,SAR,2025-02-17T11:24:51Z,approved,debit,5651
TXN-02245,4532XXXX7087,CUST-1113,Flynas Airline,6997.90,SAR,2025-04-01T08:00:39Z,approved,debit,3000
TXN-02246,4532XXXX2659,CUST-1034,Starbucks SA,3684.26,EUR,2025-01-29T06:15:13Z,approved,debit,5814
TXN-02247,4532XXXX8100,CUST-1014,Danube Online,5801.42,SAR,2025-05-07T21:12:50Z,approved,credit,5411
TXN-02248,4532XXXX8855,CUST-1076,Danube Online,8276.34,USD,2025-01-08T20:51:26Z,approved,debit,5411
TXN-02249,4532XXXX2659,CUST-1085,Netflix,7603.23,SAR,2025-01-03T03:31:31Z,approved,credit,4899
TXN-02250,4532XXXX9537,CUST-1183,PlayStation Store,375.13,SAR,2025-02-12T11:11:13Z,approved,debit,5816
TXN-02251,4532XXXX6350,CUST-1115,Zara SA,9195.83,SAR,2025-03-09T08:47:28Z,approved,debit,5651
TXN-02252,4532XXXX8987,CUST-1014,Makkah Hotel,13253.58,SAR,2025-05-28T06:49:52Z,approved,credit,7011
TXN-02253,4532XXXX9289,CUST-1132,Panda Supermarket,8222.11,SAR,2025-05-26T10:18:03Z,approved,debit,5411
TXN-02254,4532XXXX5376,CUST-1097,Booking.com,6600.72,SAR,2025-05-21T07:17:48Z,approved,debit,7011
TXN-02255,4532XXXX4608,CUST-1196,Netflix,5761.42,SAR,2025-03-18T14:02:04Z,approved,debit,4899
TXN-02256,4532XXXX4172,CUST-1078,Jarir Bookstore,2921.43,EUR,2025-04-21T13:06:23Z,approved,debit,5942
TXN-02257,4532XXXX1009,CUST-1110,PlayStation Store,14856.44,SAR,2025-02-10T21:32:29Z,approved,debit,5816
TXN-02258,4532XXXX8672,CUST-1010,Flynas Airline,11806.25,SAR,2025-02-12T13:03:14Z,approved,credit,3000
TXN-02259,4532XXXX6615,CUST-1127,SABB ATM,6896.80,SAR,2025-06-24T15:31:57Z,approved,credit,6011
TXN-02260,4532XXXX9977,CUST-1096,Talabat Food,3874.96,EUR,2025-04-19T11:07:05Z,pending,debit,5812
TXN-02261,4532XXXX9520,CUST-1162,Mobily Recharge,10017.94,SAR,2025-06-12T05:03:12Z,declined,debit,4814
TXN-02262,4532XXXX5459,CUST-1153,Hunger Station,338.27,SAR,2025-04-04T20:47:18Z,approved,credit,5812
TXN-02263,4532XXXX5920,CUST-1077,Aramex Shipping,14869.74,EUR,2025-01-10T23:00:45Z,approved,debit,4215
TXN-02264,4532XXXX5075,CUST-1038,PlayStation Store,11753.23,SAR,2025-06-21T00:34:28Z,approved,debit,5816
TXN-02265,4532XXXX7869,CUST-1026,Zain Telecom,6192.61,SAR,2025-03-19T15:26:21Z,approved,debit,4814
TXN-02266,4532XXXX2086,CUST-1077,Al Baik Restaurant,9347.76,SAR,2025-05-09T17:15:20Z,pending,debit,5812
TXN-02267,4532XXXX8752,CUST-1015,H&M Saudi,6485.35,SAR,2025-03-22T10:25:07Z,approved,debit,5651
TXN-02268,4532XXXX7493,CUST-1095,SABB ATM,7300.37,SAR,2025-04-06T12:14:14Z,approved,debit,6011
TXN-02269,4532XXXX3701,CUST-1104,H&M Saudi,4300.58,USD,2025-04-29T13:28:30Z,approved,debit,5651
TXN-02270,4532XXXX2345,CUST-1154,Mobily Recharge,12798.71,SAR,2025-01-20T13:06:31Z,approved,credit,4814
TXN-02271,4532XXXX3488,CUST-1003,Careem Rides,7392.26,SAR,2025-01-18T22:13:09Z,approved,debit,4121
TXN-02272,4532XXXX7009,CUST-1121,Tamimi Markets,4374.89,SAR,2025-06-13T19:22:00Z,declined,credit,5411
TXN-02273,4532XXXX6075,CUST-1180,Danube Online,1317.37,SAR,2025-02-02T01:59:17Z,approved,debit,5411
TXN-02274,4532XXXX4149,CUST-1010,Whites Pharmacy,597.51,SAR,2025-01-01T00:59:35Z,approved,debit,5912
TXN-02275,4532XXXX9619,CUST-1126,Noon.com,4374.97,SAR,2025-06-12T12:00:10Z,approved,credit,5311
TXN-02276,4532XXXX3578,CUST-1073,Namshi Fashion,9094.49,SAR,2025-02-20T11:36:17Z,declined,credit,5651
TXN-02277,4532XXXX5648,CUST-1180,Al Rajhi ATM,9099.22,SAR,2025-05-14T19:07:19Z,approved,debit,6011
TXN-02278,4532XXXX9337,CUST-1087,Extra Electronics,12155.01,SAR,2025-03-11T15:54:18Z,approved,debit,5732
TXN-02279,4532XXXX6067,CUST-1168,Zara SA,13957.80,SAR,2025-06-04T05:30:29Z,declined,debit,5651
TXN-02280,4532XXXX2301,CUST-1054,Hunger Station,10550.00,SAR,2025-01-08T03:29:22Z,approved,credit,5812
TXN-02281,4532XXXX2203,CUST-1031,Careem Rides,6736.56,SAR,2025-01-29T23:54:48Z,approved,credit,4121
TXN-02282,4532XXXX7715,CUST-1086,Mobily Recharge,10781.01,SAR,2025-03-26T12:48:26Z,approved,credit,4814
TXN-02283,4532XXXX4436,CUST-1172,PlayStation Store,4541.68,SAR,2025-05-18T16:41:44Z,approved,credit,5816
TXN-02284,4532XXXX1801,CUST-1009,Saudi Airlines,2876.37,SAR,2025-01-13T19:50:24Z,approved,debit,3000
TXN-02285,4532XXXX6301,CUST-1100,Tamimi Markets,6955.24,USD,2025-03-19T04:26:09Z,approved,debit,5411
TXN-02286,4532XXXX4014,CUST-1084,H&M Saudi,14371.19,SAR,2025-05-26T22:18:34Z,approved,debit,5651
TXN-02287,4532XXXX3427,CUST-1065,Starbucks SA,13133.44,SAR,2025-03-06T23:08:42Z,approved,debit,5814
TXN-02288,4532XXXX4313,CUST-1062,Al Rajhi ATM,14356.15,SAR,2025-06-26T04:21:23Z,pending,debit,6011
TXN-02289,4532XXXX6619,CUST-1107,Panda Supermarket,9474.91,SAR,2025-05-19T03:12:07Z,approved,debit,5411
TXN-02290,4532XXXX4304,CUST-1087,Jarir Bookstore,11574.66,SAR,2025-04-08T07:11:15Z,approved,debit,5942
TXN-02291,4532XXXX4222,CUST-1086,Al Rajhi ATM,5863.40,SAR,2025-04-13T16:05:03Z,approved,credit,6011
TXN-02292,4532XXXX5754,CUST-1188,Panda Supermarket,10788.01,SAR,2025-04-17T05:46:43Z,approved,credit,5411
TXN-02293,4532XXXX2028,CUST-1117,Panda Supermarket,273.63,SAR,2025-04-25T10:25:53Z,approved,debit,5411
TXN-02294,4532XXXX4651,CUST-1119,HyperPanda,13846.73,SAR,2025-06-12T02:27:36Z,approved,debit,5411
TXN-02295,4532XXXX5163,CUST-1077,Tawuniya Insurance,12251.96,USD,2025-05-10T19:07:11Z,approved,debit,6300
TXN-02296,4532XXXX8360,CUST-1002,Makkah Hotel,3330.91,SAR,2025-06-09T12:30:02Z,approved,debit,7011
TXN-02297,4532XXXX5483,CUST-1001,H&M Saudi,1146.21,SAR,2025-06-05T23:34:26Z,approved,credit,5651
TXN-02298,4532XXXX6016,CUST-1107,STC Pay TopUp,14289.20,SAR,2025-06-04T07:14:34Z,pending,credit,4814
TXN-02299,4532XXXX5711,CUST-1170,Amazon.sa,8704.74,SAR,2025-04-14T17:02:23Z,pending,debit,5311
TXN-02300,4532XXXX4281,CUST-1061,Shell Petrol,4932.17,SAR,2025-04-16T20:10:43Z,approved,credit,5541
TXN-02301,4532XXXX1338,CUST-1110,Al Baik Restaurant,3687.72,SAR,2025-04-04T04:19:50Z,approved,debit,5812
TXN-02302,4532XXXX7808,CUST-1192,Flynas Airline,4388.29,SAR,2025-02-19T22:08:16Z,approved,debit,3000
TXN-02303,4532XXXX6070,CUST-1053,Extra Electronics,11477.57,SAR,2025-02-26T01:48:19Z,approved,credit,5732
TXN-02304,4532XXXX2989,CUST-1141,Ceer Motors,14742.29,SAR,2025-06-19T13:30:20Z,approved,debit,5511
TXN-02305,4532XXXX6530,CUST-1017,Lulu Hypermarket,1704.99,EUR,2025-03-29T15:10:16Z,approved,credit,5411
TXN-02306,4532XXXX5559,CUST-1197,Zain Telecom,1835.85,SAR,2025-05-10T17:05:53Z,approved,debit,4814
TXN-02307,4532XXXX5100,CUST-1024,Danube Online,12100.00,SAR,2025-04-16T21:18:10Z,pending,debit,5411
TXN-02308,4532XXXX3627,CUST-1159,Al Baik Restaurant,2438.57,GBP,2025-03-08T10:18:25Z,approved,credit,5812
TXN-02309,4532XXXX6757,CUST-1137,Netflix,13871.08,SAR,2025-05-03T15:19:50Z,approved,debit,4899
TXN-02310,4532XXXX7593,CUST-1100,H&M Saudi,7688.73,SAR,2025-06-07T15:18:22Z,approved,debit,5651
TXN-02311,4532XXXX2096,CUST-1049,Riyadh Season,11603.08,SAR,2025-05-26T04:41:40Z,pending,debit,7922
TXN-02312,4532XXXX7043,CUST-1169,Aramex Shipping,6870.51,SAR,2025-03-04T13:37:33Z,approved,debit,4215
TXN-02313,4532XXXX7103,CUST-1010,Nahdi Pharmacy,8566.23,SAR,2025-01-04T07:47:28Z,declined,debit,5912
TXN-02314,4532XXXX3196,CUST-1107,Jarir Bookstore,12930.79,EUR,2025-01-17T13:10:42Z,approved,credit,5942
TXN-02315,4532XXXX9099,CUST-1134,PlayStation Store,8895.32,SAR,2025-04-02T22:20:34Z,approved,credit,5816
TXN-02316,4532XXXX6194,CUST-1186,Booking.com,12163.39,SAR,2025-06-02T15:42:24Z,approved,debit,7011
TXN-02317,4532XXXX5918,CUST-1138,H&M Saudi,12880.56,SAR,2025-01-11T15:54:47Z,declined,debit,5651
TXN-02318,4532XXXX6569,CUST-1179,Flynas Airline,14989.21,USD,2025-02-24T12:00:29Z,approved,debit,3000
TXN-02319,4532XXXX7666,CUST-1136,Saudi Airlines,4629.24,SAR,2025-02-28T05:15:47Z,approved,debit,3000
TXN-02320,4532XXXX9600,CUST-1073,Mobily Recharge,1400.68,SAR,2025-01-27T16:26:44Z,approved,credit,4814
TXN-02321,4532XXXX6468,CUST-1026,Saudi Airlines,14619.71,SAR,2025-05-30T03:08:01Z,approved,debit,3000
TXN-02322,4532XXXX1804,CUST-1047,Shein SA,12006.57,SAR,2025-02-14T22:57:30Z,approved,debit,5311
TXN-02323,4532XXXX9993,CUST-1195,PlayStation Store,13695.03,SAR,2025-01-16T11:15:25Z,approved,credit,5816
TXN-02324,4532XXXX7613,CUST-1140,Alshaya Group,9870.21,AED,2025-01-20T12:03:51Z,pending,debit,5311
TXN-02325,4532XXXX1852,CUST-1080,Starbucks SA,5002.33,SAR,2025-05-24T21:44:59Z,approved,debit,5814
TXN-02326,4532XXXX8687,CUST-1025,Whites Pharmacy,13371.58,SAR,2025-01-09T06:10:48Z,approved,debit,5912
TXN-02327,4532XXXX5056,CUST-1139,Noon.com,8864.85,SAR,2025-04-19T23:20:13Z,approved,debit,5311
TXN-02328,4532XXXX2701,CUST-1044,Tamimi Markets,8537.38,SAR,2025-06-18T07:04:42Z,declined,debit,5411
TXN-02329,4532XXXX9350,CUST-1121,Spotify,1904.29,SAR,2025-05-24T06:41:04Z,approved,debit,4899
TXN-02330,4532XXXX4072,CUST-1002,Makkah Hotel,8652.48,USD,2025-05-22T17:21:12Z,approved,credit,7011
TXN-02331,4532XXXX4153,CUST-1061,Amazon.sa,9200.80,SAR,2025-03-17T10:16:00Z,approved,debit,5311
TXN-02332,4532XXXX5713,CUST-1089,Namshi Fashion,8863.60,SAR,2025-06-26T20:23:06Z,approved,debit,5651
TXN-02333,4532XXXX9153,CUST-1158,SABB ATM,3828.71,SAR,2025-04-28T12:41:49Z,approved,debit,6011
TXN-02334,4532XXXX4020,CUST-1104,Whites Pharmacy,3797.78,SAR,2025-01-25T21:24:48Z,declined,credit,5912
TXN-02335,4532XXXX1762,CUST-1031,Hunger Station,607.89,SAR,2025-02-18T13:03:56Z,pending,debit,5812
TXN-02336,4532XXXX1046,CUST-1176,Zara SA,3275.94,SAR,2025-01-22T20:49:01Z,declined,debit,5651
TXN-02337,4532XXXX6592,CUST-1184,SABB ATM,211.33,USD,2025-01-21T18:26:24Z,approved,debit,6011
TXN-02338,4532XXXX7041,CUST-1037,Careem Rides,11785.03,SAR,2025-06-18T16:54:24Z,approved,debit,4121
TXN-02339,4532XXXX3390,CUST-1097,Makkah Hotel,6653.96,SAR,2025-02-09T03:17:10Z,approved,debit,7011
TXN-02340,4532XXXX4977,CUST-1091,Netflix,12872.41,USD,2025-05-09T14:33:29Z,approved,credit,4899
TXN-02341,4532XXXX3598,CUST-1071,H&M Saudi,50.85,SAR,2025-04-01T00:27:03Z,approved,debit,5651
TXN-02342,4532XXXX5705,CUST-1192,Nana Grocery,3061.58,SAR,2025-01-22T10:34:41Z,approved,debit,5411
TXN-02343,4532XXXX9676,CUST-1072,Tamimi Markets,211.45,SAR,2025-06-02T13:36:18Z,approved,credit,5411
TXN-02344,4532XXXX5515,CUST-1117,Danube Online,3368.61,SAR,2025-02-09T00:22:25Z,approved,debit,5411
TXN-02345,4532XXXX1280,CUST-1070,Extra Electronics,6574.75,SAR,2025-01-26T22:05:35Z,pending,debit,5732
TXN-02346,4532XXXX9350,CUST-1166,Aramex Shipping,14797.46,SAR,2025-04-18T03:19:31Z,declined,debit,4215
TXN-02347,4532XXXX2619,CUST-1029,Lulu Hypermarket,7832.81,SAR,2025-05-14T23:12:13Z,approved,credit,5411
TXN-02348,4532XXXX2755,CUST-1133,Alshaya Group,309.39,SAR,2025-04-21T03:08:16Z,approved,debit,5311
TXN-02349,4532XXXX9682,CUST-1065,Hunger Station,10028.36,SAR,2025-04-18T22:57:11Z,approved,credit,5812
TXN-02350,4532XXXX7876,CUST-1128,Makkah Hotel,14379.53,SAR,2025-03-05T13:41:09Z,approved,debit,7011
TXN-02351,4532XXXX7960,CUST-1001,Talabat Food,1631.45,SAR,2025-03-01T11:38:19Z,approved,credit,5812
TXN-02352,4532XXXX6847,CUST-1070,Whites Pharmacy,6032.30,SAR,2025-06-13T11:35:06Z,approved,debit,5912
TXN-02353,4532XXXX6507,CUST-1121,Riyadh Season,3677.04,SAR,2025-01-09T21:27:34Z,approved,credit,7922
TXN-02354,4532XXXX1269,CUST-1195,Hunger Station,7399.79,SAR,2025-03-25T15:46:53Z,declined,debit,5812
TXN-02355,4532XXXX1718,CUST-1027,Shein SA,3473.41,USD,2025-06-18T06:25:22Z,approved,debit,5311
TXN-02356,4532XXXX9987,CUST-1106,Zain Telecom,1093.70,GBP,2025-05-13T05:30:25Z,approved,credit,4814
TXN-02357,4532XXXX1599,CUST-1035,IKEA Saudi,3280.96,SAR,2025-01-19T19:22:57Z,approved,debit,5712
TXN-02358,4532XXXX8370,CUST-1151,Starbucks SA,4209.76,SAR,2025-04-25T07:11:49Z,approved,debit,5814
TXN-02359,4532XXXX9796,CUST-1088,Hunger Station,1407.18,SAR,2025-02-18T14:33:36Z,pending,credit,5812
TXN-02360,4532XXXX3736,CUST-1195,Hunger Station,10336.51,SAR,2025-04-16T01:35:34Z,declined,credit,5812
TXN-02361,4532XXXX7747,CUST-1179,Jarir Bookstore,7345.79,AED,2025-02-12T00:18:14Z,approved,debit,5942
TXN-02362,4532XXXX1001,CUST-1023,Al Rajhi ATM,13872.54,SAR,2025-02-23T22:02:08Z,approved,credit,6011
TXN-02363,4532XXXX1440,CUST-1090,Danube Online,8346.52,SAR,2025-02-01T21:40:01Z,pending,debit,5411
TXN-02364,4532XXXX3571,CUST-1161,Shein SA,4132.49,SAR,2025-02-03T09:53:45Z,approved,credit,5311
TXN-02365,4532XXXX5833,CUST-1012,Tamimi Markets,3140.02,SAR,2025-01-26T18:05:31Z,approved,debit,5411
TXN-02366,4532XXXX4345,CUST-1170,Nahdi Pharmacy,2022.05,SAR,2025-01-23T21:20:34Z,approved,credit,5912
TXN-02367,4532XXXX2036,CUST-1194,Alshaya Group,6480.18,USD,2025-05-14T13:55:34Z,approved,credit,5311
TXN-02368,4532XXXX7887,CUST-1097,Jarir Bookstore,531.77,SAR,2025-02-04T00:00:19Z,approved,debit,5942
TXN-02369,4532XXXX8120,CUST-1196,Extra Electronics,2310.33,SAR,2025-01-22T01:21:56Z,approved,credit,5732
TXN-02370,4532XXXX9697,CUST-1043,Lulu Hypermarket,10707.27,SAR,2025-06-21T14:56:23Z,approved,credit,5411
TXN-02371,4532XXXX4532,CUST-1085,Nahdi Pharmacy,14958.28,SAR,2025-04-14T11:15:02Z,approved,debit,5912
TXN-02372,4532XXXX5263,CUST-1045,Riyadh Season,6678.91,USD,2025-03-03T07:24:33Z,approved,debit,7922
TXN-02373,4532XXXX9772,CUST-1188,STC Pay TopUp,4436.54,SAR,2025-05-31T00:22:53Z,approved,debit,4814
TXN-02374,4532XXXX4764,CUST-1149,SABB ATM,1906.05,SAR,2025-01-11T10:41:23Z,pending,credit,6011
TXN-02375,4532XXXX3215,CUST-1137,SABB ATM,5922.13,SAR,2025-05-07T03:36:46Z,approved,credit,6011
TXN-02376,4532XXXX1831,CUST-1047,Zain Telecom,11985.15,USD,2025-02-16T16:43:53Z,approved,credit,4814
TXN-02377,4532XXXX9602,CUST-1140,Uber Rides,8286.40,SAR,2025-03-07T20:22:34Z,approved,debit,4121
TXN-02378,4532XXXX1721,CUST-1067,Flynas Airline,2047.02,SAR,2025-02-04T14:59:06Z,approved,credit,3000
TXN-02379,4532XXXX2464,CUST-1053,Namshi Fashion,3311.51,USD,2025-05-04T13:08:13Z,approved,debit,5651
TXN-02380,4532XXXX2313,CUST-1160,Nahdi Pharmacy,10815.19,SAR,2025-04-17T03:55:44Z,pending,credit,5912
TXN-02381,4532XXXX6532,CUST-1083,Nana Grocery,4148.29,SAR,2025-06-14T12:21:31Z,approved,debit,5411
TXN-02382,4532XXXX1396,CUST-1196,Jarir Bookstore,11630.69,SAR,2025-05-15T03:45:02Z,pending,debit,5942
TXN-02383,4532XXXX2328,CUST-1022,Mobily Recharge,11134.26,SAR,2025-05-04T16:49:04Z,approved,credit,4814
TXN-02384,4532XXXX9831,CUST-1049,Talabat Food,1478.42,EUR,2025-06-02T04:04:19Z,declined,debit,5812
TXN-02385,4532XXXX3453,CUST-1015,Ceer Motors,9075.04,SAR,2025-05-20T15:50:00Z,approved,debit,5511
TXN-02386,4532XXXX5786,CUST-1098,SABB ATM,7562.78,SAR,2025-02-26T06:51:13Z,approved,debit,6011
TXN-02387,4532XXXX9847,CUST-1022,Zain Telecom,9007.22,USD,2025-04-22T22:08:55Z,approved,debit,4814
TXN-02388,4532XXXX5734,CUST-1126,Makkah Hotel,1153.68,AED,2025-02-04T02:56:15Z,approved,credit,7011
TXN-02389,4532XXXX8656,CUST-1011,Mobily Recharge,610.55,SAR,2025-03-26T09:48:06Z,approved,debit,4814
TXN-02390,4532XXXX7191,CUST-1154,Amazon.sa,3922.97,SAR,2025-02-17T16:38:19Z,approved,credit,5311
TXN-02391,4532XXXX3456,CUST-1088,Al Baik Restaurant,7740.78,SAR,2025-04-13T22:08:35Z,approved,debit,5812
TXN-02392,4532XXXX9383,CUST-1145,SABB ATM,2243.35,SAR,2025-02-22T07:32:17Z,approved,debit,6011
TXN-02393,4532XXXX7149,CUST-1095,Amazon.sa,12324.57,SAR,2025-06-02T11:01:01Z,pending,debit,5311
TXN-02394,4532XXXX4938,CUST-1142,Panda Supermarket,800.29,SAR,2025-02-10T08:57:40Z,approved,credit,5411
TXN-02395,4532XXXX9615,CUST-1158,PlayStation Store,5329.38,SAR,2025-01-04T07:11:58Z,approved,debit,5816
TXN-02396,4532XXXX7417,CUST-1017,Amazon.sa,709.56,SAR,2025-01-24T18:28:26Z,approved,credit,5311
TXN-02397,4532XXXX5237,CUST-1032,PlayStation Store,11078.90,AED,2025-02-20T19:10:50Z,declined,debit,5816
TXN-02398,4532XXXX4176,CUST-1141,Talabat Food,13963.84,SAR,2025-04-11T03:09:55Z,approved,credit,5812
TXN-02399,4532XXXX4968,CUST-1196,Netflix,967.17,SAR,2025-02-22T00:02:09Z,approved,credit,4899
TXN-02400,4532XXXX3799,CUST-1017,Careem Rides,9288.02,SAR,2025-02-27T07:30:13Z,approved,credit,4121
TXN-02401,4532XXXX7877,CUST-1166,Alshaya Group,2383.10,SAR,2025-02-17T03:08:22Z,pending,credit,5311
TXN-02402,4532XXXX4504,CUST-1034,Saudi Airlines,12676.37,SAR,2025-03-25T16:05:18Z,approved,debit,3000
TXN-02403,4532XXXX7392,CUST-1200,Flynas Airline,13102.30,SAR,2025-06-09T14:58:10Z,approved,credit,3000
TXN-02404,4532XXXX5761,CUST-1100,Extra Electronics,11255.64,SAR,2025-05-28T02:56:32Z,approved,debit,5732
TXN-02405,4532XXXX4063,CUST-1104,IKEA Saudi,5538.87,SAR,2025-04-16T12:45:00Z,approved,debit,5712
TXN-02406,4532XXXX7736,CUST-1187,STC Pay TopUp,7050.13,SAR,2025-03-01T18:07:23Z,approved,debit,4814
TXN-02407,4532XXXX1368,CUST-1132,Shein SA,7957.67,EUR,2025-06-27T22:08:54Z,pending,debit,5311
TXN-02408,4532XXXX9499,CUST-1188,Noon.com,8343.57,SAR,2025-04-08T06:41:19Z,approved,debit,5311
TXN-02409,4532XXXX6569,CUST-1085,Namshi Fashion,12477.14,SAR,2025-01-12T22:45:03Z,approved,debit,5651
TXN-02410,4532XXXX4352,CUST-1176,Ceer Motors,12795.22,SAR,2025-02-16T08:58:06Z,approved,debit,5511
TXN-02411,4532XXXX6162,CUST-1196,Danube Online,7895.56,SAR,2025-04-25T00:11:05Z,declined,debit,5411
TXN-02412,4532XXXX2549,CUST-1102,IKEA Saudi,12090.19,USD,2025-01-18T11:41:56Z,declined,credit,5712
TXN-02413,4532XXXX9919,CUST-1117,Makkah Hotel,13179.56,SAR,2025-01-25T00:51:03Z,approved,credit,7011
TXN-02414,4532XXXX9070,CUST-1051,Hunger Station,9464.95,SAR,2025-02-08T10:42:03Z,approved,debit,5812
TXN-02415,4532XXXX7662,CUST-1104,Tawuniya Insurance,3389.64,SAR,2025-06-21T08:12:06Z,approved,credit,6300
TXN-02416,4532XXXX9137,CUST-1020,Al Baik Restaurant,9180.07,AED,2025-04-09T00:56:28Z,pending,debit,5812
TXN-02417,4532XXXX9592,CUST-1100,Noon.com,7512.75,SAR,2025-03-21T01:40:40Z,approved,debit,5311
TXN-02418,4532XXXX2748,CUST-1048,Spotify,14958.96,USD,2025-01-06T17:00:20Z,approved,credit,4899
TXN-02419,4532XXXX1214,CUST-1107,SABB ATM,12564.76,SAR,2025-04-12T17:24:35Z,approved,credit,6011
TXN-02420,4532XXXX5647,CUST-1097,Booking.com,10544.06,SAR,2025-02-21T05:48:11Z,approved,debit,7011
TXN-02421,4532XXXX4501,CUST-1186,Starbucks SA,13234.81,AED,2025-05-13T01:35:32Z,approved,debit,5814
TXN-02422,4532XXXX2161,CUST-1157,Danube Online,873.89,SAR,2025-03-02T10:25:36Z,approved,credit,5411
TXN-02423,4532XXXX4790,CUST-1164,Shein SA,8090.74,SAR,2025-02-13T20:30:35Z,approved,credit,5311
TXN-02424,4532XXXX7672,CUST-1123,Booking.com,8800.42,USD,2025-05-27T21:38:39Z,approved,debit,7011
TXN-02425,4532XXXX3422,CUST-1186,Extra Electronics,9100.49,AED,2025-04-09T05:26:38Z,approved,debit,5732
TXN-02426,4532XXXX5180,CUST-1116,Lulu Hypermarket,6276.94,SAR,2025-01-18T21:47:54Z,approved,credit,5411
TXN-02427,4532XXXX1702,CUST-1191,Apple Store,8043.89,SAR,2025-05-26T01:56:58Z,approved,credit,5045
TXN-02428,4532XXXX8133,CUST-1006,Booking.com,14034.21,SAR,2025-03-25T05:44:41Z,pending,debit,7011
TXN-02429,4532XXXX1294,CUST-1133,Noon.com,1936.15,SAR,2025-06-01T12:29:35Z,approved,debit,5311
TXN-02430,4532XXXX2448,CUST-1015,Makkah Hotel,5423.02,USD,2025-03-19T06:01:25Z,pending,debit,7011
TXN-02431,4532XXXX4487,CUST-1099,Careem Rides,1094.83,SAR,2025-05-25T16:42:12Z,approved,debit,4121
TXN-02432,4532XXXX8041,CUST-1197,Spotify,5111.30,SAR,2025-01-11T02:34:48Z,approved,credit,4899
TXN-02433,4532XXXX8950,CUST-1047,H&M Saudi,7283.36,SAR,2025-06-14T13:19:04Z,approved,credit,5651
TXN-02434,4532XXXX5321,CUST-1144,Tawuniya Insurance,9319.57,AED,2025-04-12T20:18:37Z,approved,credit,6300
TXN-02435,4532XXXX9647,CUST-1011,SABB ATM,13445.93,SAR,2025-01-01T23:06:38Z,approved,credit,6011
TXN-02436,4532XXXX9660,CUST-1050,Booking.com,7155.92,SAR,2025-05-10T12:56:34Z,approved,debit,7011
TXN-02437,4532XXXX3033,CUST-1012,Spotify,5617.67,SAR,2025-05-21T13:25:10Z,approved,debit,4899
TXN-02438,4532XXXX1778,CUST-1171,Saudi Airlines,10411.04,SAR,2025-04-28T14:40:58Z,approved,debit,3000
TXN-02439,4532XXXX3978,CUST-1145,Whites Pharmacy,12050.28,SAR,2025-02-25T11:45:31Z,approved,credit,5912
TXN-02440,4532XXXX7893,CUST-1116,Flynas Airline,2488.19,SAR,2025-05-27T20:14:04Z,pending,credit,3000
TXN-02441,4532XXXX8474,CUST-1147,Shell Petrol,9853.28,USD,2025-06-11T05:23:43Z,approved,credit,5541
TXN-02442,4532XXXX5066,CUST-1076,Careem Rides,5495.88,SAR,2025-03-16T14:01:49Z,approved,debit,4121
TXN-02443,4532XXXX6072,CUST-1145,Noon.com,11585.63,SAR,2025-06-22T07:17:48Z,approved,credit,5311
TXN-02444,4532XXXX4654,CUST-1050,Tamimi Markets,1629.78,USD,2025-06-12T22:53:31Z,approved,credit,5411
TXN-02445,4532XXXX7681,CUST-1037,H&M Saudi,8399.93,SAR,2025-01-11T15:15:30Z,approved,credit,5651
TXN-02446,4532XXXX8490,CUST-1006,PlayStation Store,5972.92,SAR,2025-01-23T20:35:57Z,pending,debit,5816
TXN-02447,4532XXXX4737,CUST-1008,Tawuniya Insurance,11240.40,SAR,2025-03-02T02:22:57Z,approved,credit,6300
TXN-02448,4532XXXX4997,CUST-1057,Mobily Recharge,9037.99,SAR,2025-03-12T06:07:05Z,approved,debit,4814
TXN-02449,4532XXXX1050,CUST-1169,PlayStation Store,12540.39,SAR,2025-02-25T06:48:17Z,approved,debit,5816
TXN-02450,4532XXXX8113,CUST-1170,SABB ATM,13534.22,GBP,2025-04-20T22:59:57Z,approved,debit,6011
TXN-02451,4532XXXX3402,CUST-1141,Careem Rides,11447.76,SAR,2025-04-16T17:33:21Z,approved,credit,4121
TXN-02452,4532XXXX6647,CUST-1069,Al Baik Restaurant,5739.60,SAR,2025-03-15T10:59:15Z,approved,credit,5812
TXN-02453,4532XXXX2609,CUST-1019,Spotify,7231.53,SAR,2025-03-24T17:05:19Z,declined,credit,4899
TXN-02454,4532XXXX2969,CUST-1038,Netflix,4708.85,USD,2025-03-07T09:50:46Z,approved,debit,4899
TXN-02455,4532XXXX6091,CUST-1199,Lulu Hypermarket,2238.54,SAR,2025-04-25T02:28:00Z,approved,debit,5411
TXN-02456,4532XXXX8838,CUST-1161,Panda Supermarket,12488.79,USD,2025-02-01T21:26:21Z,pending,debit,5411
TXN-02457,4532XXXX7400,CUST-1001,Jarir Bookstore,7710.91,SAR,2025-04-27T14:01:53Z,approved,debit,5942
TXN-02458,4532XXXX4310,CUST-1015,SABB ATM,11449.99,USD,2025-04-08T20:20:27Z,approved,debit,6011
TXN-02459,4532XXXX1417,CUST-1172,Netflix,5025.94,USD,2025-06-09T20:58:17Z,approved,debit,4899
TXN-02460,4532XXXX5801,CUST-1097,Makkah Hotel,9726.04,SAR,2025-01-16T13:18:49Z,declined,credit,7011
TXN-02461,4532XXXX9549,CUST-1019,Mobily Recharge,6119.83,SAR,2025-02-04T09:45:41Z,approved,credit,4814
TXN-02462,4532XXXX7035,CUST-1114,Tawuniya Insurance,2159.00,SAR,2025-05-22T17:56:11Z,approved,credit,6300
TXN-02463,4532XXXX5612,CUST-1072,Lulu Hypermarket,7431.56,SAR,2025-03-27T23:06:28Z,approved,debit,5411
TXN-02464,4532XXXX7744,CUST-1015,Nahdi Pharmacy,10891.69,USD,2025-05-29T03:40:51Z,declined,debit,5912
TXN-02465,4532XXXX9062,CUST-1153,Namshi Fashion,8334.19,SAR,2025-01-18T21:04:30Z,pending,credit,5651
TXN-02466,4532XXXX2094,CUST-1122,Shell Petrol,14729.83,AED,2025-04-20T19:03:16Z,pending,credit,5541
TXN-02467,4532XXXX5305,CUST-1068,STC Pay TopUp,7862.10,SAR,2025-04-14T14:27:29Z,approved,debit,4814
TXN-02468,4532XXXX6147,CUST-1051,Netflix,1342.36,SAR,2025-01-26T18:16:00Z,approved,credit,4899
TXN-02469,4532XXXX8654,CUST-1044,Netflix,14415.41,SAR,2025-01-22T02:38:26Z,approved,debit,4899
TXN-02470,4532XXXX3691,CUST-1119,Jarir Bookstore,14941.68,SAR,2025-06-26T05:53:57Z,declined,debit,5942
TXN-02471,4532XXXX7912,CUST-1021,HyperPanda,5700.54,SAR,2025-02-12T12:00:47Z,approved,credit,5411
TXN-02472,4532XXXX6651,CUST-1172,Mobily Recharge,7438.74,SAR,2025-04-22T08:24:13Z,approved,debit,4814
TXN-02473,4532XXXX5861,CUST-1049,Spotify,13371.55,SAR,2025-04-16T20:45:50Z,approved,debit,4899
TXN-02474,4532XXXX6292,CUST-1152,Amazon.sa,2534.56,SAR,2025-04-23T09:26:02Z,approved,debit,5311
TXN-02475,4532XXXX8064,CUST-1102,Apple Store,14596.31,SAR,2025-01-19T08:28:39Z,approved,debit,5045
TXN-02476,4532XXXX2664,CUST-1014,Hunger Station,10232.32,SAR,2025-06-11T13:24:10Z,approved,credit,5812
TXN-02477,4532XXXX9186,CUST-1137,Noon.com,13576.12,AED,2025-05-24T20:55:15Z,declined,credit,5311
TXN-02478,4532XXXX2511,CUST-1044,Tamimi Markets,12510.20,SAR,2025-05-05T02:14:49Z,approved,credit,5411
TXN-02479,4532XXXX7879,CUST-1138,Tamimi Markets,2904.81,SAR,2025-04-11T20:41:36Z,approved,credit,5411
TXN-02480,4532XXXX8175,CUST-1140,Booking.com,7372.13,SAR,2025-05-22T23:46:18Z,approved,credit,7011
TXN-02481,4532XXXX2883,CUST-1110,IKEA Saudi,8092.70,USD,2025-06-20T05:27:10Z,approved,debit,5712
TXN-02482,4532XXXX8366,CUST-1140,Mobily Recharge,5080.38,SAR,2025-04-22T03:41:43Z,pending,debit,4814
TXN-02483,4532XXXX2949,CUST-1127,Whites Pharmacy,9551.57,SAR,2025-03-20T05:05:50Z,approved,credit,5912
TXN-02484,4532XXXX7636,CUST-1180,Amazon.sa,14073.22,SAR,2025-02-15T19:36:22Z,approved,credit,5311
TXN-02485,4532XXXX3353,CUST-1038,Jarir Bookstore,38.76,SAR,2025-04-15T23:28:29Z,approved,credit,5942
TXN-02486,4532XXXX3608,CUST-1044,Tamimi Markets,5242.81,SAR,2025-05-11T20:31:21Z,approved,debit,5411
TXN-02487,4532XXXX2718,CUST-1174,Saudi Airlines,5029.09,SAR,2025-03-28T20:29:12Z,declined,debit,3000
TXN-02488,4532XXXX3854,CUST-1104,Shein SA,1097.57,SAR,2025-05-07T11:17:09Z,approved,credit,5311
TXN-02489,4532XXXX1646,CUST-1036,Mobily Recharge,14533.90,SAR,2025-05-27T14:22:57Z,approved,credit,4814
TXN-02490,4532XXXX5731,CUST-1137,Lulu Hypermarket,9353.44,SAR,2025-04-16T05:14:22Z,approved,debit,5411
TXN-02491,4532XXXX1555,CUST-1041,Namshi Fashion,571.63,USD,2025-03-06T06:01:12Z,approved,credit,5651
TXN-02492,4532XXXX5108,CUST-1187,IKEA Saudi,8136.52,SAR,2025-05-20T15:39:48Z,approved,debit,5712
TXN-02493,4532XXXX9391,CUST-1166,Namshi Fashion,9085.94,SAR,2025-06-14T07:16:38Z,approved,credit,5651
TXN-02494,4532XXXX9940,CUST-1017,Tawuniya Insurance,5204.96,SAR,2025-05-02T13:40:41Z,approved,debit,6300
TXN-02495,4532XXXX3933,CUST-1193,Panda Supermarket,6623.88,SAR,2025-03-11T07:27:03Z,approved,credit,5411
TXN-02496,4532XXXX4059,CUST-1103,Nahdi Pharmacy,2943.85,SAR,2025-05-30T08:17:59Z,approved,credit,5912
TXN-02497,4532XXXX2040,CUST-1116,Lulu Hypermarket,1174.49,SAR,2025-04-30T05:33:36Z,pending,credit,5411
TXN-02498,4532XXXX9879,CUST-1170,Nana Grocery,7985.30,SAR,2025-03-16T15:46:50Z,approved,credit,5411
TXN-02499,4532XXXX3121,CUST-1148,H&M Saudi,10779.50,SAR,2025-01-30T21:17:50Z,approved,credit,5651
TXN-02500,4532XXXX9718,CUST-1148,Netflix,11247.72,SAR,2025-06-03T12:07:39Z,approved,credit,4899
TXN-02501,4532XXXX4890,CUST-1135,Jarir Bookstore,2797.63,SAR,2025-05-02T09:38:38Z,approved,debit,5942
TXN-02502,4532XXXX6904,CUST-1179,Lulu Hypermarket,9955.23,USD,2025-06-18T12:10:58Z,pending,debit,5411
TXN-02503,4532XXXX1501,CUST-1098,Riyadh Season,6852.25,SAR,2025-01-08T10:33:52Z,declined,debit,7922
TXN-02504,4532XXXX6613,CUST-1043,Lulu Hypermarket,2642.73,USD,2025-05-25T22:48:55Z,approved,debit,5411
TXN-02505,4532XXXX7456,CUST-1065,Tamimi Markets,5900.63,AED,2025-04-26T06:21:10Z,approved,debit,5411
TXN-02506,4532XXXX3180,CUST-1091,Riyadh Season,9576.33,SAR,2025-05-04T02:24:59Z,declined,credit,7922
TXN-02507,4532XXXX4640,CUST-1190,Shein SA,11844.08,USD,2025-06-11T05:31:02Z,approved,credit,5311
TXN-02508,4532XXXX6371,CUST-1147,Noon.com,2470.50,SAR,2025-01-16T10:59:42Z,approved,credit,5311
TXN-02509,4532XXXX6625,CUST-1195,Booking.com,13982.76,SAR,2025-02-04T13:04:02Z,approved,debit,7011
TXN-02510,4532XXXX4641,CUST-1148,Extra Electronics,8838.92,SAR,2025-06-18T14:43:52Z,approved,credit,5732
TXN-02511,4532XXXX2740,CUST-1156,Saudi Airlines,12907.45,SAR,2025-04-08T23:03:10Z,approved,credit,3000
TXN-02512,4532XXXX9502,CUST-1101,Saudi Airlines,14274.67,SAR,2025-04-06T01:51:03Z,approved,debit,3000
TXN-02513,4532XXXX5707,CUST-1144,Mobily Recharge,4810.02,SAR,2025-04-05T17:09:55Z,approved,debit,4814
TXN-02514,4532XXXX9393,CUST-1002,Netflix,9349.59,SAR,2025-06-20T10:36:42Z,approved,debit,4899
TXN-02515,4532XXXX9544,CUST-1029,Talabat Food,2476.40,SAR,2025-02-08T16:05:45Z,declined,debit,5812
TXN-02516,4532XXXX6967,CUST-1149,Hunger Station,570.17,SAR,2025-06-12T19:59:09Z,approved,debit,5812
TXN-02517,4532XXXX6370,CUST-1079,Al Baik Restaurant,6807.88,SAR,2025-03-05T10:50:54Z,approved,debit,5812
TXN-02518,4532XXXX7872,CUST-1056,Tamimi Markets,13292.05,SAR,2025-06-08T18:00:25Z,approved,credit,5411
TXN-02519,4532XXXX6198,CUST-1135,Noon.com,6396.62,SAR,2025-06-15T08:33:14Z,approved,debit,5311
TXN-02520,4532XXXX2787,CUST-1159,Lulu Hypermarket,2249.55,EUR,2025-06-17T19:44:17Z,approved,credit,5411
TXN-02521,4532XXXX9670,CUST-1023,Panda Supermarket,2663.98,SAR,2025-03-16T08:35:39Z,approved,credit,5411
TXN-02522,4532XXXX3156,CUST-1152,Makkah Hotel,906.83,SAR,2025-05-23T05:42:20Z,pending,credit,7011
TXN-02523,4532XXXX9630,CUST-1002,Lulu Hypermarket,3528.97,SAR,2025-04-10T20:36:20Z,approved,credit,5411
TXN-02524,4532XXXX8014,CUST-1090,Zara SA,2057.06,SAR,2025-03-06T06:04:27Z,approved,debit,5651
TXN-02525,4532XXXX9829,CUST-1084,Whites Pharmacy,11885.47,SAR,2025-03-29T08:07:30Z,approved,debit,5912
TXN-02526,4532XXXX6526,CUST-1077,Extra Electronics,10592.99,SAR,2025-04-10T01:44:35Z,pending,credit,5732
TXN-02527,4532XXXX6959,CUST-1072,Zain Telecom,10994.65,SAR,2025-03-23T22:29:51Z,approved,credit,4814
TXN-02528,4532XXXX2944,CUST-1158,Apple Store,1937.81,SAR,2025-04-30T07:13:48Z,approved,credit,5045
TXN-02529,4532XXXX1645,CUST-1110,Booking.com,13988.95,SAR,2025-01-02T05:09:44Z,approved,debit,7011
TXN-02530,4532XXXX4802,CUST-1079,Saudi Airlines,8797.04,SAR,2025-06-20T13:40:36Z,approved,debit,3000
TXN-02531,4532XXXX2896,CUST-1034,Tawuniya Insurance,13246.85,USD,2025-06-10T14:27:16Z,approved,debit,6300
TXN-02532,4532XXXX9548,CUST-1018,Spotify,5102.25,SAR,2025-01-07T13:28:10Z,approved,credit,4899
TXN-02533,4532XXXX5651,CUST-1163,H&M Saudi,2736.32,SAR,2025-01-20T11:45:18Z,approved,debit,5651
TXN-02534,4532XXXX9038,CUST-1134,Makkah Hotel,5790.46,SAR,2025-05-01T09:14:00Z,approved,credit,7011
TXN-02535,4532XXXX8226,CUST-1177,IKEA Saudi,13483.54,SAR,2025-06-03T04:12:11Z,pending,debit,5712
TXN-02536,4532XXXX9442,CUST-1165,Starbucks SA,100.45,SAR,2025-03-13T03:03:15Z,pending,credit,5814
TXN-02537,4532XXXX9615,CUST-1043,Saudi Airlines,14245.80,SAR,2025-01-14T12:19:40Z,approved,debit,3000
TXN-02538,4532XXXX4119,CUST-1182,Zain Telecom,1592.39,USD,2025-01-26T23:12:26Z,approved,debit,4814
TXN-02539,4532XXXX5994,CUST-1052,HyperPanda,12618.30,SAR,2025-01-02T09:00:54Z,approved,debit,5411
TXN-02540,4532XXXX5009,CUST-1016,Shell Petrol,13282.80,SAR,2025-04-11T21:28:03Z,approved,debit,5541
TXN-02541,4532XXXX1396,CUST-1126,Extra Electronics,8293.43,SAR,2025-03-08T23:50:58Z,approved,debit,5732
TXN-02542,4532XXXX8471,CUST-1197,Talabat Food,10593.97,SAR,2025-05-10T03:51:27Z,approved,debit,5812
TXN-02543,4532XXXX5352,CUST-1090,Talabat Food,3908.81,SAR,2025-03-12T12:34:33Z,approved,debit,5812
TXN-02544,4532XXXX3333,CUST-1098,Careem Rides,14132.36,USD,2025-03-05T04:38:00Z,approved,debit,4121
TXN-02545,4532XXXX2675,CUST-1131,Nana Grocery,9866.88,SAR,2025-02-16T19:33:21Z,approved,debit,5411
TXN-02546,4532XXXX8680,CUST-1141,Tamimi Markets,14405.46,SAR,2025-05-06T07:52:35Z,approved,debit,5411
TXN-02547,4532XXXX4559,CUST-1118,Spotify,11809.24,SAR,2025-05-22T10:08:24Z,approved,credit,4899
TXN-02548,4532XXXX3978,CUST-1150,Tamimi Markets,13891.68,EUR,2025-03-05T06:26:36Z,approved,debit,5411
TXN-02549,4532XXXX3804,CUST-1148,Shein SA,3215.41,AED,2025-03-21T23:46:50Z,approved,credit,5311
TXN-02550,4532XXXX5967,CUST-1110,Mobily Recharge,8779.73,SAR,2025-05-05T08:16:56Z,approved,credit,4814
TXN-02551,4532XXXX6958,CUST-1141,Careem Rides,2502.62,SAR,2025-05-07T20:41:25Z,declined,debit,4121
TXN-02552,4532XXXX5370,CUST-1148,Zain Telecom,8341.38,SAR,2025-03-01T19:40:12Z,approved,debit,4814
TXN-02553,4532XXXX4585,CUST-1126,Tawuniya Insurance,11156.18,SAR,2025-04-06T18:01:15Z,approved,debit,6300
TXN-02554,4532XXXX5159,CUST-1075,Hunger Station,8567.80,AED,2025-02-20T16:31:29Z,approved,credit,5812
TXN-02555,4532XXXX8320,CUST-1128,Riyadh Season,1751.60,SAR,2025-06-23T10:56:55Z,approved,credit,7922
TXN-02556,4532XXXX3655,CUST-1113,Jarir Bookstore,2619.09,SAR,2025-01-14T13:40:33Z,approved,debit,5942
TXN-02557,4532XXXX2843,CUST-1064,HyperPanda,7907.37,SAR,2025-04-07T15:27:15Z,approved,credit,5411
TXN-02558,4532XXXX9502,CUST-1182,Mobily Recharge,14268.78,SAR,2025-06-27T16:07:09Z,approved,debit,4814
TXN-02559,4532XXXX3207,CUST-1039,STC Pay TopUp,11292.47,USD,2025-01-20T03:18:22Z,approved,debit,4814
TXN-02560,4532XXXX1728,CUST-1187,Amazon.sa,2603.13,SAR,2025-06-21T12:48:34Z,approved,credit,5311
TXN-02561,4532XXXX8628,CUST-1142,Aramex Shipping,14096.20,SAR,2025-06-21T19:35:07Z,approved,credit,4215
TXN-02562,4532XXXX7098,CUST-1130,Shein SA,10255.54,SAR,2025-05-15T15:06:12Z,declined,credit,5311
TXN-02563,4532XXXX1997,CUST-1092,Tamimi Markets,8027.17,SAR,2025-06-29T11:33:44Z,pending,credit,5411
TXN-02564,4532XXXX7354,CUST-1011,Netflix,14669.96,SAR,2025-02-15T21:10:43Z,declined,debit,4899
TXN-02565,4532XXXX3670,CUST-1147,Shein SA,6905.92,SAR,2025-03-09T08:36:45Z,approved,credit,5311
TXN-02566,4532XXXX3743,CUST-1147,Al Baik Restaurant,2242.48,SAR,2025-04-23T01:53:35Z,pending,credit,5812
TXN-02567,4532XXXX8831,CUST-1151,Danube Online,1391.66,SAR,2025-02-08T14:39:33Z,approved,credit,5411
TXN-02568,4532XXXX1080,CUST-1189,Al Rajhi ATM,9183.14,SAR,2025-02-08T02:58:34Z,approved,debit,6011
TXN-02569,4532XXXX2886,CUST-1121,Al Baik Restaurant,8904.31,SAR,2025-01-19T01:04:53Z,approved,debit,5812
TXN-02570,4532XXXX3578,CUST-1013,Ceer Motors,2281.05,SAR,2025-02-10T05:50:04Z,approved,credit,5511
TXN-02571,4532XXXX1876,CUST-1180,Nana Grocery,11291.13,SAR,2025-01-28T02:44:47Z,approved,credit,5411
TXN-02572,4532XXXX3121,CUST-1198,Al Baik Restaurant,5741.82,SAR,2025-01-21T07:01:51Z,approved,debit,5812
TXN-02573,4532XXXX6618,CUST-1031,Riyadh Season,6700.13,SAR,2025-05-21T09:25:16Z,declined,credit,7922
TXN-02574,4532XXXX4507,CUST-1136,Nahdi Pharmacy,2973.28,AED,2025-05-01T23:16:09Z,approved,debit,5912
TXN-02575,4532XXXX1219,CUST-1147,Netflix,5063.01,SAR,2025-04-15T02:37:58Z,declined,debit,4899
TXN-02576,4532XXXX9535,CUST-1117,Tawuniya Insurance,12169.83,USD,2025-05-31T19:26:43Z,approved,debit,6300
TXN-02577,4532XXXX7468,CUST-1196,Apple Store,1356.06,SAR,2025-01-05T09:50:01Z,declined,credit,5045
TXN-02578,4532XXXX3205,CUST-1036,Booking.com,8648.56,USD,2025-03-05T10:14:57Z,approved,credit,7011
TXN-02579,4532XXXX4172,CUST-1074,Shell Petrol,12600.67,SAR,2025-04-25T20:07:45Z,declined,debit,5541
TXN-02580,4532XXXX1020,CUST-1090,Shell Petrol,994.93,USD,2025-05-25T02:29:34Z,approved,credit,5541
TXN-02581,4532XXXX9135,CUST-1171,Shein SA,1927.41,SAR,2025-05-15T20:53:12Z,approved,credit,5311
TXN-02582,4532XXXX4125,CUST-1025,IKEA Saudi,1784.16,EUR,2025-02-23T11:44:44Z,approved,debit,5712
TXN-02583,4532XXXX3135,CUST-1141,Mobily Recharge,5813.59,SAR,2025-05-29T01:50:37Z,approved,debit,4814
TXN-02584,4532XXXX3307,CUST-1067,Uber Rides,11678.92,USD,2025-01-05T23:31:00Z,approved,debit,4121
TXN-02585,4532XXXX9107,CUST-1109,SABB ATM,2433.50,SAR,2025-02-14T19:38:15Z,approved,debit,6011
TXN-02586,4532XXXX2398,CUST-1043,HyperPanda,6649.50,SAR,2025-05-21T02:39:18Z,approved,debit,5411
TXN-02587,4532XXXX5610,CUST-1152,STC Pay TopUp,1954.16,SAR,2025-06-16T23:56:28Z,approved,credit,4814
TXN-02588,4532XXXX1124,CUST-1028,Booking.com,14293.95,SAR,2025-01-31T19:07:20Z,approved,credit,7011
TXN-02589,4532XXXX6950,CUST-1182,Apple Store,884.42,SAR,2025-01-04T06:34:26Z,approved,credit,5045
TXN-02590,4532XXXX6050,CUST-1145,Ceer Motors,6350.72,SAR,2025-06-02T18:56:17Z,approved,debit,5511
TXN-02591,4532XXXX7094,CUST-1095,Nahdi Pharmacy,11676.81,SAR,2025-03-09T13:56:50Z,approved,debit,5912
TXN-02592,4532XXXX5114,CUST-1045,Hunger Station,12624.47,SAR,2025-01-27T13:48:35Z,approved,debit,5812
TXN-02593,4532XXXX9424,CUST-1001,SABB ATM,895.68,SAR,2025-01-24T00:17:40Z,approved,debit,6011
TXN-02594,4532XXXX4765,CUST-1054,STC Pay TopUp,11051.56,USD,2025-03-22T02:43:41Z,approved,debit,4814
TXN-02595,4532XXXX7943,CUST-1103,Lulu Hypermarket,1354.26,SAR,2025-02-01T10:23:21Z,approved,debit,5411
TXN-02596,4532XXXX7000,CUST-1140,Jarir Bookstore,12185.98,SAR,2025-05-11T03:19:57Z,approved,debit,5942
TXN-02597,4532XXXX1996,CUST-1038,Whites Pharmacy,10798.29,SAR,2025-03-08T13:11:10Z,approved,debit,5912
TXN-02598,4532XXXX1882,CUST-1051,Al Rajhi ATM,6797.18,SAR,2025-02-17T20:47:14Z,approved,credit,6011
TXN-02599,4532XXXX5714,CUST-1059,Booking.com,721.74,SAR,2025-06-18T23:33:42Z,approved,credit,7011
TXN-02600,4532XXXX2871,CUST-1071,Aramex Shipping,12016.39,SAR,2025-02-03T23:28:07Z,declined,debit,4215
TXN-02601,4532XXXX9652,CUST-1007,STC Pay TopUp,2729.98,SAR,2025-04-14T05:51:46Z,declined,debit,4814
TXN-02602,4532XXXX1486,CUST-1115,H&M Saudi,8944.42,SAR,2025-04-07T08:20:20Z,approved,debit,5651
TXN-02603,4532XXXX4282,CUST-1144,Jarir Bookstore,14996.38,SAR,2025-06-06T01:17:47Z,approved,debit,5942
TXN-02604,4532XXXX7449,CUST-1041,Nahdi Pharmacy,12575.77,AED,2025-06-22T18:00:23Z,approved,debit,5912
TXN-02605,4532XXXX3264,CUST-1021,Danube Online,7871.62,SAR,2025-06-11T07:18:36Z,declined,credit,5411
TXN-02606,4532XXXX7972,CUST-1005,Panda Supermarket,3993.74,SAR,2025-03-22T13:07:36Z,approved,debit,5411
TXN-02607,4532XXXX2908,CUST-1085,Ceer Motors,11327.67,SAR,2025-06-04T09:27:01Z,approved,debit,5511
TXN-02608,4532XXXX1611,CUST-1151,Aramex Shipping,1869.23,SAR,2025-02-18T23:52:50Z,approved,credit,4215
TXN-02609,4532XXXX2113,CUST-1168,Flynas Airline,8160.45,SAR,2025-04-18T04:40:04Z,declined,credit,3000
TXN-02610,4532XXXX5084,CUST-1194,Ceer Motors,8614.66,SAR,2025-03-03T04:13:31Z,declined,credit,5511
TXN-02611,4532XXXX9222,CUST-1017,Mobily Recharge,639.24,SAR,2025-04-29T13:24:30Z,approved,credit,4814
TXN-02612,4532XXXX7471,CUST-1077,Tawuniya Insurance,12326.57,USD,2025-06-27T04:54:43Z,approved,credit,6300
TXN-02613,4532XXXX8192,CUST-1127,Ceer Motors,981.45,SAR,2025-03-31T22:53:27Z,declined,debit,5511
TXN-02614,4532XXXX7731,CUST-1107,Shell Petrol,11249.85,SAR,2025-01-20T19:36:45Z,approved,debit,5541
TXN-02615,4532XXXX8862,CUST-1039,Spotify,14288.43,SAR,2025-04-05T04:21:48Z,approved,debit,4899
TXN-02616,4532XXXX3998,CUST-1064,IKEA Saudi,11434.12,USD,2025-03-26T20:04:20Z,approved,credit,5712
TXN-02617,4532XXXX2866,CUST-1177,Al Rajhi ATM,8928.84,SAR,2025-04-24T04:20:34Z,approved,debit,6011
TXN-02618,4532XXXX8058,CUST-1004,Uber Rides,13666.51,SAR,2025-02-02T01:37:15Z,declined,debit,4121
TXN-02619,4532XXXX9856,CUST-1007,Spotify,7735.99,SAR,2025-06-09T04:36:31Z,approved,debit,4899
TXN-02620,4532XXXX1449,CUST-1023,Starbucks SA,2379.59,SAR,2025-05-10T04:47:34Z,declined,credit,5814
TXN-02621,4532XXXX2371,CUST-1161,Flynas Airline,13963.68,SAR,2025-04-16T23:22:06Z,approved,debit,3000
TXN-02622,4532XXXX8349,CUST-1176,Riyadh Season,8934.13,SAR,2025-06-21T20:10:13Z,approved,debit,7922
TXN-02623,4532XXXX9251,CUST-1022,Nahdi Pharmacy,10965.70,EUR,2025-04-15T08:56:24Z,declined,credit,5912
TXN-02624,4532XXXX9955,CUST-1075,Al Rajhi ATM,12306.13,SAR,2025-01-14T17:03:48Z,approved,debit,6011
TXN-02625,4532XXXX6833,CUST-1078,Zain Telecom,11368.70,SAR,2025-03-29T15:10:12Z,approved,credit,4814
TXN-02626,4532XXXX7124,CUST-1189,IKEA Saudi,6608.10,SAR,2025-04-09T10:04:58Z,approved,debit,5712
TXN-02627,4532XXXX1767,CUST-1139,Tamimi Markets,390.27,SAR,2025-04-15T21:01:30Z,approved,credit,5411
TXN-02628,4532XXXX4095,CUST-1082,Talabat Food,12433.02,SAR,2025-02-04T22:04:06Z,approved,credit,5812
TXN-02629,4532XXXX2376,CUST-1022,Alshaya Group,1377.10,SAR,2025-05-06T19:40:30Z,approved,credit,5311
TXN-02630,4532XXXX7938,CUST-1128,Whites Pharmacy,2484.41,SAR,2025-05-11T04:20:52Z,approved,credit,5912
TXN-02631,4532XXXX8817,CUST-1039,Nana Grocery,5884.61,SAR,2025-05-11T03:42:47Z,declined,credit,5411
TXN-02632,4532XXXX2931,CUST-1013,Lulu Hypermarket,5322.85,SAR,2025-05-19T12:36:03Z,approved,debit,5411
TXN-02633,4532XXXX5065,CUST-1149,H&M Saudi,6410.11,SAR,2025-04-06T23:51:48Z,approved,credit,5651
TXN-02634,4532XXXX6800,CUST-1073,PlayStation Store,5002.94,SAR,2025-03-15T06:45:00Z,approved,credit,5816
TXN-02635,4532XXXX7523,CUST-1118,Whites Pharmacy,12073.15,SAR,2025-05-11T02:33:32Z,approved,debit,5912
TXN-02636,4532XXXX5637,CUST-1164,Panda Supermarket,13893.78,USD,2025-05-17T07:36:30Z,approved,debit,5411
TXN-02637,4532XXXX8033,CUST-1099,Zain Telecom,3976.15,SAR,2025-04-29T19:12:46Z,approved,debit,4814
TXN-02638,4532XXXX3505,CUST-1116,Al Rajhi ATM,976.08,SAR,2025-01-03T06:07:51Z,approved,debit,6011
TXN-02639,4532XXXX4983,CUST-1027,Shell Petrol,14718.49,SAR,2025-03-11T01:04:57Z,declined,debit,5541
TXN-02640,4532XXXX4637,CUST-1071,Zain Telecom,10.15,SAR,2025-04-22T10:25:46Z,approved,credit,4814
TXN-02641,4532XXXX8141,CUST-1103,Zain Telecom,3423.14,SAR,2025-01-08T23:29:01Z,approved,debit,4814
TXN-02642,4532XXXX8293,CUST-1102,Talabat Food,14812.91,SAR,2025-04-13T08:58:24Z,approved,credit,5812
TXN-02643,4532XXXX5913,CUST-1018,H&M Saudi,12496.14,SAR,2025-01-18T07:37:03Z,approved,debit,5651
TXN-02644,4532XXXX6861,CUST-1029,Whites Pharmacy,14913.34,USD,2025-02-18T05:05:33Z,declined,credit,5912
TXN-02645,4532XXXX4351,CUST-1154,Ceer Motors,14978.69,USD,2025-06-19T13:05:37Z,declined,debit,5511
TXN-02646,4532XXXX1006,CUST-1028,IKEA Saudi,10797.12,SAR,2025-06-23T16:24:14Z,approved,debit,5712
TXN-02647,4532XXXX2546,CUST-1064,Panda Supermarket,4821.66,AED,2025-04-10T05:38:08Z,approved,debit,5411
TXN-02648,4532XXXX5949,CUST-1200,STC Pay TopUp,5407.94,AED,2025-02-24T01:30:56Z,approved,debit,4814
TXN-02649,4532XXXX1517,CUST-1068,SABB ATM,6436.62,SAR,2025-05-07T06:33:04Z,approved,credit,6011
TXN-02650,4532XXXX2035,CUST-1075,Lulu Hypermarket,8510.45,SAR,2025-03-20T01:45:27Z,approved,credit,5411
TXN-02651,4532XXXX9450,CUST-1190,Talabat Food,13970.71,USD,2025-01-13T16:28:35Z,approved,credit,5812
TXN-02652,4532XXXX1685,CUST-1067,HyperPanda,11296.36,SAR,2025-05-03T10:16:55Z,approved,credit,5411
TXN-02653,4532XXXX3383,CUST-1187,Jarir Bookstore,6928.57,USD,2025-04-18T00:33:32Z,approved,debit,5942
TXN-02654,4532XXXX4710,CUST-1021,Nahdi Pharmacy,7756.99,SAR,2025-01-21T07:24:26Z,approved,credit,5912
TXN-02655,4532XXXX7917,CUST-1048,Zara SA,14208.04,SAR,2025-04-17T00:08:54Z,approved,credit,5651
TXN-02656,4532XXXX7485,CUST-1138,Riyadh Season,3738.39,USD,2025-04-23T23:14:34Z,declined,credit,7922
TXN-02657,4532XXXX6117,CUST-1141,Nahdi Pharmacy,7603.31,SAR,2025-04-21T03:26:35Z,declined,debit,5912
TXN-02658,4532XXXX1807,CUST-1084,Booking.com,14683.55,SAR,2025-06-06T00:57:03Z,approved,debit,7011
TXN-02659,4532XXXX8827,CUST-1158,Namshi Fashion,10194.45,SAR,2025-01-12T09:02:24Z,approved,debit,5651
TXN-02660,4532XXXX2153,CUST-1179,Shell Petrol,672.10,USD,2025-01-23T00:25:43Z,approved,debit,5541
TXN-02661,4532XXXX7469,CUST-1109,Amazon.sa,8942.12,SAR,2025-05-27T03:51:56Z,approved,debit,5311
TXN-02662,4532XXXX2638,CUST-1081,Hunger Station,10641.80,SAR,2025-01-25T10:05:53Z,approved,credit,5812
TXN-02663,4532XXXX1125,CUST-1067,Mobily Recharge,841.89,SAR,2025-04-05T06:37:54Z,approved,debit,4814
TXN-02664,4532XXXX5894,CUST-1153,Tawuniya Insurance,4520.49,SAR,2025-01-27T09:16:41Z,approved,credit,6300
TXN-02665,4532XXXX5488,CUST-1065,Tamimi Markets,13808.02,SAR,2025-03-14T19:50:05Z,pending,credit,5411
TXN-02666,4532XXXX8140,CUST-1158,H&M Saudi,6159.85,SAR,2025-03-05T11:20:43Z,approved,debit,5651
TXN-02667,4532XXXX8259,CUST-1004,Alshaya Group,12978.35,SAR,2025-04-06T03:42:07Z,approved,credit,5311
TXN-02668,4532XXXX6225,CUST-1008,Shein SA,14295.11,SAR,2025-05-30T03:09:52Z,approved,debit,5311
TXN-02669,4532XXXX7054,CUST-1130,HyperPanda,1967.18,SAR,2025-06-16T10:05:00Z,approved,debit,5411
TXN-02670,4532XXXX6513,CUST-1098,Namshi Fashion,2768.96,USD,2025-03-23T07:26:30Z,declined,debit,5651
TXN-02671,4532XXXX6685,CUST-1014,Noon.com,5013.36,SAR,2025-04-29T02:36:16Z,approved,debit,5311
TXN-02672,4532XXXX3492,CUST-1003,H&M Saudi,2805.14,SAR,2025-02-03T23:07:47Z,approved,debit,5651
TXN-02673,4532XXXX8765,CUST-1196,Nahdi Pharmacy,13220.91,SAR,2025-05-15T18:02:22Z,approved,debit,5912
TXN-02674,4532XXXX2295,CUST-1035,Mobily Recharge,5855.20,SAR,2025-01-21T03:04:24Z,approved,debit,4814
TXN-02675,4532XXXX9247,CUST-1182,Noon.com,13661.23,SAR,2025-06-15T09:36:51Z,approved,credit,5311
TXN-02676,4532XXXX9795,CUST-1133,Ceer Motors,904.23,SAR,2025-05-28T16:09:14Z,approved,debit,5511
TXN-02677,4532XXXX9102,CUST-1122,Whites Pharmacy,5944.23,SAR,2025-05-19T01:20:47Z,approved,debit,5912
TXN-02678,4532XXXX8275,CUST-1051,Al Baik Restaurant,8934.89,SAR,2025-03-11T14:06:05Z,approved,debit,5812
TXN-02679,4532XXXX3688,CUST-1115,Namshi Fashion,6131.19,GBP,2025-02-21T02:14:18Z,declined,debit,5651
TXN-02680,4532XXXX4340,CUST-1020,Careem Rides,13793.23,SAR,2025-01-11T09:11:38Z,approved,debit,4121
TXN-02681,4532XXXX7322,CUST-1059,Talabat Food,6454.11,SAR,2025-05-16T05:37:08Z,pending,credit,5812
TXN-02682,4532XXXX3765,CUST-1013,Nana Grocery,14605.68,SAR,2025-05-04T09:54:54Z,approved,debit,5411
TXN-02683,4532XXXX4810,CUST-1132,Tamimi Markets,1855.47,SAR,2025-04-19T06:06:05Z,approved,debit,5411
TXN-02684,4532XXXX1772,CUST-1065,Saudi Airlines,14699.32,SAR,2025-02-22T02:37:25Z,approved,credit,3000
TXN-02685,4532XXXX8654,CUST-1110,Flynas Airline,5514.57,SAR,2025-05-07T15:30:18Z,approved,credit,3000
TXN-02686,4532XXXX4171,CUST-1038,Netflix,1155.17,USD,2025-01-28T04:11:05Z,approved,credit,4899
TXN-02687,4532XXXX9048,CUST-1115,Apple Store,9223.58,SAR,2025-05-24T00:14:26Z,declined,credit,5045
TXN-02688,4532XXXX4379,CUST-1188,Al Baik Restaurant,13518.05,SAR,2025-03-19T07:29:07Z,approved,credit,5812
TXN-02689,4532XXXX3780,CUST-1076,Tawuniya Insurance,11135.21,SAR,2025-04-06T00:14:03Z,approved,debit,6300
TXN-02690,4532XXXX8778,CUST-1143,Zain Telecom,2549.89,SAR,2025-01-15T03:09:38Z,approved,credit,4814
TXN-02691,4532XXXX7341,CUST-1004,Tawuniya Insurance,12018.94,SAR,2025-01-14T01:30:29Z,approved,debit,6300
TXN-02692,4532XXXX4760,CUST-1066,Booking.com,2919.46,SAR,2025-03-17T01:44:49Z,approved,credit,7011
TXN-02693,4532XXXX4759,CUST-1140,Al Rajhi ATM,4005.15,USD,2025-06-23T13:22:58Z,approved,debit,6011
TXN-02694,4532XXXX2701,CUST-1079,Jarir Bookstore,13812.88,SAR,2025-05-16T22:15:29Z,approved,debit,5942
TXN-02695,4532XXXX2097,CUST-1184,Zara SA,7579.82,SAR,2025-04-10T20:17:32Z,approved,debit,5651
TXN-02696,4532XXXX5286,CUST-1045,Lulu Hypermarket,13752.26,SAR,2025-03-11T19:13:32Z,approved,debit,5411
TXN-02697,4532XXXX2080,CUST-1014,Zain Telecom,8028.53,SAR,2025-03-12T05:19:34Z,approved,credit,4814
TXN-02698,4532XXXX1255,CUST-1159,Spotify,11765.25,SAR,2025-01-21T19:22:11Z,declined,credit,4899
TXN-02699,4532XXXX9792,CUST-1167,Mobily Recharge,8938.37,SAR,2025-01-29T13:27:32Z,approved,credit,4814
TXN-02700,4532XXXX7972,CUST-1132,Flynas Airline,11031.44,USD,2025-06-06T02:28:09Z,approved,credit,3000
TXN-02701,4532XXXX1998,CUST-1132,Careem Rides,11466.19,USD,2025-04-27T06:50:43Z,approved,debit,4121
TXN-02702,4532XXXX5493,CUST-1124,Whites Pharmacy,12563.47,SAR,2025-01-21T07:43:24Z,approved,credit,5912
TXN-02703,4532XXXX9854,CUST-1036,Flynas Airline,551.26,SAR,2025-01-18T09:17:40Z,pending,debit,3000
TXN-02704,4532XXXX4709,CUST-1182,Flynas Airline,1987.36,SAR,2025-02-09T13:28:27Z,approved,debit,3000
TXN-02705,4532XXXX3473,CUST-1042,Makkah Hotel,8522.36,SAR,2025-01-21T00:57:44Z,approved,credit,7011
TXN-02706,4532XXXX3574,CUST-1169,PlayStation Store,5881.50,SAR,2025-06-08T15:04:58Z,approved,debit,5816
TXN-02707,4532XXXX4474,CUST-1045,Makkah Hotel,13862.69,USD,2025-05-19T04:43:08Z,approved,debit,7011
TXN-02708,4532XXXX3879,CUST-1032,Panda Supermarket,228.47,USD,2025-02-14T15:58:05Z,approved,debit,5411
TXN-02709,4532XXXX1742,CUST-1017,Makkah Hotel,6512.39,SAR,2025-01-23T06:08:29Z,approved,credit,7011
TXN-02710,4532XXXX8878,CUST-1162,HyperPanda,8373.84,SAR,2025-06-05T17:46:07Z,declined,debit,5411
TXN-02711,4532XXXX7105,CUST-1032,Jarir Bookstore,12268.36,SAR,2025-02-06T18:26:19Z,approved,debit,5942
TXN-02712,4532XXXX5740,CUST-1074,Amazon.sa,3532.30,AED,2025-04-18T09:19:06Z,approved,credit,5311
TXN-02713,4532XXXX1776,CUST-1063,Tawuniya Insurance,8846.54,AED,2025-05-27T15:06:03Z,approved,debit,6300
TXN-02714,4532XXXX7695,CUST-1108,PlayStation Store,2928.84,SAR,2025-03-02T01:34:56Z,approved,debit,5816
TXN-02715,4532XXXX1276,CUST-1174,Noon.com,2982.34,SAR,2025-05-31T02:52:56Z,approved,credit,5311
TXN-02716,4532XXXX6397,CUST-1104,Tamimi Markets,12261.46,SAR,2025-02-24T03:59:25Z,pending,credit,5411
TXN-02717,4532XXXX1754,CUST-1098,Nahdi Pharmacy,4974.45,USD,2025-06-25T08:00:09Z,approved,debit,5912
TXN-02718,4532XXXX7438,CUST-1172,Shell Petrol,1384.95,SAR,2025-01-03T12:46:46Z,approved,debit,5541
TXN-02719,4532XXXX5623,CUST-1023,Al Baik Restaurant,13377.68,SAR,2025-02-13T15:37:21Z,approved,debit,5812
TXN-02720,4532XXXX5405,CUST-1139,Mobily Recharge,9213.71,SAR,2025-06-29T02:40:17Z,pending,credit,4814
TXN-02721,4532XXXX4189,CUST-1121,Panda Supermarket,230.59,SAR,2025-05-31T02:28:01Z,approved,debit,5411
TXN-02722,4532XXXX7639,CUST-1141,Netflix,2116.70,SAR,2025-04-14T17:59:56Z,approved,debit,4899
TXN-02723,4532XXXX8101,CUST-1156,Nana Grocery,7921.68,SAR,2025-04-15T20:16:56Z,approved,credit,5411
TXN-02724,4532XXXX8951,CUST-1134,Ceer Motors,7089.81,SAR,2025-05-13T10:56:52Z,approved,debit,5511
TXN-02725,4532XXXX6947,CUST-1094,STC Pay TopUp,8872.47,SAR,2025-02-05T01:42:14Z,approved,debit,4814
TXN-02726,4532XXXX4878,CUST-1146,Nana Grocery,355.49,USD,2025-04-26T11:30:37Z,approved,debit,5411
TXN-02727,4532XXXX8447,CUST-1023,Namshi Fashion,10524.63,SAR,2025-03-11T14:45:44Z,declined,credit,5651
TXN-02728,4532XXXX5959,CUST-1148,PlayStation Store,2805.65,USD,2025-01-03T20:28:19Z,approved,credit,5816
TXN-02729,4532XXXX8552,CUST-1002,Shein SA,2092.31,SAR,2025-01-15T03:27:26Z,approved,debit,5311
TXN-02730,4532XXXX8486,CUST-1131,Mobily Recharge,1771.09,EUR,2025-04-05T11:59:24Z,approved,credit,4814
TXN-02731,4532XXXX2222,CUST-1024,Namshi Fashion,5779.52,SAR,2025-02-05T21:35:41Z,approved,credit,5651
TXN-02732,4532XXXX7599,CUST-1173,Tawuniya Insurance,4208.56,SAR,2025-04-29T04:03:22Z,approved,debit,6300
TXN-02733,4532XXXX6476,CUST-1069,Tamimi Markets,9049.36,SAR,2025-04-03T17:26:29Z,approved,credit,5411
TXN-02734,4532XXXX5330,CUST-1020,Nahdi Pharmacy,10608.46,SAR,2025-06-27T08:48:46Z,pending,credit,5912
TXN-02735,4532XXXX6678,CUST-1094,Lulu Hypermarket,1583.01,AED,2025-04-18T11:44:23Z,declined,debit,5411
TXN-02736,4532XXXX9286,CUST-1096,Aramex Shipping,685.34,USD,2025-03-26T11:47:42Z,approved,debit,4215
TXN-02737,4532XXXX1000,CUST-1148,Careem Rides,13045.30,SAR,2025-04-07T11:55:52Z,declined,credit,4121
TXN-02738,4532XXXX6606,CUST-1005,Amazon.sa,5992.48,SAR,2025-06-29T16:24:01Z,approved,debit,5311
TXN-02739,4532XXXX8700,CUST-1014,Nana Grocery,12410.08,SAR,2025-02-24T01:39:10Z,approved,credit,5411
TXN-02740,4532XXXX5587,CUST-1042,PlayStation Store,13311.93,SAR,2025-06-21T22:37:49Z,approved,debit,5816
TXN-02741,4532XXXX9465,CUST-1023,Aramex Shipping,14180.07,SAR,2025-06-08T14:41:24Z,approved,debit,4215
TXN-02742,4532XXXX7876,CUST-1177,Flynas Airline,3609.36,SAR,2025-01-27T10:58:10Z,approved,debit,3000
TXN-02743,4532XXXX6757,CUST-1139,Saudi Airlines,993.34,SAR,2025-06-02T16:25:44Z,approved,credit,3000
TXN-02744,4532XXXX3916,CUST-1179,Amazon.sa,8617.54,SAR,2025-01-01T04:46:48Z,approved,debit,5311
TXN-02745,4532XXXX1714,CUST-1169,Al Baik Restaurant,6413.92,SAR,2025-05-26T03:44:57Z,pending,debit,5812
TXN-02746,4532XXXX1718,CUST-1059,Nahdi Pharmacy,8544.83,SAR,2025-02-08T18:14:52Z,approved,debit,5912
TXN-02747,4532XXXX8927,CUST-1019,H&M Saudi,10208.88,SAR,2025-01-01T21:27:13Z,approved,credit,5651
TXN-02748,4532XXXX6361,CUST-1168,Al Baik Restaurant,8612.17,USD,2025-03-02T15:13:46Z,declined,debit,5812
TXN-02749,4532XXXX7769,CUST-1059,Tawuniya Insurance,8514.47,SAR,2025-04-01T22:33:13Z,approved,credit,6300
TXN-02750,4532XXXX5212,CUST-1147,Spotify,6184.81,USD,2025-01-26T12:51:28Z,approved,credit,4899
TXN-02751,4532XXXX9432,CUST-1197,SABB ATM,10991.87,SAR,2025-05-02T05:56:21Z,approved,credit,6011
TXN-02752,4532XXXX2158,CUST-1052,Alshaya Group,1244.22,USD,2025-06-25T02:12:37Z,approved,debit,5311
TXN-02753,4532XXXX7607,CUST-1086,Panda Supermarket,11621.37,SAR,2025-05-09T22:24:27Z,approved,credit,5411
TXN-02754,4532XXXX6897,CUST-1047,Uber Rides,4455.06,SAR,2025-06-21T04:46:49Z,approved,debit,4121
TXN-02755,4532XXXX9682,CUST-1135,Hunger Station,13776.35,SAR,2025-03-23T16:29:46Z,approved,debit,5812
TXN-02756,4532XXXX4174,CUST-1070,Zain Telecom,11181.25,SAR,2025-03-28T22:55:15Z,approved,credit,4814
TXN-02757,4532XXXX4198,CUST-1057,Flynas Airline,13964.58,USD,2025-04-08T17:55:12Z,approved,debit,3000
TXN-02758,4532XXXX5881,CUST-1046,Mobily Recharge,5742.46,USD,2025-06-04T21:59:15Z,approved,debit,4814
TXN-02759,4532XXXX8279,CUST-1139,Amazon.sa,800.83,SAR,2025-06-08T12:15:15Z,approved,credit,5311
TXN-02760,4532XXXX2311,CUST-1013,Zara SA,9300.02,SAR,2025-03-10T10:29:08Z,approved,debit,5651
TXN-02761,4532XXXX1557,CUST-1041,Spotify,10939.15,SAR,2025-01-02T21:21:35Z,approved,debit,4899
TXN-02762,4532XXXX6070,CUST-1197,Mobily Recharge,7403.30,SAR,2025-05-16T21:28:39Z,pending,debit,4814
TXN-02763,4532XXXX2640,CUST-1171,HyperPanda,3507.40,SAR,2025-01-17T04:22:03Z,approved,credit,5411
TXN-02764,4532XXXX3331,CUST-1130,Shell Petrol,14794.27,SAR,2025-01-04T16:59:47Z,approved,debit,5541
TXN-02765,4532XXXX3902,CUST-1181,Nahdi Pharmacy,814.48,SAR,2025-05-17T10:48:22Z,approved,credit,5912
TXN-02766,4532XXXX6163,CUST-1007,Zara SA,5567.38,SAR,2025-02-15T09:37:24Z,approved,credit,5651
TXN-02767,4532XXXX3215,CUST-1022,Tamimi Markets,13395.07,GBP,2025-05-10T11:47:57Z,approved,debit,5411
TXN-02768,4532XXXX3587,CUST-1081,Shein SA,14429.87,SAR,2025-01-03T01:17:10Z,approved,credit,5311
TXN-02769,4532XXXX3999,CUST-1180,Amazon.sa,1669.35,SAR,2025-02-11T16:06:10Z,approved,credit,5311
TXN-02770,4532XXXX6567,CUST-1176,Whites Pharmacy,9507.58,SAR,2025-04-30T22:23:19Z,approved,debit,5912
TXN-02771,4532XXXX8257,CUST-1073,Panda Supermarket,7387.23,EUR,2025-05-29T13:05:18Z,declined,debit,5411
TXN-02772,4532XXXX6999,CUST-1034,Nana Grocery,747.51,SAR,2025-03-10T17:07:59Z,declined,debit,5411
TXN-02773,4532XXXX4542,CUST-1060,Uber Rides,14738.59,SAR,2025-02-25T21:27:28Z,approved,credit,4121
TXN-02774,4532XXXX1049,CUST-1185,Jarir Bookstore,13459.45,SAR,2025-01-24T00:19:53Z,approved,debit,5942
TXN-02775,4532XXXX5656,CUST-1033,Panda Supermarket,6428.98,USD,2025-04-09T08:22:42Z,approved,debit,5411
TXN-02776,4532XXXX6518,CUST-1139,Alshaya Group,13648.31,SAR,2025-02-12T23:42:43Z,approved,credit,5311
TXN-02777,4532XXXX7124,CUST-1045,Zain Telecom,11400.68,SAR,2025-02-17T07:24:09Z,declined,credit,4814
TXN-02778,4532XXXX1971,CUST-1088,Careem Rides,5821.90,SAR,2025-01-07T10:59:31Z,approved,credit,4121
TXN-02779,4532XXXX8020,CUST-1146,Shein SA,293.23,SAR,2025-04-21T21:57:07Z,approved,debit,5311
TXN-02780,4532XXXX1722,CUST-1019,Zain Telecom,6591.29,SAR,2025-02-21T00:35:14Z,pending,credit,4814
TXN-02781,4532XXXX4568,CUST-1062,Talabat Food,10417.35,SAR,2025-01-25T07:58:12Z,declined,debit,5812
TXN-02782,4532XXXX4686,CUST-1146,Apple Store,10484.84,SAR,2025-03-14T19:28:49Z,approved,debit,5045
TXN-02783,4532XXXX3575,CUST-1101,Aramex Shipping,11382.65,SAR,2025-06-14T09:01:43Z,approved,debit,4215
TXN-02784,4532XXXX2194,CUST-1003,Spotify,5222.34,SAR,2025-01-03T03:30:58Z,approved,debit,4899
TXN-02785,4532XXXX5683,CUST-1098,Mobily Recharge,13483.16,SAR,2025-02-05T15:50:50Z,approved,debit,4814
TXN-02786,4532XXXX3448,CUST-1138,Flynas Airline,921.92,SAR,2025-02-06T06:24:43Z,approved,debit,3000
TXN-02787,4532XXXX1523,CUST-1079,Booking.com,1050.81,USD,2025-05-24T03:44:06Z,approved,debit,7011
TXN-02788,4532XXXX1092,CUST-1165,Starbucks SA,700.69,USD,2025-02-17T10:27:07Z,declined,credit,5814
TXN-02789,4532XXXX1228,CUST-1139,PlayStation Store,7659.00,AED,2025-02-17T04:20:56Z,approved,debit,5816
TXN-02790,4532XXXX1106,CUST-1023,Shell Petrol,3303.06,SAR,2025-01-27T10:11:01Z,approved,credit,5541
TXN-02791,4532XXXX9897,CUST-1086,Nana Grocery,13147.48,SAR,2025-04-20T05:46:45Z,approved,debit,5411
TXN-02792,4532XXXX7938,CUST-1145,Tamimi Markets,8903.32,SAR,2025-04-26T06:21:39Z,approved,debit,5411
TXN-02793,4532XXXX3935,CUST-1102,Panda Supermarket,12648.25,SAR,2025-03-23T09:03:20Z,approved,credit,5411
TXN-02794,4532XXXX5191,CUST-1037,Nana Grocery,7812.31,SAR,2025-01-16T02:17:01Z,approved,debit,5411
TXN-02795,4532XXXX2488,CUST-1007,HyperPanda,13610.43,SAR,2025-01-23T05:46:09Z,approved,debit,5411
TXN-02796,4532XXXX3756,CUST-1058,PlayStation Store,2839.73,SAR,2025-05-17T00:12:45Z,approved,credit,5816
TXN-02797,4532XXXX3039,CUST-1156,Extra Electronics,13604.03,SAR,2025-04-12T20:02:04Z,approved,credit,5732
TXN-02798,4532XXXX2743,CUST-1126,Jarir Bookstore,8485.32,SAR,2025-03-26T05:21:03Z,pending,debit,5942
TXN-02799,4532XXXX2336,CUST-1129,H&M Saudi,5574.57,SAR,2025-04-17T20:17:43Z,pending,credit,5651
TXN-02800,4532XXXX3743,CUST-1081,Shein SA,10355.56,SAR,2025-04-02T08:26:00Z,declined,credit,5311
TXN-02801,4532XXXX6565,CUST-1025,Shell Petrol,671.63,SAR,2025-01-10T18:37:10Z,approved,credit,5541
TXN-02802,4532XXXX3532,CUST-1137,HyperPanda,1012.20,USD,2025-03-14T21:39:59Z,approved,credit,5411
TXN-02803,4532XXXX6095,CUST-1123,Tamimi Markets,4145.28,USD,2025-06-21T06:44:03Z,approved,credit,5411
TXN-02804,4532XXXX3662,CUST-1025,Al Rajhi ATM,10837.13,SAR,2025-04-03T13:55:07Z,approved,debit,6011
TXN-02805,4532XXXX4746,CUST-1046,PlayStation Store,4421.71,SAR,2025-01-25T18:00:37Z,approved,credit,5816
TXN-02806,4532XXXX5567,CUST-1040,Amazon.sa,4164.98,SAR,2025-04-05T14:51:52Z,declined,debit,5311
TXN-02807,4532XXXX2797,CUST-1188,Namshi Fashion,12904.51,AED,2025-05-26T04:52:23Z,approved,debit,5651
TXN-02808,4532XXXX3073,CUST-1093,Shein SA,2948.26,SAR,2025-01-02T23:34:19Z,pending,credit,5311
TXN-02809,4532XXXX5538,CUST-1189,Jarir Bookstore,9512.49,SAR,2025-01-10T20:18:53Z,declined,credit,5942
TXN-02810,4532XXXX9159,CUST-1039,IKEA Saudi,1963.11,USD,2025-03-27T05:27:12Z,approved,debit,5712
TXN-02811,4532XXXX3140,CUST-1179,Noon.com,10769.20,SAR,2025-01-09T01:04:20Z,approved,debit,5311
TXN-02812,4532XXXX4228,CUST-1107,Booking.com,6110.33,USD,2025-03-18T20:54:04Z,approved,credit,7011
TXN-02813,4532XXXX8208,CUST-1015,Danube Online,8925.09,SAR,2025-06-10T19:35:01Z,approved,debit,5411
TXN-02814,4532XXXX4674,CUST-1092,Zara SA,1443.83,AED,2025-04-15T07:51:19Z,approved,credit,5651
TXN-02815,4532XXXX7811,CUST-1019,STC Pay TopUp,14860.07,SAR,2025-01-18T09:50:25Z,declined,credit,4814
TXN-02816,4532XXXX1669,CUST-1191,Uber Rides,5674.91,SAR,2025-04-29T02:02:14Z,approved,credit,4121
TXN-02817,4532XXXX5319,CUST-1192,Makkah Hotel,14161.97,SAR,2025-01-06T15:56:58Z,approved,credit,7011
TXN-02818,4532XXXX3471,CUST-1139,Lulu Hypermarket,5809.56,SAR,2025-02-01T11:55:04Z,approved,debit,5411
TXN-02819,4532XXXX7011,CUST-1052,SABB ATM,214.81,SAR,2025-01-11T20:24:21Z,approved,credit,6011
TXN-02820,4532XXXX1664,CUST-1095,Starbucks SA,13611.63,USD,2025-03-31T10:06:24Z,approved,debit,5814
TXN-02821,4532XXXX7450,CUST-1180,Zara SA,1266.27,AED,2025-04-10T10:46:07Z,approved,debit,5651
TXN-02822,4532XXXX5173,CUST-1016,Alshaya Group,11683.15,SAR,2025-06-02T02:04:54Z,approved,credit,5311
TXN-02823,4532XXXX6016,CUST-1010,Nahdi Pharmacy,5875.79,EUR,2025-02-08T03:02:38Z,approved,credit,5912
TXN-02824,4532XXXX7175,CUST-1049,IKEA Saudi,5160.13,SAR,2025-02-28T16:49:26Z,approved,debit,5712
TXN-02825,4532XXXX2924,CUST-1049,Namshi Fashion,5783.18,USD,2025-03-26T05:50:25Z,approved,debit,5651
TXN-02826,4532XXXX6628,CUST-1038,Flynas Airline,6166.98,SAR,2025-01-27T16:32:31Z,declined,credit,3000
TXN-02827,4532XXXX9432,CUST-1179,Mobily Recharge,2273.83,SAR,2025-05-12T21:11:52Z,approved,credit,4814
TXN-02828,4532XXXX2607,CUST-1011,Zain Telecom,14237.41,SAR,2025-04-26T08:47:35Z,pending,credit,4814
TXN-02829,4532XXXX2386,CUST-1105,Careem Rides,10866.70,SAR,2025-06-26T04:58:34Z,declined,credit,4121
TXN-02830,4532XXXX4922,CUST-1147,Shell Petrol,3019.19,SAR,2025-03-07T19:05:15Z,approved,credit,5541
TXN-02831,4532XXXX1943,CUST-1073,Nana Grocery,2803.95,EUR,2025-03-12T23:58:28Z,approved,credit,5411
TXN-02832,4532XXXX1569,CUST-1061,IKEA Saudi,14238.78,SAR,2025-06-08T07:16:39Z,declined,debit,5712
TXN-02833,4532XXXX9667,CUST-1020,Al Baik Restaurant,5490.84,SAR,2025-05-10T19:15:16Z,approved,debit,5812
TXN-02834,4532XXXX8649,CUST-1008,Saudi Airlines,4009.81,GBP,2025-06-17T16:30:51Z,pending,credit,3000
TXN-02835,4532XXXX8430,CUST-1100,Shein SA,7493.20,SAR,2025-06-04T13:56:11Z,approved,credit,5311
TXN-02836,4532XXXX6496,CUST-1183,Lulu Hypermarket,14141.41,SAR,2025-06-27T21:44:20Z,approved,debit,5411
TXN-02837,4532XXXX5437,CUST-1062,H&M Saudi,7085.46,SAR,2025-06-16T11:03:27Z,approved,debit,5651
TXN-02838,4532XXXX2041,CUST-1187,HyperPanda,5737.70,SAR,2025-06-06T16:23:42Z,approved,debit,5411
TXN-02839,4532XXXX1362,CUST-1072,Namshi Fashion,5152.15,SAR,2025-03-13T20:02:28Z,approved,credit,5651
TXN-02840,4532XXXX6019,CUST-1003,Shein SA,12582.38,SAR,2025-05-01T01:36:18Z,approved,debit,5311
TXN-02841,4532XXXX7081,CUST-1088,Tamimi Markets,8941.19,SAR,2025-03-04T17:44:19Z,approved,debit,5411
TXN-02842,4532XXXX4924,CUST-1102,Alshaya Group,2729.95,USD,2025-06-15T17:21:30Z,approved,debit,5311
TXN-02843,4532XXXX2944,CUST-1071,Namshi Fashion,11654.91,SAR,2025-04-25T06:36:53Z,approved,debit,5651
TXN-02844,4532XXXX5338,CUST-1099,SABB ATM,4292.30,AED,2025-05-10T15:41:51Z,declined,credit,6011
TXN-02845,4532XXXX2906,CUST-1150,Netflix,13459.42,SAR,2025-03-22T16:09:56Z,approved,credit,4899
TXN-02846,4532XXXX7760,CUST-1082,Alshaya Group,12144.85,SAR,2025-03-29T22:13:30Z,approved,credit,5311
TXN-02847,4532XXXX1296,CUST-1198,Nana Grocery,14415.95,SAR,2025-05-13T04:09:01Z,approved,credit,5411
TXN-02848,4532XXXX3736,CUST-1166,SABB ATM,7964.80,SAR,2025-03-11T04:19:42Z,approved,debit,6011
TXN-02849,4532XXXX5601,CUST-1021,Saudi Airlines,6702.28,SAR,2025-06-27T21:34:10Z,approved,debit,3000
TXN-02850,4532XXXX3887,CUST-1054,Saudi Airlines,9870.83,USD,2025-05-24T12:34:09Z,approved,credit,3000
TXN-02851,4532XXXX9160,CUST-1118,Flynas Airline,10205.74,SAR,2025-06-22T21:04:06Z,approved,debit,3000
TXN-02852,4532XXXX1414,CUST-1128,Netflix,2458.19,SAR,2025-05-06T20:23:13Z,declined,credit,4899
TXN-02853,4532XXXX8286,CUST-1106,Booking.com,12306.24,USD,2025-02-13T05:13:30Z,approved,debit,7011
TXN-02854,4532XXXX4085,CUST-1034,Shein SA,10231.12,SAR,2025-03-20T23:32:05Z,approved,debit,5311
TXN-02855,4532XXXX1764,CUST-1001,SABB ATM,933.87,SAR,2025-06-10T16:01:59Z,pending,credit,6011
TXN-02856,4532XXXX2030,CUST-1180,Danube Online,12206.00,USD,2025-04-15T06:38:51Z,approved,debit,5411
TXN-02857,4532XXXX1414,CUST-1084,Tawuniya Insurance,14761.33,SAR,2025-01-08T01:28:49Z,approved,credit,6300
TXN-02858,4532XXXX6239,CUST-1175,Tamimi Markets,990.36,SAR,2025-02-06T04:15:39Z,approved,credit,5411
TXN-02859,4532XXXX3022,CUST-1050,SABB ATM,9065.21,SAR,2025-02-14T00:32:28Z,pending,debit,6011
TXN-02860,4532XXXX9099,CUST-1196,Zara SA,9415.06,SAR,2025-01-17T20:43:30Z,approved,debit,5651
TXN-02861,4532XXXX3525,CUST-1051,SABB ATM,9338.40,SAR,2025-03-10T04:04:43Z,approved,credit,6011
TXN-02862,4532XXXX4055,CUST-1101,Tamimi Markets,406.70,AED,2025-05-06T05:20:12Z,approved,credit,5411
TXN-02863,4532XXXX7119,CUST-1162,Aramex Shipping,5162.82,SAR,2025-05-20T15:25:08Z,approved,debit,4215
TXN-02864,4532XXXX8253,CUST-1169,Spotify,2229.64,AED,2025-01-30T06:40:06Z,approved,credit,4899
TXN-02865,4532XXXX1023,CUST-1158,Netflix,9052.83,USD,2025-02-03T20:19:35Z,approved,debit,4899
TXN-02866,4532XXXX7934,CUST-1122,IKEA Saudi,3386.40,SAR,2025-02-14T00:12:20Z,approved,debit,5712
TXN-02867,4532XXXX1802,CUST-1130,Danube Online,7045.79,EUR,2025-01-18T19:03:51Z,approved,debit,5411
TXN-02868,4532XXXX2979,CUST-1012,Al Rajhi ATM,9108.98,SAR,2025-06-02T23:56:13Z,pending,credit,6011
TXN-02869,4532XXXX3042,CUST-1041,Netflix,1484.56,SAR,2025-04-06T10:03:13Z,approved,debit,4899
TXN-02870,4532XXXX4641,CUST-1026,Danube Online,14282.49,SAR,2025-04-18T12:03:56Z,approved,credit,5411
TXN-02871,4532XXXX9077,CUST-1144,Ceer Motors,10592.77,EUR,2025-06-16T19:22:14Z,declined,credit,5511
TXN-02872,4532XXXX8839,CUST-1112,Flynas Airline,3877.77,SAR,2025-03-20T03:57:33Z,approved,debit,3000
TXN-02873,4532XXXX3502,CUST-1114,Flynas Airline,3151.25,SAR,2025-02-12T01:51:10Z,approved,debit,3000
TXN-02874,4532XXXX5784,CUST-1183,Al Rajhi ATM,1596.43,SAR,2025-04-28T22:49:14Z,approved,debit,6011
TXN-02875,4532XXXX3527,CUST-1089,PlayStation Store,12871.67,GBP,2025-04-20T22:05:37Z,declined,credit,5816
TXN-02876,4532XXXX7635,CUST-1176,Ceer Motors,2683.68,USD,2025-03-10T16:32:34Z,approved,debit,5511
TXN-02877,4532XXXX1807,CUST-1047,Riyadh Season,5066.32,GBP,2025-03-14T03:44:16Z,approved,debit,7922
TXN-02878,4532XXXX2879,CUST-1163,Talabat Food,3673.41,USD,2025-06-16T00:58:42Z,approved,debit,5812
TXN-02879,4532XXXX4871,CUST-1070,Zara SA,7379.19,SAR,2025-01-21T07:11:53Z,approved,credit,5651
TXN-02880,4532XXXX2999,CUST-1172,Mobily Recharge,8385.56,SAR,2025-03-01T04:53:33Z,declined,credit,4814
TXN-02881,4532XXXX7313,CUST-1083,Careem Rides,9901.57,SAR,2025-02-12T16:06:59Z,approved,debit,4121
TXN-02882,4532XXXX4755,CUST-1170,Amazon.sa,4305.92,SAR,2025-03-19T12:51:23Z,approved,credit,5311
TXN-02883,4532XXXX8801,CUST-1122,Saudi Airlines,4710.90,SAR,2025-02-23T18:12:32Z,approved,debit,3000
TXN-02884,4532XXXX2102,CUST-1082,Flynas Airline,11990.24,SAR,2025-05-02T14:20:47Z,approved,debit,3000
TXN-02885,4532XXXX6606,CUST-1110,Lulu Hypermarket,8495.57,SAR,2025-06-28T07:38:38Z,approved,debit,5411
TXN-02886,4532XXXX7159,CUST-1070,STC Pay TopUp,10059.53,SAR,2025-04-22T21:26:08Z,approved,debit,4814
TXN-02887,4532XXXX4028,CUST-1152,Mobily Recharge,7452.28,SAR,2025-06-06T06:53:21Z,approved,credit,4814
TXN-02888,4532XXXX1244,CUST-1001,Namshi Fashion,2535.07,SAR,2025-01-31T17:42:41Z,approved,credit,5651
TXN-02889,4532XXXX3452,CUST-1167,Aramex Shipping,10935.82,SAR,2025-01-18T10:31:24Z,approved,debit,4215
TXN-02890,4532XXXX7611,CUST-1052,Shein SA,10748.20,SAR,2025-06-25T21:58:19Z,approved,credit,5311
TXN-02891,4532XXXX8775,CUST-1146,Tawuniya Insurance,549.85,SAR,2025-04-12T14:22:52Z,approved,debit,6300
TXN-02892,4532XXXX4037,CUST-1043,H&M Saudi,7260.67,SAR,2025-01-16T12:22:28Z,approved,debit,5651
TXN-02893,4532XXXX9690,CUST-1167,Shell Petrol,429.63,SAR,2025-03-07T20:24:30Z,approved,credit,5541
TXN-02894,4532XXXX4407,CUST-1122,Tawuniya Insurance,5289.49,SAR,2025-06-13T05:45:35Z,declined,credit,6300
TXN-02895,4532XXXX7262,CUST-1147,Alshaya Group,9041.26,SAR,2025-05-03T07:51:03Z,approved,debit,5311
TXN-02896,4532XXXX6486,CUST-1049,STC Pay TopUp,10083.34,EUR,2025-06-02T13:20:13Z,approved,debit,4814
TXN-02897,4532XXXX6766,CUST-1032,Careem Rides,1820.17,SAR,2025-01-14T10:44:33Z,approved,credit,4121
TXN-02898,4532XXXX8472,CUST-1090,Aramex Shipping,4087.95,USD,2025-02-24T21:53:20Z,approved,credit,4215
TXN-02899,4532XXXX8606,CUST-1002,Amazon.sa,6315.87,SAR,2025-04-19T23:40:20Z,approved,debit,5311
TXN-02900,4532XXXX5878,CUST-1080,Zain Telecom,6531.70,SAR,2025-03-19T20:23:35Z,approved,debit,4814
TXN-02901,4532XXXX7877,CUST-1152,Nahdi Pharmacy,13272.78,AED,2025-01-18T06:53:43Z,approved,debit,5912
TXN-02902,4532XXXX6416,CUST-1089,H&M Saudi,511.45,SAR,2025-06-16T14:06:29Z,approved,debit,5651
TXN-02903,4532XXXX4263,CUST-1105,Hunger Station,10486.98,SAR,2025-04-02T07:34:09Z,approved,credit,5812
TXN-02904,4532XXXX4055,CUST-1190,Shell Petrol,8477.87,EUR,2025-04-30T16:54:20Z,approved,debit,5541
TXN-02905,4532XXXX3250,CUST-1021,SABB ATM,8483.66,USD,2025-03-11T12:50:10Z,approved,credit,6011
TXN-02906,4532XXXX8634,CUST-1098,IKEA Saudi,747.93,SAR,2025-03-14T00:48:25Z,pending,debit,5712
TXN-02907,4532XXXX8580,CUST-1046,Saudi Airlines,2426.87,SAR,2025-02-01T06:47:27Z,approved,credit,3000
TXN-02908,4532XXXX6144,CUST-1053,H&M Saudi,14811.78,SAR,2025-06-15T16:47:04Z,approved,debit,5651
TXN-02909,4532XXXX6495,CUST-1135,Riyadh Season,12608.24,USD,2025-05-29T05:56:16Z,approved,debit,7922
TXN-02910,4532XXXX6413,CUST-1090,Apple Store,6522.19,SAR,2025-02-27T23:17:01Z,pending,debit,5045
TXN-02911,4532XXXX6002,CUST-1075,IKEA Saudi,3864.68,SAR,2025-01-15T04:10:34Z,approved,debit,5712
TXN-02912,4532XXXX4972,CUST-1102,Shein SA,8838.38,AED,2025-05-27T05:08:53Z,declined,debit,5311
TXN-02913,4532XXXX5417,CUST-1071,Whites Pharmacy,3400.09,SAR,2025-06-21T01:22:23Z,approved,debit,5912
TXN-02914,4532XXXX3807,CUST-1005,Makkah Hotel,12552.39,SAR,2025-05-16T20:24:37Z,approved,debit,7011
TXN-02915,4532XXXX8815,CUST-1013,Whites Pharmacy,6304.82,SAR,2025-04-28T13:32:56Z,pending,debit,5912
TXN-02916,4532XXXX5417,CUST-1148,Zain Telecom,13235.64,SAR,2025-04-24T03:17:05Z,approved,debit,4814
TXN-02917,4532XXXX8299,CUST-1041,Noon.com,14965.61,EUR,2025-05-28T15:00:58Z,approved,debit,5311
TXN-02918,4532XXXX8846,CUST-1177,Tamimi Markets,7183.66,SAR,2025-01-09T10:02:01Z,approved,debit,5411
TXN-02919,4532XXXX7763,CUST-1133,Danube Online,9456.31,SAR,2025-06-02T07:25:28Z,approved,debit,5411
TXN-02920,4532XXXX5004,CUST-1121,Whites Pharmacy,11667.30,SAR,2025-01-08T05:47:41Z,approved,debit,5912
TXN-02921,4532XXXX2050,CUST-1078,Lulu Hypermarket,12724.61,SAR,2025-03-16T01:55:32Z,approved,credit,5411
TXN-02922,4532XXXX6828,CUST-1157,IKEA Saudi,12345.29,SAR,2025-01-28T11:08:07Z,approved,debit,5712
TXN-02923,4532XXXX7446,CUST-1200,SABB ATM,12957.30,SAR,2025-03-06T17:22:35Z,approved,credit,6011
TXN-02924,4532XXXX8722,CUST-1181,HyperPanda,4964.86,SAR,2025-03-07T12:18:47Z,approved,credit,5411
TXN-02925,4532XXXX5277,CUST-1111,Al Baik Restaurant,9144.21,AED,2025-01-14T08:33:29Z,declined,debit,5812
TXN-02926,4532XXXX7355,CUST-1142,Alshaya Group,10437.97,SAR,2025-03-19T00:03:04Z,approved,debit,5311
TXN-02927,4532XXXX4353,CUST-1019,IKEA Saudi,8263.20,AED,2025-01-10T07:57:58Z,approved,debit,5712
TXN-02928,4532XXXX1548,CUST-1049,Starbucks SA,10062.87,SAR,2025-01-27T08:33:22Z,approved,debit,5814
TXN-02929,4532XXXX2765,CUST-1080,Nana Grocery,3980.52,SAR,2025-02-10T08:56:29Z,approved,debit,5411
TXN-02930,4532XXXX7492,CUST-1060,Nahdi Pharmacy,6238.20,SAR,2025-05-24T23:24:52Z,approved,debit,5912
TXN-02931,4532XXXX6141,CUST-1009,PlayStation Store,14828.71,SAR,2025-05-07T10:27:46Z,declined,credit,5816
TXN-02932,4532XXXX1821,CUST-1037,Shein SA,5724.53,USD,2025-04-24T02:57:27Z,approved,credit,5311
TXN-02933,4532XXXX5686,CUST-1023,Tawuniya Insurance,7312.00,SAR,2025-06-22T16:17:30Z,approved,debit,6300
TXN-02934,4532XXXX6218,CUST-1068,Netflix,4534.96,GBP,2025-06-13T09:32:44Z,approved,debit,4899
TXN-02935,4532XXXX3676,CUST-1059,Zain Telecom,12521.55,SAR,2025-01-10T02:43:02Z,approved,credit,4814
TXN-02936,4532XXXX6517,CUST-1157,Lulu Hypermarket,5078.42,SAR,2025-03-29T01:57:17Z,pending,credit,5411
TXN-02937,4532XXXX4830,CUST-1195,Extra Electronics,2006.48,SAR,2025-01-30T18:30:49Z,approved,debit,5732
TXN-02938,4532XXXX4531,CUST-1005,Namshi Fashion,8606.39,SAR,2025-01-21T22:25:03Z,approved,debit,5651
TXN-02939,4532XXXX8224,CUST-1059,STC Pay TopUp,3808.32,SAR,2025-04-01T23:07:00Z,approved,credit,4814
TXN-02940,4532XXXX6983,CUST-1178,SABB ATM,6419.51,SAR,2025-03-30T14:29:07Z,approved,debit,6011
TXN-02941,4532XXXX6164,CUST-1110,Careem Rides,9147.04,SAR,2025-03-09T10:52:39Z,approved,credit,4121
TXN-02942,4532XXXX2281,CUST-1015,Tamimi Markets,5556.08,SAR,2025-01-11T21:12:43Z,approved,debit,5411
TXN-02943,4532XXXX3795,CUST-1189,Whites Pharmacy,3878.44,SAR,2025-04-05T16:32:58Z,approved,debit,5912
TXN-02944,4532XXXX1764,CUST-1056,Lulu Hypermarket,14261.67,SAR,2025-01-26T14:16:44Z,approved,credit,5411
TXN-02945,4532XXXX1268,CUST-1076,Nana Grocery,14583.22,SAR,2025-04-23T22:06:55Z,approved,debit,5411
TXN-02946,4532XXXX5795,CUST-1184,Extra Electronics,9930.45,EUR,2025-01-26T17:02:29Z,approved,debit,5732
TXN-02947,4532XXXX5242,CUST-1015,Nahdi Pharmacy,10834.57,USD,2025-06-27T22:13:45Z,declined,credit,5912
TXN-02948,4532XXXX9113,CUST-1119,Noon.com,7146.92,USD,2025-05-04T12:15:54Z,approved,debit,5311
TXN-02949,4532XXXX3996,CUST-1106,Noon.com,12486.91,SAR,2025-06-17T10:26:54Z,approved,debit,5311
TXN-02950,4532XXXX8220,CUST-1099,Saudi Airlines,3414.71,SAR,2025-06-19T09:39:55Z,approved,credit,3000
TXN-02951,4532XXXX3947,CUST-1121,Ceer Motors,7589.31,SAR,2025-01-13T10:40:35Z,approved,debit,5511
TXN-02952,4532XXXX6623,CUST-1154,Panda Supermarket,8776.07,USD,2025-05-14T14:44:38Z,approved,debit,5411
TXN-02953,4532XXXX3415,CUST-1195,Zain Telecom,3824.56,SAR,2025-04-09T11:24:43Z,approved,credit,4814
TXN-02954,4532XXXX4052,CUST-1064,Ceer Motors,8603.18,SAR,2025-01-15T19:37:34Z,approved,debit,5511
TXN-02955,4532XXXX9413,CUST-1022,Al Baik Restaurant,1792.79,EUR,2025-03-30T21:55:12Z,approved,debit,5812
TXN-02956,4532XXXX1819,CUST-1179,Danube Online,8294.22,GBP,2025-06-06T18:29:18Z,declined,debit,5411
TXN-02957,4532XXXX1590,CUST-1117,Amazon.sa,7273.55,USD,2025-05-15T16:20:41Z,declined,debit,5311
TXN-02958,4532XXXX5125,CUST-1154,Careem Rides,8818.42,SAR,2025-05-01T06:44:09Z,declined,debit,4121
TXN-02959,4532XXXX2792,CUST-1046,HyperPanda,13286.81,SAR,2025-05-29T09:58:49Z,approved,debit,5411
TXN-02960,4532XXXX5170,CUST-1045,Tamimi Markets,7385.99,SAR,2025-03-17T07:19:39Z,approved,debit,5411
TXN-02961,4532XXXX5739,CUST-1143,Nana Grocery,326.85,SAR,2025-06-16T10:37:54Z,approved,debit,5411
TXN-02962,4532XXXX5270,CUST-1029,Shell Petrol,10188.51,SAR,2025-05-14T00:47:37Z,approved,credit,5541
TXN-02963,4532XXXX9840,CUST-1098,Netflix,11101.87,AED,2025-01-01T07:01:35Z,approved,debit,4899
TXN-02964,4532XXXX1303,CUST-1075,Apple Store,13158.75,SAR,2025-06-11T20:27:22Z,approved,credit,5045
TXN-02965,4532XXXX1192,CUST-1133,Aramex Shipping,8703.76,SAR,2025-03-06T04:40:40Z,approved,debit,4215
TXN-02966,4532XXXX7185,CUST-1006,Extra Electronics,5615.99,SAR,2025-05-13T15:33:14Z,pending,credit,5732
TXN-02967,4532XXXX4104,CUST-1176,Danube Online,11492.50,SAR,2025-03-02T19:43:09Z,declined,debit,5411
TXN-02968,4532XXXX7998,CUST-1128,Flynas Airline,13557.09,SAR,2025-03-19T03:22:12Z,declined,credit,3000
TXN-02969,4532XXXX7784,CUST-1054,Extra Electronics,8968.00,AED,2025-03-03T11:08:52Z,approved,debit,5732
TXN-02970,4532XXXX3793,CUST-1048,Nahdi Pharmacy,7115.11,AED,2025-06-04T07:59:30Z,approved,debit,5912
TXN-02971,4532XXXX6722,CUST-1146,Careem Rides,1212.90,SAR,2025-03-19T13:11:14Z,approved,debit,4121
TXN-02972,4532XXXX3583,CUST-1037,HyperPanda,9813.53,SAR,2025-04-22T04:59:49Z,approved,credit,5411
TXN-02973,4532XXXX7725,CUST-1074,SABB ATM,13861.29,SAR,2025-05-30T05:57:30Z,approved,debit,6011
TXN-02974,4532XXXX7590,CUST-1039,Whites Pharmacy,11362.98,SAR,2025-05-17T03:30:33Z,approved,debit,5912
TXN-02975,4532XXXX7694,CUST-1063,Nana Grocery,12186.40,SAR,2025-05-06T09:25:30Z,approved,credit,5411
TXN-02976,4532XXXX8069,CUST-1186,Apple Store,14309.56,SAR,2025-01-09T07:12:28Z,approved,debit,5045
TXN-02977,4532XXXX6564,CUST-1086,Flynas Airline,410.88,SAR,2025-05-10T20:56:31Z,approved,debit,3000
TXN-02978,4532XXXX1662,CUST-1053,Noon.com,8076.96,SAR,2025-06-15T07:30:02Z,approved,debit,5311
TXN-02979,4532XXXX3572,CUST-1147,Zain Telecom,3370.62,USD,2025-06-16T03:06:05Z,approved,credit,4814
TXN-02980,4532XXXX3832,CUST-1022,Tamimi Markets,1419.95,USD,2025-06-10T22:39:15Z,approved,debit,5411
TXN-02981,4532XXXX7102,CUST-1192,Apple Store,13675.89,SAR,2025-01-22T20:59:59Z,approved,debit,5045
TXN-02982,4532XXXX5881,CUST-1112,Zain Telecom,7495.06,SAR,2025-03-19T22:57:18Z,approved,debit,4814
TXN-02983,4532XXXX9802,CUST-1196,Whites Pharmacy,4904.12,SAR,2025-04-19T00:24:55Z,approved,debit,5912
TXN-02984,4532XXXX1015,CUST-1080,Alshaya Group,12558.39,SAR,2025-05-11T19:45:34Z,approved,debit,5311
TXN-02985,4532XXXX8245,CUST-1046,Shein SA,13733.92,AED,2025-04-07T16:02:48Z,declined,credit,5311
TXN-02986,4532XXXX7352,CUST-1123,Hunger Station,7814.11,USD,2025-05-31T16:08:05Z,declined,debit,5812
TXN-02987,4532XXXX8132,CUST-1073,Zara SA,11627.19,SAR,2025-01-24T01:25:27Z,pending,debit,5651
TXN-02988,4532XXXX8145,CUST-1056,Apple Store,1681.34,SAR,2025-01-28T08:41:06Z,approved,debit,5045
TXN-02989,4532XXXX1745,CUST-1020,Netflix,4588.05,SAR,2025-01-13T10:05:35Z,approved,debit,4899
TXN-02990,4532XXXX5610,CUST-1157,Flynas Airline,11938.59,SAR,2025-01-22T21:32:11Z,pending,credit,3000
TXN-02991,4532XXXX2475,CUST-1131,Shein SA,10501.77,SAR,2025-01-22T17:34:09Z,approved,credit,5311
TXN-02992,4532XXXX5549,CUST-1115,Careem Rides,6096.74,USD,2025-04-29T08:03:29Z,approved,credit,4121
TXN-02993,4532XXXX2816,CUST-1135,Noon.com,7707.74,SAR,2025-02-08T16:09:52Z,pending,credit,5311
TXN-02994,4532XXXX1343,CUST-1006,Amazon.sa,6482.70,SAR,2025-03-21T13:54:21Z,pending,credit,5311
TXN-02995,4532XXXX4222,CUST-1191,Extra Electronics,940.51,SAR,2025-03-09T13:01:51Z,pending,debit,5732
TXN-02996,4532XXXX2578,CUST-1139,Booking.com,5943.46,SAR,2025-06-19T12:19:35Z,approved,debit,7011
TXN-02997,4532XXXX9674,CUST-1162,Panda Supermarket,2696.01,SAR,2025-02-17T10:23:20Z,approved,credit,5411
TXN-02998,4532XXXX7847,CUST-1182,Jarir Bookstore,8299.50,AED,2025-02-01T10:13:24Z,approved,debit,5942
TXN-02999,4532XXXX7522,CUST-1169,Shein SA,941.40,SAR,2025-03-29T14:17:13Z,approved,credit,5311
TXN-03000,4532XXXX4721,CUST-1111,Extra Electronics,11345.52,USD,2025-02-17T09:25:41Z,approved,credit,5732
TXN-03001,4532XXXX4339,CUST-1053,Al Rajhi ATM,5783.54,SAR,2025-06-03T07:49:13Z,approved,credit,6011
TXN-03002,4532XXXX9885,CUST-1105,Al Baik Restaurant,9526.82,SAR,2025-06-21T12:20:58Z,pending,credit,5812
TXN-03003,4532XXXX5992,CUST-1104,Tamimi Markets,1575.80,SAR,2025-03-26T06:50:08Z,pending,debit,5411
TXN-03004,4532XXXX3569,CUST-1001,Uber Rides,9959.04,SAR,2025-06-03T14:48:08Z,approved,debit,4121
TXN-03005,4532XXXX9324,CUST-1184,HyperPanda,10097.04,SAR,2025-06-14T21:19:10Z,pending,debit,5411
TXN-03006,4532XXXX2037,CUST-1090,Tamimi Markets,9003.30,SAR,2025-06-16T05:53:37Z,approved,credit,5411
TXN-03007,4532XXXX7318,CUST-1084,STC Pay TopUp,13435.32,SAR,2025-04-06T17:35:07Z,approved,credit,4814
TXN-03008,4532XXXX3736,CUST-1012,H&M Saudi,10851.66,SAR,2025-06-10T07:12:37Z,approved,credit,5651
TXN-03009,4532XXXX5052,CUST-1138,Makkah Hotel,9814.57,SAR,2025-02-21T17:31:07Z,pending,debit,7011
TXN-03010,4532XXXX2913,CUST-1160,Namshi Fashion,6671.70,SAR,2025-03-21T13:34:50Z,approved,credit,5651
TXN-03011,4532XXXX9736,CUST-1178,SABB ATM,8903.35,SAR,2025-04-23T12:55:26Z,declined,debit,6011
TXN-03012,4532XXXX1272,CUST-1139,Alshaya Group,7464.69,SAR,2025-05-23T14:39:54Z,declined,credit,5311
TXN-03013,4532XXXX7541,CUST-1039,Zara SA,10440.49,SAR,2025-06-09T14:40:57Z,approved,debit,5651
TXN-03014,4532XXXX2543,CUST-1196,Extra Electronics,5311.76,SAR,2025-06-11T01:26:16Z,approved,debit,5732
TXN-03015,4532XXXX3662,CUST-1115,Spotify,7610.91,SAR,2025-04-20T19:26:29Z,approved,debit,4899
TXN-03016,4532XXXX1147,CUST-1058,HyperPanda,6530.15,SAR,2025-05-04T14:07:39Z,pending,debit,5411
TXN-03017,4532XXXX1368,CUST-1189,Alshaya Group,8692.08,USD,2025-04-29T00:41:31Z,approved,debit,5311
TXN-03018,4532XXXX5989,CUST-1161,Talabat Food,9262.05,SAR,2025-03-24T03:33:44Z,approved,credit,5812
TXN-03019,4532XXXX1063,CUST-1113,Shein SA,7269.05,SAR,2025-04-20T05:08:28Z,approved,credit,5311
TXN-03020,4532XXXX6766,CUST-1118,Alshaya Group,7472.97,SAR,2025-04-19T13:49:39Z,declined,credit,5311
TXN-03021,4532XXXX4170,CUST-1147,Apple Store,1133.64,SAR,2025-04-09T20:23:11Z,approved,credit,5045
TXN-03022,4532XXXX8509,CUST-1078,SABB ATM,3641.77,SAR,2025-06-12T21:32:14Z,approved,credit,6011
TXN-03023,4532XXXX9736,CUST-1088,Spotify,8724.97,SAR,2025-06-06T23:32:38Z,approved,debit,4899
TXN-03024,4532XXXX1161,CUST-1075,Whites Pharmacy,3981.99,SAR,2025-03-03T08:50:22Z,approved,debit,5912
TXN-03025,4532XXXX6352,CUST-1170,Ceer Motors,5920.50,SAR,2025-01-02T22:11:48Z,approved,debit,5511
TXN-03026,4532XXXX7499,CUST-1009,Extra Electronics,14417.89,SAR,2025-01-08T14:08:49Z,approved,debit,5732
TXN-03027,4532XXXX3935,CUST-1142,HyperPanda,276.08,AED,2025-04-16T16:55:15Z,approved,credit,5411
TXN-03028,4532XXXX9841,CUST-1065,Danube Online,11553.74,SAR,2025-01-01T02:32:19Z,approved,credit,5411
TXN-03029,4532XXXX9861,CUST-1049,Panda Supermarket,4580.29,SAR,2025-06-08T05:15:34Z,approved,debit,5411
TXN-03030,4532XXXX2736,CUST-1159,HyperPanda,3932.36,SAR,2025-06-15T22:46:23Z,approved,debit,5411
TXN-03031,4532XXXX7071,CUST-1107,Hunger Station,13882.19,SAR,2025-03-28T19:32:07Z,approved,debit,5812
TXN-03032,4532XXXX7607,CUST-1001,Spotify,5176.98,SAR,2025-03-17T19:17:24Z,approved,credit,4899
TXN-03033,4532XXXX6856,CUST-1200,HyperPanda,3053.57,SAR,2025-06-26T22:18:55Z,approved,debit,5411
TXN-03034,4532XXXX8180,CUST-1025,PlayStation Store,8482.17,SAR,2025-06-10T06:57:35Z,approved,credit,5816
TXN-03035,4532XXXX8861,CUST-1076,H&M Saudi,781.54,SAR,2025-05-28T19:18:33Z,pending,debit,5651
TXN-03036,4532XXXX1572,CUST-1168,SABB ATM,2434.12,SAR,2025-06-20T12:38:50Z,approved,debit,6011
TXN-03037,4532XXXX1779,CUST-1162,Spotify,13328.89,SAR,2025-01-24T20:38:24Z,approved,debit,4899
TXN-03038,4532XXXX1708,CUST-1076,Alshaya Group,3784.71,AED,2025-04-27T18:58:26Z,approved,credit,5311
TXN-03039,4532XXXX7131,CUST-1071,Booking.com,8381.60,EUR,2025-03-19T20:11:10Z,approved,debit,7011
TXN-03040,4532XXXX6301,CUST-1010,Shell Petrol,11672.89,SAR,2025-01-23T16:27:47Z,approved,credit,5541
TXN-03041,4532XXXX3920,CUST-1153,H&M Saudi,2058.22,USD,2025-03-24T14:50:05Z,approved,debit,5651
TXN-03042,4532XXXX5831,CUST-1032,HyperPanda,3542.50,SAR,2025-05-04T08:15:25Z,approved,debit,5411
TXN-03043,4532XXXX9866,CUST-1067,Aramex Shipping,13511.99,SAR,2025-02-28T22:45:26Z,approved,credit,4215
TXN-03044,4532XXXX3797,CUST-1084,Saudi Airlines,9013.73,SAR,2025-03-05T08:28:14Z,approved,debit,3000
TXN-03045,4532XXXX3247,CUST-1137,IKEA Saudi,7339.04,SAR,2025-01-16T21:22:54Z,approved,debit,5712
TXN-03046,4532XXXX1923,CUST-1187,Danube Online,2497.53,SAR,2025-06-10T22:57:05Z,approved,credit,5411
TXN-03047,4532XXXX2113,CUST-1064,Zara SA,2776.60,SAR,2025-01-18T17:58:34Z,declined,credit,5651
TXN-03048,4532XXXX8590,CUST-1121,Hunger Station,9603.19,AED,2025-05-03T23:25:33Z,approved,debit,5812
TXN-03049,4532XXXX6677,CUST-1109,Lulu Hypermarket,8185.94,SAR,2025-02-17T20:13:03Z,approved,debit,5411
TXN-03050,4532XXXX6001,CUST-1183,Mobily Recharge,2568.68,SAR,2025-04-24T11:45:43Z,approved,credit,4814
TXN-03051,4532XXXX2894,CUST-1089,Namshi Fashion,4692.85,SAR,2025-03-20T20:28:15Z,approved,debit,5651
TXN-03052,4532XXXX6504,CUST-1126,Saudi Airlines,6732.16,SAR,2025-01-11T15:06:10Z,approved,credit,3000
TXN-03053,4532XXXX8343,CUST-1164,Amazon.sa,8991.30,SAR,2025-02-20T03:53:17Z,approved,debit,5311
TXN-03054,4532XXXX6842,CUST-1069,Talabat Food,5494.99,SAR,2025-02-11T17:09:07Z,pending,debit,5812
TXN-03055,4532XXXX5846,CUST-1077,Nahdi Pharmacy,10978.34,USD,2025-06-15T16:04:58Z,approved,debit,5912
TXN-03056,4532XXXX8527,CUST-1031,Danube Online,10536.41,SAR,2025-04-21T21:24:26Z,approved,debit,5411
TXN-03057,4532XXXX9364,CUST-1075,HyperPanda,5003.88,SAR,2025-04-05T19:47:04Z,approved,debit,5411
TXN-03058,4532XXXX2124,CUST-1057,Netflix,3270.51,SAR,2025-01-17T03:29:16Z,declined,debit,4899
TXN-03059,4532XXXX7997,CUST-1062,Tawuniya Insurance,9015.13,SAR,2025-02-05T09:12:21Z,approved,credit,6300
TXN-03060,4532XXXX2119,CUST-1122,Al Rajhi ATM,2630.36,SAR,2025-06-27T09:43:30Z,approved,debit,6011
TXN-03061,4532XXXX8123,CUST-1123,Zain Telecom,149.59,SAR,2025-06-10T15:04:39Z,approved,debit,4814
TXN-03062,4532XXXX6009,CUST-1176,Uber Rides,1837.80,SAR,2025-05-15T06:40:04Z,approved,debit,4121
TXN-03063,4532XXXX9386,CUST-1170,Spotify,10935.43,AED,2025-04-04T17:13:23Z,approved,debit,4899
TXN-03064,4532XXXX8837,CUST-1132,Shein SA,5346.83,USD,2025-05-14T02:56:12Z,approved,debit,5311
TXN-03065,4532XXXX7207,CUST-1072,Shell Petrol,11029.63,SAR,2025-03-27T23:05:57Z,approved,credit,5541
TXN-03066,4532XXXX4439,CUST-1102,Whites Pharmacy,14804.12,AED,2025-02-13T14:10:14Z,approved,debit,5912
TXN-03067,4532XXXX8045,CUST-1151,HyperPanda,13330.44,SAR,2025-05-03T03:50:30Z,approved,debit,5411
TXN-03068,4532XXXX1605,CUST-1014,Riyadh Season,8789.63,SAR,2025-01-06T15:07:04Z,approved,debit,7922
TXN-03069,4532XXXX1277,CUST-1137,HyperPanda,7197.96,SAR,2025-04-23T03:03:46Z,approved,debit,5411
TXN-03070,4532XXXX7710,CUST-1176,Booking.com,10565.55,SAR,2025-04-15T21:59:33Z,declined,credit,7011
TXN-03071,4532XXXX9431,CUST-1075,Apple Store,4425.66,SAR,2025-02-23T18:36:44Z,pending,credit,5045
TXN-03072,4532XXXX8500,CUST-1077,Riyadh Season,13514.66,SAR,2025-05-11T02:23:19Z,approved,debit,7922
TXN-03073,4532XXXX9032,CUST-1113,Extra Electronics,13153.24,SAR,2025-06-09T23:35:00Z,approved,credit,5732
TXN-03074,4532XXXX2821,CUST-1182,Shein SA,7800.89,SAR,2025-04-11T15:30:44Z,approved,debit,5311
TXN-03075,4532XXXX9827,CUST-1046,Careem Rides,11179.16,SAR,2025-03-31T20:37:17Z,approved,credit,4121
TXN-03076,4532XXXX9664,CUST-1170,Ceer Motors,12300.93,USD,2025-02-28T02:33:29Z,approved,debit,5511
TXN-03077,4532XXXX8571,CUST-1164,HyperPanda,6780.54,AED,2025-01-16T21:54:40Z,approved,debit,5411
TXN-03078,4532XXXX6385,CUST-1193,Whites Pharmacy,13738.98,SAR,2025-02-21T00:14:02Z,approved,debit,5912
TXN-03079,4532XXXX7409,CUST-1053,H&M Saudi,13108.36,SAR,2025-04-12T13:41:36Z,approved,debit,5651
TXN-03080,4532XXXX9653,CUST-1022,Tamimi Markets,9574.74,SAR,2025-02-10T18:17:53Z,approved,debit,5411
TXN-03081,4532XXXX5026,CUST-1193,H&M Saudi,1715.58,USD,2025-01-16T21:45:22Z,approved,credit,5651
TXN-03082,4532XXXX1186,CUST-1138,Al Baik Restaurant,13746.95,SAR,2025-04-22T22:23:40Z,approved,credit,5812
TXN-03083,4532XXXX8295,CUST-1159,Shein SA,2508.02,SAR,2025-01-21T11:02:30Z,approved,credit,5311
TXN-03084,4532XXXX7929,CUST-1013,Saudi Airlines,8406.31,SAR,2025-03-24T13:41:39Z,approved,debit,3000
TXN-03085,4532XXXX9267,CUST-1057,Saudi Airlines,12436.74,SAR,2025-03-02T19:03:47Z,approved,credit,3000
TXN-03086,4532XXXX6216,CUST-1006,Nana Grocery,183.27,EUR,2025-06-12T08:40:09Z,approved,debit,5411
TXN-03087,4532XXXX4950,CUST-1173,Zara SA,11167.48,SAR,2025-01-24T15:54:40Z,approved,debit,5651
TXN-03088,4532XXXX8771,CUST-1003,Hunger Station,7991.91,EUR,2025-06-15T14:28:54Z,approved,debit,5812
TXN-03089,4532XXXX1692,CUST-1166,Mobily Recharge,3654.02,SAR,2025-03-24T20:03:44Z,approved,debit,4814
TXN-03090,4532XXXX9229,CUST-1177,Makkah Hotel,8027.50,SAR,2025-01-20T14:59:38Z,declined,debit,7011
TXN-03091,4532XXXX4476,CUST-1011,Apple Store,13190.40,SAR,2025-02-28T03:00:39Z,declined,debit,5045
TXN-03092,4532XXXX9698,CUST-1053,Zara SA,5152.05,SAR,2025-05-16T09:00:03Z,approved,debit,5651
TXN-03093,4532XXXX6712,CUST-1098,Zara SA,6600.86,SAR,2025-02-12T03:26:48Z,approved,credit,5651
TXN-03094,4532XXXX1988,CUST-1154,Zara SA,3138.74,SAR,2025-02-16T23:46:33Z,declined,debit,5651
TXN-03095,4532XXXX8048,CUST-1161,Booking.com,14631.54,SAR,2025-05-26T21:11:55Z,approved,debit,7011
TXN-03096,4532XXXX6477,CUST-1163,Apple Store,3698.42,SAR,2025-05-07T08:18:08Z,approved,debit,5045
TXN-03097,4532XXXX2895,CUST-1062,Whites Pharmacy,2793.13,SAR,2025-03-09T07:49:11Z,approved,debit,5912
TXN-03098,4532XXXX3195,CUST-1075,Hunger Station,10184.25,SAR,2025-01-09T06:28:16Z,approved,debit,5812
TXN-03099,4532XXXX9924,CUST-1121,Aramex Shipping,427.45,SAR,2025-01-31T18:14:04Z,approved,debit,4215
TXN-03100,4532XXXX5085,CUST-1197,Tawuniya Insurance,75.27,SAR,2025-06-27T12:04:24Z,approved,debit,6300
TXN-03101,4532XXXX7753,CUST-1134,Al Baik Restaurant,3827.04,SAR,2025-01-14T08:06:33Z,approved,debit,5812
TXN-03102,4532XXXX4354,CUST-1027,Riyadh Season,6930.10,GBP,2025-03-04T18:49:34Z,approved,credit,7922
TXN-03103,4532XXXX3038,CUST-1163,Alshaya Group,3987.69,SAR,2025-03-14T11:43:38Z,approved,debit,5311
TXN-03104,4532XXXX1135,CUST-1172,PlayStation Store,2034.86,SAR,2025-02-11T13:16:50Z,approved,debit,5816
TXN-03105,4532XXXX9341,CUST-1125,Starbucks SA,2019.14,SAR,2025-06-16T10:54:42Z,approved,debit,5814
TXN-03106,4532XXXX4766,CUST-1163,Flynas Airline,6802.05,SAR,2025-04-13T16:42:21Z,approved,debit,3000
TXN-03107,4532XXXX7854,CUST-1055,STC Pay TopUp,8629.11,SAR,2025-01-09T17:15:57Z,approved,debit,4814
TXN-03108,4532XXXX3845,CUST-1067,HyperPanda,10382.37,SAR,2025-01-01T16:44:53Z,approved,credit,5411
TXN-03109,4532XXXX5417,CUST-1138,Lulu Hypermarket,7639.67,AED,2025-05-29T14:22:25Z,approved,credit,5411
TXN-03110,4532XXXX6384,CUST-1090,SABB ATM,3560.76,USD,2025-06-11T10:45:25Z,approved,credit,6011
TXN-03111,4532XXXX4220,CUST-1117,Namshi Fashion,1853.67,USD,2025-02-21T15:06:00Z,approved,credit,5651
TXN-03112,4532XXXX2731,CUST-1109,PlayStation Store,14776.86,EUR,2025-06-03T04:14:35Z,pending,debit,5816
TXN-03113,4532XXXX9255,CUST-1070,Panda Supermarket,14206.93,SAR,2025-04-25T16:37:02Z,pending,credit,5411
TXN-03114,4532XXXX6884,CUST-1017,Al Rajhi ATM,8227.91,SAR,2025-03-28T01:24:11Z,approved,debit,6011
TXN-03115,4532XXXX8364,CUST-1188,IKEA Saudi,4263.05,SAR,2025-04-03T05:10:38Z,approved,debit,5712
TXN-03116,4532XXXX2846,CUST-1025,IKEA Saudi,9077.62,SAR,2025-05-01T21:56:22Z,approved,debit,5712
TXN-03117,4532XXXX9928,CUST-1132,Ceer Motors,14540.02,USD,2025-02-06T04:10:22Z,approved,debit,5511
TXN-03118,4532XXXX5292,CUST-1035,Danube Online,2507.05,SAR,2025-01-08T16:10:22Z,approved,credit,5411
TXN-03119,4532XXXX6834,CUST-1044,IKEA Saudi,9170.14,USD,2025-05-21T14:50:08Z,approved,debit,5712
TXN-03120,4532XXXX1927,CUST-1035,Jarir Bookstore,4196.08,SAR,2025-01-04T19:43:00Z,declined,credit,5942
TXN-03121,4532XXXX4524,CUST-1127,Whites Pharmacy,4085.31,USD,2025-04-20T17:12:45Z,approved,debit,5912
TXN-03122,4532XXXX8908,CUST-1096,Hunger Station,9650.48,USD,2025-01-12T13:16:37Z,declined,credit,5812
TXN-03123,4532XXXX5539,CUST-1080,Noon.com,13854.34,EUR,2025-01-29T00:00:47Z,approved,debit,5311
TXN-03124,4532XXXX7386,CUST-1008,Whites Pharmacy,8372.52,SAR,2025-01-30T07:49:11Z,approved,credit,5912
TXN-03125,4532XXXX5891,CUST-1105,Spotify,5601.05,SAR,2025-04-07T07:34:08Z,approved,debit,4899
TXN-03126,4532XXXX4505,CUST-1075,Jarir Bookstore,13351.66,SAR,2025-05-06T09:06:56Z,approved,debit,5942
TXN-03127,4532XXXX4152,CUST-1026,Noon.com,9329.75,SAR,2025-01-07T21:11:25Z,approved,debit,5311
TXN-03128,4532XXXX8780,CUST-1135,H&M Saudi,5725.33,SAR,2025-01-10T18:13:51Z,approved,debit,5651
TXN-03129,4532XXXX3481,CUST-1140,Zara SA,9793.70,SAR,2025-01-11T21:24:03Z,pending,debit,5651
TXN-03130,4532XXXX7784,CUST-1009,HyperPanda,11887.38,SAR,2025-03-17T21:50:11Z,pending,debit,5411
TXN-03131,4532XXXX1510,CUST-1018,Shein SA,6142.01,SAR,2025-04-16T13:49:55Z,approved,debit,5311
TXN-03132,4532XXXX9108,CUST-1120,Talabat Food,455.23,SAR,2025-01-19T14:21:56Z,approved,debit,5812
TXN-03133,4532XXXX4542,CUST-1086,Shein SA,394.82,EUR,2025-03-31T14:15:21Z,approved,debit,5311
TXN-03134,4532XXXX3812,CUST-1023,Netflix,523.94,SAR,2025-03-29T16:00:26Z,approved,debit,4899
TXN-03135,4532XXXX9344,CUST-1028,Spotify,5713.22,SAR,2025-01-09T00:16:08Z,approved,debit,4899
TXN-03136,4532XXXX5159,CUST-1168,Shell Petrol,2788.64,SAR,2025-01-05T20:17:00Z,approved,credit,5541
TXN-03137,4532XXXX2817,CUST-1199,Lulu Hypermarket,11886.25,SAR,2025-04-07T07:25:29Z,approved,debit,5411
TXN-03138,4532XXXX6019,CUST-1141,Uber Rides,99.30,SAR,2025-02-19T20:56:21Z,approved,debit,4121
TXN-03139,4532XXXX3158,CUST-1014,Careem Rides,11394.85,USD,2025-02-26T22:06:41Z,approved,debit,4121
TXN-03140,4532XXXX3966,CUST-1037,Al Baik Restaurant,235.87,SAR,2025-03-08T11:19:57Z,approved,credit,5812
TXN-03141,4532XXXX1278,CUST-1070,Al Baik Restaurant,10989.86,SAR,2025-05-09T23:57:02Z,approved,debit,5812
TXN-03142,4532XXXX7157,CUST-1079,Nahdi Pharmacy,7119.53,SAR,2025-02-05T00:14:00Z,approved,debit,5912
TXN-03143,4532XXXX2546,CUST-1054,Tamimi Markets,9384.52,SAR,2025-03-03T07:45:50Z,approved,debit,5411
TXN-03144,4532XXXX5916,CUST-1121,Starbucks SA,6986.95,SAR,2025-06-08T21:44:46Z,pending,credit,5814
TXN-03145,4532XXXX6883,CUST-1007,Namshi Fashion,5177.47,SAR,2025-05-15T09:08:54Z,approved,credit,5651
TXN-03146,4532XXXX2809,CUST-1090,SABB ATM,1975.54,SAR,2025-01-21T15:23:48Z,approved,credit,6011
TXN-03147,4532XXXX7629,CUST-1149,Al Baik Restaurant,6450.86,SAR,2025-06-21T01:01:20Z,pending,credit,5812
TXN-03148,4532XXXX8847,CUST-1074,HyperPanda,13274.02,USD,2025-02-19T13:46:50Z,approved,debit,5411
TXN-03149,4532XXXX1158,CUST-1132,Starbucks SA,6956.82,SAR,2025-01-12T09:58:09Z,approved,credit,5814
TXN-03150,4532XXXX4780,CUST-1069,Alshaya Group,359.42,SAR,2025-05-26T11:31:54Z,approved,credit,5311
TXN-03151,4532XXXX9039,CUST-1143,Al Baik Restaurant,1647.48,EUR,2025-01-07T07:35:46Z,approved,credit,5812
TXN-03152,4532XXXX7613,CUST-1146,Namshi Fashion,4515.13,SAR,2025-01-10T18:39:24Z,approved,credit,5651
TXN-03153,4532XXXX7439,CUST-1186,Makkah Hotel,11529.18,AED,2025-02-09T03:31:26Z,approved,credit,7011
TXN-03154,4532XXXX5564,CUST-1161,Namshi Fashion,11782.42,USD,2025-02-14T18:01:37Z,approved,debit,5651
TXN-03155,4532XXXX9260,CUST-1131,H&M Saudi,14168.51,SAR,2025-01-08T14:05:31Z,approved,debit,5651
TXN-03156,4532XXXX8072,CUST-1058,Shein SA,6156.23,EUR,2025-02-23T06:25:43Z,approved,debit,5311
TXN-03157,4532XXXX9055,CUST-1183,Jarir Bookstore,14968.08,SAR,2025-02-08T16:48:50Z,declined,credit,5942
TXN-03158,4532XXXX4410,CUST-1038,Jarir Bookstore,4936.16,SAR,2025-06-20T14:48:07Z,pending,debit,5942
TXN-03159,4532XXXX5074,CUST-1001,Amazon.sa,8230.41,SAR,2025-03-15T04:29:49Z,approved,credit,5311
TXN-03160,4532XXXX1079,CUST-1183,Zara SA,8908.19,SAR,2025-04-29T20:59:44Z,approved,credit,5651
TXN-03161,4532XXXX2987,CUST-1134,Shein SA,8524.08,SAR,2025-01-18T11:20:35Z,approved,debit,5311
TXN-03162,4532XXXX2512,CUST-1104,Jarir Bookstore,14324.40,SAR,2025-06-15T03:07:36Z,approved,credit,5942
TXN-03163,4532XXXX9101,CUST-1193,Ceer Motors,3530.28,SAR,2025-05-14T02:42:45Z,approved,debit,5511
TXN-03164,4532XXXX8533,CUST-1190,Whites Pharmacy,14176.34,SAR,2025-04-23T01:48:20Z,pending,credit,5912
TXN-03165,4532XXXX6518,CUST-1159,Panda Supermarket,8128.95,SAR,2025-05-23T08:17:06Z,approved,credit,5411
TXN-03166,4532XXXX5013,CUST-1022,PlayStation Store,14999.62,SAR,2025-03-17T10:34:40Z,approved,debit,5816
TXN-03167,4532XXXX5543,CUST-1006,HyperPanda,14586.75,USD,2025-04-11T00:18:24Z,declined,debit,5411
TXN-03168,4532XXXX5002,CUST-1064,H&M Saudi,1456.23,SAR,2025-06-12T03:32:03Z,approved,debit,5651
TXN-03169,4532XXXX7051,CUST-1025,Makkah Hotel,4778.52,USD,2025-05-09T13:51:20Z,declined,debit,7011
TXN-03170,4532XXXX6063,CUST-1085,Al Rajhi ATM,8602.10,SAR,2025-06-06T06:54:00Z,approved,debit,6011
TXN-03171,4532XXXX2120,CUST-1049,Ceer Motors,12718.73,SAR,2025-01-03T08:06:09Z,approved,debit,5511
TXN-03172,4532XXXX6269,CUST-1083,Hunger Station,6169.68,SAR,2025-03-28T16:44:12Z,approved,credit,5812
TXN-03173,4532XXXX5478,CUST-1156,HyperPanda,8732.16,SAR,2025-05-17T17:07:39Z,approved,debit,5411
TXN-03174,4532XXXX3260,CUST-1114,Careem Rides,1436.88,SAR,2025-04-17T21:41:08Z,approved,credit,4121
TXN-03175,4532XXXX2500,CUST-1185,STC Pay TopUp,10596.57,USD,2025-04-15T16:16:15Z,declined,credit,4814
TXN-03176,4532XXXX5734,CUST-1039,Namshi Fashion,7702.52,SAR,2025-04-26T19:43:17Z,approved,debit,5651
TXN-03177,4532XXXX2147,CUST-1101,Careem Rides,5203.03,SAR,2025-06-22T06:51:00Z,approved,debit,4121
TXN-03178,4532XXXX6873,CUST-1177,Mobily Recharge,7016.20,AED,2025-06-03T08:07:21Z,declined,debit,4814
TXN-03179,4532XXXX8445,CUST-1106,Alshaya Group,13958.63,SAR,2025-03-08T21:12:37Z,approved,debit,5311
TXN-03180,4532XXXX3285,CUST-1076,Al Baik Restaurant,1425.05,SAR,2025-05-30T19:52:04Z,approved,credit,5812
TXN-03181,4532XXXX3894,CUST-1085,Noon.com,10300.85,SAR,2025-01-14T11:37:45Z,declined,debit,5311
TXN-03182,4532XXXX7513,CUST-1089,Shein SA,9985.05,SAR,2025-06-23T06:12:22Z,approved,debit,5311
TXN-03183,4532XXXX7987,CUST-1016,Nana Grocery,3289.85,SAR,2025-02-21T08:40:10Z,approved,debit,5411
TXN-03184,4532XXXX8508,CUST-1014,Al Baik Restaurant,3638.33,SAR,2025-01-28T19:56:22Z,approved,debit,5812
TXN-03185,4532XXXX7999,CUST-1023,Tamimi Markets,13561.67,SAR,2025-04-21T06:07:54Z,approved,debit,5411
TXN-03186,4532XXXX7131,CUST-1023,Namshi Fashion,13567.22,SAR,2025-04-14T08:56:17Z,approved,credit,5651
TXN-03187,4532XXXX5236,CUST-1189,H&M Saudi,4879.91,SAR,2025-06-08T05:41:38Z,approved,debit,5651
TXN-03188,4532XXXX3364,CUST-1186,Panda Supermarket,4585.40,EUR,2025-02-04T12:09:44Z,approved,debit,5411
TXN-03189,4532XXXX2754,CUST-1057,Ceer Motors,12379.14,SAR,2025-01-05T21:13:20Z,approved,debit,5511
TXN-03190,4532XXXX4358,CUST-1086,Hunger Station,7490.81,SAR,2025-05-25T09:03:43Z,pending,debit,5812
TXN-03191,4532XXXX2361,CUST-1126,Careem Rides,5249.09,SAR,2025-03-23T21:59:25Z,approved,debit,4121
TXN-03192,4532XXXX3067,CUST-1137,Extra Electronics,4771.17,SAR,2025-01-20T17:17:20Z,approved,credit,5732
TXN-03193,4532XXXX7853,CUST-1047,Zara SA,61.88,SAR,2025-03-18T02:46:50Z,declined,debit,5651
TXN-03194,4532XXXX2254,CUST-1090,Zara SA,12839.61,EUR,2025-02-23T14:32:30Z,approved,debit,5651
TXN-03195,4532XXXX5807,CUST-1105,Zain Telecom,12844.61,SAR,2025-02-22T08:15:08Z,approved,debit,4814
TXN-03196,4532XXXX1246,CUST-1021,Extra Electronics,9588.48,SAR,2025-03-12T05:12:15Z,approved,debit,5732
TXN-03197,4532XXXX3385,CUST-1028,Al Rajhi ATM,8486.55,SAR,2025-02-28T12:19:58Z,approved,debit,6011
TXN-03198,4532XXXX7869,CUST-1081,Lulu Hypermarket,4617.45,USD,2025-03-01T15:50:07Z,pending,credit,5411
TXN-03199,4532XXXX6509,CUST-1097,PlayStation Store,1661.39,SAR,2025-01-17T20:53:35Z,declined,debit,5816
TXN-03200,4532XXXX5207,CUST-1065,HyperPanda,5347.42,SAR,2025-03-11T07:21:17Z,approved,debit,5411
TXN-03201,4532XXXX2440,CUST-1005,Zara SA,4149.80,SAR,2025-02-24T23:07:53Z,pending,debit,5651
TXN-03202,4532XXXX2315,CUST-1026,Riyadh Season,2937.49,SAR,2025-04-17T21:11:43Z,approved,debit,7922
TXN-03203,4532XXXX6025,CUST-1119,Hunger Station,10032.01,SAR,2025-02-15T08:11:48Z,approved,debit,5812
TXN-03204,4532XXXX9236,CUST-1174,Whites Pharmacy,7509.14,SAR,2025-06-17T18:31:55Z,approved,credit,5912
TXN-03205,4532XXXX9795,CUST-1017,Makkah Hotel,8802.36,SAR,2025-03-23T12:17:43Z,approved,debit,7011
TXN-03206,4532XXXX2611,CUST-1104,Flynas Airline,279.21,USD,2025-06-14T10:06:17Z,approved,debit,3000
TXN-03207,4532XXXX4212,CUST-1047,Al Baik Restaurant,13173.05,SAR,2025-03-02T09:22:29Z,declined,credit,5812
TXN-03208,4532XXXX1480,CUST-1072,Al Baik Restaurant,2801.39,USD,2025-06-17T14:45:22Z,approved,credit,5812
TXN-03209,4532XXXX7944,CUST-1103,Amazon.sa,11160.89,SAR,2025-04-13T12:09:27Z,approved,debit,5311
TXN-03210,4532XXXX9277,CUST-1128,Careem Rides,10951.06,SAR,2025-06-19T09:11:22Z,approved,debit,4121
TXN-03211,4532XXXX2720,CUST-1015,Netflix,14992.54,SAR,2025-02-09T03:43:52Z,approved,debit,4899
TXN-03212,4532XXXX2313,CUST-1141,Whites Pharmacy,13686.72,SAR,2025-01-10T14:40:49Z,approved,debit,5912
TXN-03213,4532XXXX2913,CUST-1009,Jarir Bookstore,13785.16,SAR,2025-04-03T04:55:58Z,approved,debit,5942
TXN-03214,4532XXXX7798,CUST-1193,Aramex Shipping,8847.46,SAR,2025-04-01T14:40:32Z,approved,credit,4215
TXN-03215,4532XXXX3549,CUST-1192,Noon.com,11366.27,USD,2025-06-21T16:13:58Z,pending,debit,5311
TXN-03216,4532XXXX9312,CUST-1176,Riyadh Season,14859.41,EUR,2025-05-21T03:38:18Z,approved,debit,7922
TXN-03217,4532XXXX9583,CUST-1149,Tawuniya Insurance,14672.85,SAR,2025-04-01T14:47:24Z,approved,debit,6300
TXN-03218,4532XXXX6582,CUST-1003,Ceer Motors,3094.47,SAR,2025-03-26T23:07:42Z,approved,debit,5511
TXN-03219,4532XXXX3727,CUST-1136,Extra Electronics,344.39,SAR,2025-06-29T03:44:21Z,approved,credit,5732
TXN-03220,4532XXXX8667,CUST-1174,Nahdi Pharmacy,56.93,SAR,2025-01-27T17:16:15Z,approved,credit,5912
TXN-03221,4532XXXX7991,CUST-1015,IKEA Saudi,14182.67,SAR,2025-01-21T12:59:14Z,approved,credit,5712
TXN-03222,4532XXXX3533,CUST-1177,Al Rajhi ATM,9235.46,SAR,2025-06-12T02:24:04Z,approved,debit,6011
TXN-03223,4532XXXX5117,CUST-1174,HyperPanda,8823.24,USD,2025-03-16T14:29:20Z,approved,credit,5411
TXN-03224,4532XXXX4714,CUST-1199,SABB ATM,7280.04,SAR,2025-06-12T15:02:19Z,approved,debit,6011
TXN-03225,4532XXXX3982,CUST-1108,PlayStation Store,13495.56,USD,2025-01-02T08:30:06Z,approved,credit,5816
TXN-03226,4532XXXX9200,CUST-1004,PlayStation Store,5281.71,SAR,2025-06-18T09:07:33Z,approved,debit,5816
TXN-03227,4532XXXX3211,CUST-1044,Tawuniya Insurance,13022.56,SAR,2025-02-07T16:49:34Z,approved,debit,6300
TXN-03228,4532XXXX1623,CUST-1048,Extra Electronics,1827.52,EUR,2025-04-24T14:40:16Z,approved,credit,5732
TXN-03229,4532XXXX7527,CUST-1172,Shell Petrol,12704.50,SAR,2025-02-20T09:44:16Z,declined,credit,5541
TXN-03230,4532XXXX2086,CUST-1006,Shell Petrol,10235.19,USD,2025-03-11T05:26:40Z,approved,credit,5541
TXN-03231,4532XXXX6974,CUST-1177,SABB ATM,12746.32,SAR,2025-06-27T13:22:09Z,declined,credit,6011
TXN-03232,4532XXXX7661,CUST-1037,Al Baik Restaurant,11038.32,SAR,2025-06-12T20:45:47Z,approved,debit,5812
TXN-03233,4532XXXX4237,CUST-1100,Uber Rides,13916.52,SAR,2025-02-12T06:01:20Z,approved,debit,4121
TXN-03234,4532XXXX5621,CUST-1167,Makkah Hotel,13392.36,SAR,2025-01-31T09:31:57Z,approved,credit,7011
TXN-03235,4532XXXX3243,CUST-1192,SABB ATM,12986.21,SAR,2025-04-23T05:09:00Z,approved,credit,6011
TXN-03236,4532XXXX2755,CUST-1075,Al Rajhi ATM,358.66,SAR,2025-02-28T12:45:18Z,pending,debit,6011
TXN-03237,4532XXXX1767,CUST-1154,Uber Rides,4749.31,USD,2025-02-14T09:30:27Z,approved,debit,4121
TXN-03238,4532XXXX7359,CUST-1095,Uber Rides,10796.83,SAR,2025-05-29T06:52:12Z,declined,debit,4121
TXN-03239,4532XXXX6406,CUST-1104,Hunger Station,13016.70,SAR,2025-04-30T07:36:43Z,approved,debit,5812
TXN-03240,4532XXXX2941,CUST-1141,Al Baik Restaurant,4891.15,SAR,2025-06-09T06:20:27Z,pending,debit,5812
TXN-03241,4532XXXX9283,CUST-1128,Starbucks SA,14904.41,SAR,2025-04-06T06:17:13Z,approved,debit,5814
TXN-03242,4532XXXX2821,CUST-1032,Mobily Recharge,8279.38,SAR,2025-03-04T07:44:34Z,approved,credit,4814
TXN-03243,4532XXXX2613,CUST-1198,Uber Rides,13614.57,AED,2025-03-05T23:39:17Z,approved,debit,4121
TXN-03244,4532XXXX6592,CUST-1152,Saudi Airlines,7468.77,SAR,2025-01-20T02:52:04Z,approved,debit,3000
TXN-03245,4532XXXX8567,CUST-1040,Shell Petrol,9594.18,USD,2025-05-29T01:10:06Z,approved,debit,5541
TXN-03246,4532XXXX8129,CUST-1188,Shell Petrol,4438.06,SAR,2025-02-26T20:10:06Z,pending,credit,5541
TXN-03247,4532XXXX1600,CUST-1095,Lulu Hypermarket,6941.33,SAR,2025-01-28T10:43:19Z,approved,debit,5411
TXN-03248,4532XXXX9192,CUST-1114,Noon.com,3057.60,SAR,2025-06-10T13:40:48Z,approved,debit,5311
TXN-03249,4532XXXX9709,CUST-1093,Shell Petrol,11321.71,USD,2025-04-04T08:09:05Z,declined,credit,5541
TXN-03250,4532XXXX8973,CUST-1059,Talabat Food,922.72,SAR,2025-01-19T23:19:38Z,approved,debit,5812
TXN-03251,4532XXXX5857,CUST-1059,Makkah Hotel,2789.76,SAR,2025-03-27T21:16:10Z,approved,debit,7011
TXN-03252,4532XXXX1816,CUST-1129,Mobily Recharge,10077.43,SAR,2025-03-16T10:24:46Z,approved,credit,4814
TXN-03253,4532XXXX9652,CUST-1045,Booking.com,11277.35,SAR,2025-05-14T01:30:07Z,approved,debit,7011
TXN-03254,4532XXXX8351,CUST-1116,Tamimi Markets,12509.41,SAR,2025-01-09T20:56:45Z,approved,debit,5411
TXN-03255,4532XXXX4389,CUST-1065,Namshi Fashion,9792.28,SAR,2025-03-15T06:05:53Z,approved,credit,5651
TXN-03256,4532XXXX7568,CUST-1018,Spotify,3127.65,AED,2025-04-17T12:08:52Z,approved,debit,4899
TXN-03257,4532XXXX9667,CUST-1178,Namshi Fashion,1885.08,SAR,2025-06-23T10:13:28Z,approved,credit,5651
TXN-03258,4532XXXX1494,CUST-1130,Talabat Food,6099.52,SAR,2025-05-11T10:55:01Z,approved,credit,5812
TXN-03259,4532XXXX6482,CUST-1134,Zara SA,3510.17,SAR,2025-01-12T04:07:46Z,pending,debit,5651
TXN-03260,4532XXXX9598,CUST-1200,Hunger Station,5206.06,SAR,2025-01-05T22:22:10Z,approved,credit,5812
TXN-03261,4532XXXX6363,CUST-1038,Talabat Food,6274.71,SAR,2025-01-17T06:34:24Z,approved,debit,5812
TXN-03262,4532XXXX6270,CUST-1110,Flynas Airline,4717.49,SAR,2025-05-13T09:28:18Z,approved,debit,3000
TXN-03263,4532XXXX6554,CUST-1015,Talabat Food,13228.13,SAR,2025-04-08T01:17:24Z,approved,debit,5812
TXN-03264,4532XXXX1452,CUST-1041,H&M Saudi,8802.51,USD,2025-06-17T12:15:49Z,approved,credit,5651
TXN-03265,4532XXXX7593,CUST-1067,Careem Rides,7155.47,USD,2025-06-17T01:21:03Z,pending,debit,4121
TXN-03266,4532XXXX3412,CUST-1117,Spotify,10593.97,SAR,2025-02-04T01:36:54Z,approved,debit,4899
TXN-03267,4532XXXX9029,CUST-1028,Uber Rides,12452.83,USD,2025-05-07T11:02:22Z,approved,credit,4121
TXN-03268,4532XXXX5825,CUST-1031,Aramex Shipping,2469.90,SAR,2025-06-01T08:26:36Z,approved,credit,4215
TXN-03269,4532XXXX7621,CUST-1140,Saudi Airlines,4026.73,SAR,2025-04-18T06:46:36Z,approved,credit,3000
TXN-03270,4532XXXX7960,CUST-1060,Panda Supermarket,14100.25,SAR,2025-06-12T05:55:30Z,approved,debit,5411
TXN-03271,4532XXXX3952,CUST-1054,Whites Pharmacy,2691.67,USD,2025-01-06T17:53:23Z,pending,debit,5912
TXN-03272,4532XXXX5360,CUST-1146,PlayStation Store,14953.27,SAR,2025-06-22T21:57:13Z,approved,credit,5816
TXN-03273,4532XXXX9951,CUST-1102,Lulu Hypermarket,1166.10,SAR,2025-03-24T00:04:26Z,approved,debit,5411
TXN-03274,4532XXXX4539,CUST-1116,Nana Grocery,11393.30,USD,2025-06-28T22:55:33Z,approved,debit,5411
TXN-03275,4532XXXX1176,CUST-1050,Nahdi Pharmacy,594.87,USD,2025-03-08T11:51:18Z,approved,debit,5912
TXN-03276,4532XXXX4007,CUST-1150,Netflix,6201.97,SAR,2025-03-31T02:20:24Z,approved,debit,4899
TXN-03277,4532XXXX8218,CUST-1097,Shein SA,1701.42,SAR,2025-06-06T23:08:13Z,approved,credit,5311
TXN-03278,4532XXXX1087,CUST-1072,Nahdi Pharmacy,3628.78,SAR,2025-04-18T19:27:08Z,approved,debit,5912
TXN-03279,4532XXXX5261,CUST-1145,Panda Supermarket,11344.70,SAR,2025-03-05T03:03:32Z,approved,debit,5411
TXN-03280,4532XXXX6325,CUST-1090,Riyadh Season,12265.27,SAR,2025-04-17T19:22:48Z,approved,credit,7922
TXN-03281,4532XXXX3588,CUST-1155,IKEA Saudi,3376.87,SAR,2025-03-31T17:09:24Z,pending,credit,5712
TXN-03282,4532XXXX2931,CUST-1047,Zain Telecom,2405.18,USD,2025-04-22T04:28:18Z,approved,debit,4814
TXN-03283,4532XXXX8032,CUST-1090,Tawuniya Insurance,14624.23,SAR,2025-04-20T08:45:33Z,approved,debit,6300
TXN-03284,4532XXXX3812,CUST-1111,Starbucks SA,9690.00,SAR,2025-06-10T00:24:39Z,approved,debit,5814
TXN-03285,4532XXXX9015,CUST-1142,Tawuniya Insurance,14658.57,SAR,2025-04-25T04:48:03Z,approved,credit,6300
TXN-03286,4532XXXX1009,CUST-1192,Ceer Motors,355.81,SAR,2025-05-21T08:25:36Z,approved,credit,5511
TXN-03287,4532XXXX6953,CUST-1112,Alshaya Group,6283.34,USD,2025-04-07T03:37:14Z,pending,debit,5311
TXN-03288,4532XXXX2692,CUST-1006,Extra Electronics,158.39,SAR,2025-05-19T19:31:41Z,approved,debit,5732
TXN-03289,4532XXXX7085,CUST-1153,Panda Supermarket,11575.85,SAR,2025-06-25T13:29:48Z,pending,debit,5411
TXN-03290,4532XXXX1566,CUST-1061,Riyadh Season,3889.43,SAR,2025-04-22T03:40:52Z,approved,debit,7922
TXN-03291,4532XXXX3839,CUST-1045,Extra Electronics,2890.47,SAR,2025-02-10T01:22:51Z,approved,debit,5732
TXN-03292,4532XXXX6429,CUST-1063,Danube Online,2313.69,SAR,2025-03-14T16:04:57Z,approved,debit,5411
TXN-03293,4532XXXX5647,CUST-1030,Riyadh Season,3397.50,USD,2025-03-07T13:32:16Z,approved,credit,7922
TXN-03294,4532XXXX5666,CUST-1175,Panda Supermarket,6075.28,SAR,2025-04-08T22:10:43Z,declined,debit,5411
TXN-03295,4532XXXX3657,CUST-1160,Netflix,3687.82,SAR,2025-06-19T22:28:50Z,approved,debit,4899
TXN-03296,4532XXXX9804,CUST-1101,Extra Electronics,1988.28,SAR,2025-06-07T15:28:31Z,approved,debit,5732
TXN-03297,4532XXXX5414,CUST-1145,Zain Telecom,3461.22,GBP,2025-01-25T12:43:11Z,pending,debit,4814
TXN-03298,4532XXXX6461,CUST-1024,Extra Electronics,867.70,USD,2025-06-01T11:24:59Z,pending,credit,5732
TXN-03299,4532XXXX3193,CUST-1101,Mobily Recharge,9177.87,AED,2025-04-30T09:07:12Z,approved,debit,4814
TXN-03300,4532XXXX8882,CUST-1037,Hunger Station,6025.32,EUR,2025-01-15T14:42:31Z,approved,debit,5812
TXN-03301,4532XXXX7290,CUST-1151,Saudi Airlines,988.17,SAR,2025-01-03T21:22:50Z,approved,credit,3000
TXN-03302,4532XXXX8342,CUST-1199,Lulu Hypermarket,8497.53,SAR,2025-06-25T02:09:58Z,approved,credit,5411
TXN-03303,4532XXXX4753,CUST-1026,Whites Pharmacy,5935.87,SAR,2025-01-15T18:14:55Z,approved,credit,5912
TXN-03304,4532XXXX5490,CUST-1096,IKEA Saudi,1925.99,SAR,2025-03-24T05:53:46Z,approved,debit,5712
TXN-03305,4532XXXX2685,CUST-1039,Al Rajhi ATM,5982.63,SAR,2025-03-16T09:21:09Z,approved,credit,6011
TXN-03306,4532XXXX4744,CUST-1007,Riyadh Season,6731.29,SAR,2025-05-29T19:55:39Z,approved,debit,7922
TXN-03307,4532XXXX5400,CUST-1147,Whites Pharmacy,11128.69,SAR,2025-04-14T12:10:29Z,approved,debit,5912
TXN-03308,4532XXXX6797,CUST-1070,Amazon.sa,10578.73,SAR,2025-01-13T04:38:38Z,declined,debit,5311
TXN-03309,4532XXXX3286,CUST-1085,Danube Online,1415.84,SAR,2025-02-10T18:07:44Z,approved,credit,5411
TXN-03310,4532XXXX9477,CUST-1164,Noon.com,9994.52,SAR,2025-01-10T14:04:40Z,approved,credit,5311
TXN-03311,4532XXXX3078,CUST-1152,Nana Grocery,3917.62,SAR,2025-04-28T13:40:10Z,approved,credit,5411
TXN-03312,4532XXXX9220,CUST-1190,Flynas Airline,2304.11,USD,2025-01-19T03:23:19Z,approved,debit,3000
TXN-03313,4532XXXX9842,CUST-1182,Flynas Airline,10132.71,SAR,2025-05-17T00:09:22Z,approved,credit,3000
TXN-03314,4532XXXX1679,CUST-1047,Jarir Bookstore,8143.26,SAR,2025-04-06T15:51:37Z,approved,credit,5942
TXN-03315,4532XXXX4841,CUST-1163,Shell Petrol,2978.12,USD,2025-02-10T13:52:08Z,pending,debit,5541
TXN-03316,4532XXXX6864,CUST-1151,Whites Pharmacy,6452.83,GBP,2025-01-19T12:00:49Z,approved,debit,5912
TXN-03317,4532XXXX8099,CUST-1043,Booking.com,8145.81,SAR,2025-02-26T06:44:03Z,approved,debit,7011
TXN-03318,4532XXXX9639,CUST-1134,Booking.com,11785.22,SAR,2025-03-11T18:21:12Z,approved,debit,7011
TXN-03319,4532XXXX8163,CUST-1190,Zain Telecom,11623.69,SAR,2025-05-16T19:46:11Z,declined,credit,4814
TXN-03320,4532XXXX5360,CUST-1035,Zara SA,274.75,SAR,2025-04-09T15:03:26Z,approved,credit,5651
TXN-03321,4532XXXX4550,CUST-1033,Whites Pharmacy,5439.38,SAR,2025-06-29T10:02:54Z,pending,credit,5912
TXN-03322,4532XXXX3605,CUST-1082,Saudi Airlines,8786.11,SAR,2025-02-02T18:32:21Z,approved,debit,3000
TXN-03323,4532XXXX7647,CUST-1090,Jarir Bookstore,8001.59,SAR,2025-03-10T11:33:19Z,approved,credit,5942
TXN-03324,4532XXXX5127,CUST-1077,Nahdi Pharmacy,6170.78,SAR,2025-04-25T08:51:24Z,approved,credit,5912
TXN-03325,4532XXXX5025,CUST-1004,Al Baik Restaurant,2547.06,USD,2025-02-01T13:25:21Z,approved,debit,5812
TXN-03326,4532XXXX1220,CUST-1074,Shein SA,8912.35,SAR,2025-06-03T00:37:49Z,approved,credit,5311
TXN-03327,4532XXXX1651,CUST-1168,Starbucks SA,12472.97,SAR,2025-03-28T02:19:09Z,approved,debit,5814
TXN-03328,4532XXXX1862,CUST-1103,Jarir Bookstore,12466.51,SAR,2025-03-08T13:03:23Z,approved,debit,5942
TXN-03329,4532XXXX1644,CUST-1111,Netflix,7160.82,SAR,2025-02-25T08:23:03Z,approved,credit,4899
TXN-03330,4532XXXX4598,CUST-1060,Riyadh Season,11061.17,SAR,2025-01-17T09:20:33Z,approved,debit,7922
TXN-03331,4532XXXX5880,CUST-1196,Netflix,2668.66,SAR,2025-02-01T03:09:18Z,approved,debit,4899
TXN-03332,4532XXXX1766,CUST-1023,Whites Pharmacy,12783.41,SAR,2025-05-15T22:07:56Z,approved,debit,5912
TXN-03333,4532XXXX7553,CUST-1136,Careem Rides,9887.84,SAR,2025-03-04T05:02:10Z,approved,debit,4121
TXN-03334,4532XXXX3126,CUST-1029,Starbucks SA,828.12,USD,2025-03-26T15:33:52Z,approved,debit,5814
