transfer_id,sender_id,receiver_id,amount,ccy,created_at,state,transfer_type,reference_note
TRF-00001,CUST-1056,EXT-5068,526.07,GBP,1745286398000,COMPLETED,international,School tuition
TRF-00002,CUST-1119,CUST-1052,4515.68,SAR,1749539504000,COMPLETED,internal,Event tickets
TRF-00003,CUST-1038,CUST-1173,49152.11,SAR,1750544404000,COMPLETED,internal,Coffee money
TRF-00004,CUST-1106,CUST-1004,39630.28,SAR,1740027283000,COMPLETED,internal,Furniture split
TRF-00005,CUST-1024,EXT-5039,10010.48,SAR,1737345723000,COMPLETED,local_bank,Insurance premium
TRF-00006,CUST-1071,CUST-1030,9839.40,AED,1738680104000,COMPLETED,internal,Charity donation
TRF-00007,CUST-1169,CUST-1134,47551.59,SAR,1750682590000,PROCESSING,internal,Salary advance
TRF-00008,CUST-1109,EXT-5027,9011.24,GBP,1736437423000,COMPLETED,international,Parking fee
TRF-00009,CUST-1110,CUST-1122,17015.64,SAR,1744265574000,COMPLETED,internal,Eid gift
TRF-00010,CUST-1006,CUST-1127,28235.95,SAR,1738575388000,COMPLETED,internal,Furniture split
TRF-00011,CUST-1047,CUST-1044,10967.44,SAR,1740843951000,COMPLETED,internal,Grocery share
TRF-00012,CUST-1069,CUST-1197,10959.02,SAR,1741476419000,COMPLETED,internal,Grocery share
TRF-00013,CUST-1086,CUST-1129,28634.25,USD,1743209250000,COMPLETED,internal,Grocery share
TRF-00014,CUST-1003,CUST-1092,38637.82,USD,1741885324000,PROCESSING,internal,School tuition
TRF-00015,CUST-1097,EXT-5018,14050.89,USD,1743527602000,COMPLETED,international,Freelancer payment
TRF-00016,CUST-1133,EXT-5094,3170.33,SAR,1735885201000,COMPLETED,local_bank,Business invoice
TRF-00017,CUST-1087,CUST-1129,31294.81,USD,1740932868000,COMPLETED,internal,Uber share
TRF-00018,CUST-1069,CUST-1024,13933.57,SAR,1741072702000,PROCESSING,internal,Investment transfer
TRF-00019,CUST-1155,CUST-1009,11026.52,SAR,1744635234000,COMPLETED,internal,Gym membership
TRF-00020,CUST-1173,EXT-5007,42323.03,SAR,1746333859000,COMPLETED,local_bank,Uber share
TRF-00021,CUST-1025,CUST-1057,47809.69,SAR,1744449339000,COMPLETED,internal,Gym membership
TRF-00022,CUST-1055,EXT-5007,18765.07,SAR,1744779546000,PROCESSING,local_bank,Eid gift
TRF-00023,CUST-1167,CUST-1107,20710.55,SAR,1743523296000,COMPLETED,internal,Event tickets
TRF-00024,CUST-1100,EXT-5030,18393.47,USD,1740664136000,FAILED,international,Car installment
TRF-00025,CUST-1133,CUST-1133,28566.96,SAR,1736685853000,COMPLETED,internal,Eid gift
TRF-00026,CUST-1122,EXT-5022,564.54,USD,1744356609000,COMPLETED,international,Birthday gift
TRF-00027,CUST-1011,EXT-5059,1031.49,AED,1739644975000,COMPLETED,international,Wedding contribution
TRF-00028,CUST-1193,EXT-5005,1834.88,SAR,1747521633000,COMPLETED,local_bank,Eid gift
TRF-00029,CUST-1069,EXT-5076,10571.59,SAR,1742332184000,COMPLETED,local_bank,Cleaning service
TRF-00030,CUST-1113,EXT-5028,23555.45,AED,1748957269000,COMPLETED,international,Travel booking
TRF-00031,CUST-1035,CUST-1189,20521.53,SAR,1750067304000,COMPLETED,internal,Internet bill
TRF-00032,CUST-1148,EXT-5036,30719.28,SAR,1748615666000,COMPLETED,local_bank,Eid gift
TRF-00033,CUST-1131,EXT-5065,10909.32,SAR,1748428267000,COMPLETED,local_bank,Event tickets
TRF-00034,CUST-1154,CUST-1100,10270.26,SAR,1742640079000,COMPLETED,internal,Lunch money
TRF-00035,CUST-1175,CUST-1179,30899.69,SAR,1749902813000,COMPLETED,internal,Grocery share
TRF-00036,CUST-1124,EXT-5004,15752.48,SAR,1746377302000,COMPLETED,local_bank,Gas split
TRF-00037,CUST-1006,EXT-5082,6958.56,EUR,1737661243000,FAILED,international,Eid gift
TRF-00038,CUST-1016,CUST-1166,21135.15,USD,1747425515000,PROCESSING,internal,Car installment
TRF-00039,CUST-1140,EXT-5088,1496.68,SAR,1742238166000,COMPLETED,local_bank,Shared groceries
TRF-00040,CUST-1016,EXT-5009,28898.24,EUR,1747022983000,COMPLETED,international,Charity donation
TRF-00041,CUST-1050,EXT-5075,41850.52,SAR,1749760008000,FAILED,local_bank,Car installment
TRF-00042,CUST-1173,EXT-5069,24532.00,AED,1745108717000,COMPLETED,local_bank,Wedding contribution
TRF-00043,CUST-1180,CUST-1197,40216.10,SAR,1743461165000,COMPLETED,internal,Eid gift
TRF-00044,CUST-1189,CUST-1137,41524.62,SAR,1745925416000,COMPLETED,internal,Shared groceries
TRF-00045,CUST-1104,EXT-5038,10320.28,SAR,1747346616000,COMPLETED,local_bank,Travel booking
TRF-00046,CUST-1176,EXT-5031,33731.84,USD,1739665400000,COMPLETED,international,Lunch money
TRF-00047,CUST-1176,EXT-5077,5656.61,SAR,1741701939000,PROCESSING,local_bank,Investment transfer
TRF-00048,CUST-1157,EXT-5058,19025.26,SAR,1738696128000,COMPLETED,local_bank,Business invoice
TRF-00049,CUST-1088,EXT-5057,18399.54,SAR,1745866901000,COMPLETED,local_bank,Shared groceries
TRF-00050,CUST-1070,CUST-1144,37127.53,AED,1740345393000,FAILED,internal,Coffee money
TRF-00051,CUST-1063,CUST-1179,43579.55,SAR,1747058693000,PROCESSING,internal,Car installment
TRF-00052,CUST-1120,EXT-5069,25104.88,AED,1735776023000,COMPLETED,international,Cleaning service
TRF-00053,CUST-1097,EXT-5035,33893.26,SAR,1741449397000,FAILED,local_bank,Medical bill
TRF-00054,CUST-1149,EXT-5098,5156.78,USD,1746592234000,COMPLETED,international,Parking fee
TRF-00055,CUST-1198,EXT-5093,45063.61,SAR,1746651920000,COMPLETED,local_bank,Car installment
TRF-00056,CUST-1085,CUST-1052,38737.79,AED,1737602345000,COMPLETED,internal,Salary advance
TRF-00057,CUST-1154,CUST-1106,2136.14,SAR,1750439990000,COMPLETED,internal,Freelancer payment
TRF-00058,CUST-1008,EXT-5081,25883.89,SAR,1750749004000,COMPLETED,local_bank,Eid gift
TRF-00059,CUST-1041,EXT-5020,30035.91,SAR,1742638554000,COMPLETED,local_bank,Shared groceries
TRF-00060,CUST-1167,EXT-5038,37615.77,GBP,1736188916000,FAILED,international,Gas split
TRF-00061,CUST-1005,EXT-5019,32991.96,SAR,1741367847000,COMPLETED,local_bank,Shared groceries
TRF-00062,CUST-1165,EXT-5060,4449.98,SAR,1742711187000,COMPLETED,local_bank,Rent share
TRF-00063,CUST-1109,EXT-5088,29996.04,SAR,1750683440000,COMPLETED,local_bank,Gas split
TRF-00064,CUST-1029,CUST-1121,6630.26,SAR,1745035183000,COMPLETED,internal,Medical bill
TRF-00065,CUST-1035,CUST-1062,22819.91,SAR,1746342442000,PROCESSING,internal,Coffee money
TRF-00066,CUST-1045,EXT-5025,44119.33,SAR,1740390271000,COMPLETED,local_bank,Freelancer payment
TRF-00067,CUST-1084,EXT-5049,9202.18,SAR,1739928407000,COMPLETED,local_bank,Medical bill
TRF-00068,CUST-1175,EXT-5001,557.49,SAR,1748200956000,COMPLETED,local_bank,Coffee money
TRF-00069,CUST-1170,EXT-5019,32884.90,SAR,1741955988000,COMPLETED,local_bank,Wedding contribution
TRF-00070,CUST-1153,CUST-1150,46302.42,SAR,1739420848000,COMPLETED,internal,Insurance premium
TRF-00071,CUST-1064,CUST-1047,13320.34,SAR,1743254782000,COMPLETED,internal,Movie tickets
TRF-00072,CUST-1181,CUST-1064,32454.77,SAR,1743213009000,COMPLETED,internal,Gift money
TRF-00073,CUST-1194,CUST-1063,6656.55,SAR,1748510939000,FAILED,internal,Lunch money
TRF-00074,CUST-1011,CUST-1091,38207.27,SAR,1739974719000,COMPLETED,internal,Grocery share
TRF-00075,CUST-1021,EXT-5069,38946.43,GBP,1740352864000,FAILED,international,Rent share
TRF-00076,CUST-1063,EXT-5090,43860.28,SAR,1744239129000,COMPLETED,local_bank,Gift money
TRF-00077,CUST-1031,CUST-1184,49903.90,SAR,1739856062000,COMPLETED,internal,Insurance premium
TRF-00078,CUST-1071,EXT-5052,48036.90,EUR,1739554935000,COMPLETED,international,Salary advance
TRF-00079,CUST-1098,EXT-5060,31250.22,SAR,1744556533000,COMPLETED,local_bank,Lunch money
TRF-00080,CUST-1150,CUST-1034,15527.49,SAR,1749379017000,COMPLETED,internal,Internet bill
TRF-00081,CUST-1171,CUST-1035,47566.28,SAR,1738802882000,COMPLETED,internal,Medical bill
TRF-00082,CUST-1100,CUST-1043,28188.14,EUR,1737843487000,COMPLETED,internal,Loan repayment
TRF-00083,CUST-1107,EXT-5010,47431.90,EUR,1745231923000,COMPLETED,local_bank,Wedding contribution
TRF-00084,CUST-1046,CUST-1089,49263.48,SAR,1750923939000,COMPLETED,internal,Event tickets
TRF-00085,CUST-1040,EXT-5095,47567.95,SAR,1744879025000,COMPLETED,local_bank,Freelancer payment
TRF-00086,CUST-1083,EXT-5071,27803.33,AED,1743466882000,PROCESSING,international,Charity donation
TRF-00087,CUST-1116,EXT-5024,39051.64,SAR,1735889721000,COMPLETED,local_bank,Dinner split
TRF-00088,CUST-1064,CUST-1135,26167.63,SAR,1750223531000,COMPLETED,internal,Parking fee
TRF-00089,CUST-1156,CUST-1025,30160.10,SAR,1748195201000,COMPLETED,internal,Grocery share
TRF-00090,CUST-1154,CUST-1040,20128.52,GBP,1736174491000,COMPLETED,internal,Parking fee
TRF-00091,CUST-1018,CUST-1077,48944.65,SAR,1747395926000,COMPLETED,internal,Internet bill
TRF-00092,CUST-1103,CUST-1158,47195.31,SAR,1748973224000,COMPLETED,internal,Uber share
TRF-00093,CUST-1167,EXT-5030,43537.05,USD,1747944441000,COMPLETED,local_bank,Car installment
TRF-00094,CUST-1056,CUST-1031,25834.14,SAR,1745327819000,COMPLETED,internal,Birthday gift
TRF-00095,CUST-1039,EXT-5070,1668.27,SAR,1745961514000,COMPLETED,local_bank,Wedding contribution
TRF-00096,CUST-1165,CUST-1172,7996.85,SAR,1748864086000,FAILED,internal,Furniture split
TRF-00097,CUST-1035,CUST-1003,48481.35,SAR,1746566617000,COMPLETED,internal,Salary advance
TRF-00098,CUST-1133,CUST-1060,11614.05,SAR,1745249233000,COMPLETED,internal,Wedding contribution
TRF-00099,CUST-1110,EXT-5014,13058.33,SAR,1750874663000,FAILED,local_bank,Loan repayment
TRF-00100,CUST-1033,EXT-5100,48639.33,SAR,1749376631000,COMPLETED,local_bank,Cleaning service
TRF-00101,CUST-1095,EXT-5069,225.65,SAR,1743632419000,FAILED,local_bank,Insurance premium
TRF-00102,CUST-1063,EXT-5001,20430.47,SAR,1737368577000,COMPLETED,local_bank,Wedding contribution
TRF-00103,CUST-1147,CUST-1123,38226.42,SAR,1751035856000,PROCESSING,internal,Cleaning service
TRF-00104,CUST-1198,CUST-1002,39772.18,SAR,1740838938000,COMPLETED,internal,Gym membership
TRF-00105,CUST-1031,EXT-5021,32835.86,USD,1743771733000,FAILED,international,Business invoice
TRF-00106,CUST-1081,EXT-5013,24815.07,SAR,1744001685000,COMPLETED,local_bank,Cleaning service
TRF-00107,CUST-1044,CUST-1128,17487.10,GBP,1739469952000,COMPLETED,internal,Car installment
TRF-00108,CUST-1194,EXT-5098,48300.25,SAR,1738142153000,FAILED,local_bank,Birthday gift
TRF-00109,CUST-1160,EXT-5075,29543.41,USD,1744333343000,COMPLETED,international,Freelancer payment
TRF-00110,CUST-1054,EXT-5006,36590.80,SAR,1749274469000,COMPLETED,local_bank,Gas split
TRF-00111,CUST-1080,CUST-1115,30450.60,SAR,1748760510000,COMPLETED,internal,Charity donation
TRF-00112,CUST-1111,CUST-1114,26731.91,SAR,1750207892000,COMPLETED,internal,Grocery share
TRF-00113,CUST-1058,CUST-1017,44243.90,AED,1747285751000,COMPLETED,internal,Wedding contribution
TRF-00114,CUST-1083,CUST-1200,3573.91,SAR,1743588109000,FAILED,internal,Salary advance
TRF-00115,CUST-1177,EXT-5100,4500.52,EUR,1747340248000,COMPLETED,local_bank,Event tickets
TRF-00116,CUST-1043,EXT-5076,13406.55,SAR,1742116909000,COMPLETED,local_bank,Gym membership
TRF-00117,CUST-1010,EXT-5010,17707.35,SAR,1735706821000,COMPLETED,local_bank,Insurance premium
TRF-00118,CUST-1140,EXT-5011,16054.84,USD,1749690590000,COMPLETED,international,Gym membership
TRF-00119,CUST-1070,EXT-5080,12451.33,GBP,1746859228000,COMPLETED,international,Internet bill
TRF-00120,CUST-1102,CUST-1166,23645.02,SAR,1736530965000,COMPLETED,internal,Rent share
TRF-00121,CUST-1151,CUST-1004,15953.47,SAR,1740912835000,COMPLETED,internal,Travel booking
TRF-00122,CUST-1071,CUST-1195,46156.74,SAR,1747621548000,COMPLETED,internal,Gift money
TRF-00123,CUST-1046,CUST-1139,10458.22,SAR,1742101680000,COMPLETED,internal,Grocery share
TRF-00124,CUST-1042,EXT-5095,25691.94,EUR,1751035632000,COMPLETED,international,Travel booking
TRF-00125,CUST-1103,EXT-5036,33006.97,USD,1744644423000,COMPLETED,international,Rent share
TRF-00126,CUST-1039,EXT-5042,34893.75,SAR,1737201459000,COMPLETED,local_bank,Lunch money
TRF-00127,CUST-1178,EXT-5091,43348.91,SAR,1747798239000,COMPLETED,local_bank,Birthday gift
TRF-00128,CUST-1185,EXT-5017,46627.70,SAR,1745827361000,COMPLETED,local_bank,Lunch money
TRF-00129,CUST-1068,CUST-1129,45001.14,AED,1748464500000,PROCESSING,internal,Movie tickets
TRF-00130,CUST-1111,EXT-5006,48248.08,SAR,1745050615000,COMPLETED,local_bank,Salary advance
TRF-00131,CUST-1153,CUST-1011,35784.78,EUR,1745736492000,FAILED,internal,Business invoice
TRF-00132,CUST-1024,EXT-5093,31463.78,USD,1740416049000,COMPLETED,local_bank,Car installment
TRF-00133,CUST-1024,CUST-1175,7271.52,USD,1742222118000,COMPLETED,internal,Dinner split
TRF-00134,CUST-1025,CUST-1138,16931.78,SAR,1736471695000,COMPLETED,internal,Shared groceries
TRF-00135,CUST-1103,CUST-1048,5580.80,SAR,1746687971000,COMPLETED,internal,Salary advance
TRF-00136,CUST-1076,EXT-5088,7955.02,SAR,1735985890000,COMPLETED,local_bank,School tuition
TRF-00137,CUST-1154,EXT-5087,23875.58,SAR,1740256486000,COMPLETED,local_bank,Furniture split
TRF-00138,CUST-1072,CUST-1123,47929.41,SAR,1736633754000,COMPLETED,internal,Event tickets
TRF-00139,CUST-1174,EXT-5018,4005.61,EUR,1748273708000,COMPLETED,international,Lunch money
TRF-00140,CUST-1100,EXT-5010,36462.44,GBP,1745355791000,COMPLETED,international,Wedding contribution
TRF-00141,CUST-1125,CUST-1105,20378.18,SAR,1739846457000,COMPLETED,internal,Furniture split
TRF-00142,CUST-1195,EXT-5049,18171.47,AED,1735910728000,COMPLETED,local_bank,Uber share
TRF-00143,CUST-1099,CUST-1190,832.03,SAR,1741956580000,COMPLETED,internal,Movie tickets
TRF-00144,CUST-1143,EXT-5001,19419.20,SAR,1742414841000,COMPLETED,local_bank,Birthday gift
TRF-00145,CUST-1014,EXT-5031,19796.53,SAR,1742963253000,COMPLETED,local_bank,Insurance premium
TRF-00146,CUST-1012,CUST-1188,32057.14,SAR,1746533312000,FAILED,internal,Wedding contribution
TRF-00147,CUST-1069,CUST-1160,6042.94,SAR,1750100177000,COMPLETED,internal,Investment transfer
TRF-00148,CUST-1012,EXT-5016,2944.53,GBP,1748107024000,COMPLETED,local_bank,Cleaning service
TRF-00149,CUST-1008,CUST-1094,30419.42,SAR,1741369312000,COMPLETED,internal,Furniture split
TRF-00150,CUST-1052,EXT-5059,34808.73,AED,1741834069000,COMPLETED,international,Gas split
TRF-00151,CUST-1029,EXT-5084,48459.10,USD,1736381339000,COMPLETED,local_bank,Business invoice
TRF-00152,CUST-1184,EXT-5056,43153.38,SAR,1743458111000,COMPLETED,local_bank,Internet bill
TRF-00153,CUST-1127,CUST-1170,40567.90,SAR,1746251205000,COMPLETED,internal,Gift money
TRF-00154,CUST-1012,CUST-1074,48132.59,SAR,1740405452000,FAILED,internal,Lunch money
TRF-00155,CUST-1085,CUST-1132,27876.32,SAR,1746258876000,COMPLETED,internal,Dinner split
TRF-00156,CUST-1184,EXT-5077,31466.23,SAR,1744564132000,COMPLETED,local_bank,Lunch money
TRF-00157,CUST-1073,EXT-5043,7853.44,AED,1738498858000,COMPLETED,international,Coffee money
TRF-00158,CUST-1176,CUST-1039,30830.39,SAR,1736560400000,COMPLETED,internal,Furniture split
TRF-00159,CUST-1105,CUST-1004,40582.77,SAR,1737402885000,COMPLETED,internal,Movie tickets
TRF-00160,CUST-1036,CUST-1139,22387.77,SAR,1740654037000,COMPLETED,internal,Gas split
TRF-00161,CUST-1164,CUST-1194,46076.06,SAR,1735951429000,COMPLETED,internal,Freelancer payment
TRF-00162,CUST-1091,CUST-1094,1368.39,SAR,1741964776000,COMPLETED,internal,Event tickets
TRF-00163,CUST-1002,CUST-1113,36294.53,SAR,1737195136000,COMPLETED,internal,Charity donation
TRF-00164,CUST-1025,CUST-1109,26332.70,SAR,1745280336000,COMPLETED,internal,Insurance premium
TRF-00165,CUST-1034,CUST-1066,10467.35,SAR,1745589615000,COMPLETED,internal,Lunch money
TRF-00166,CUST-1114,EXT-5034,18775.05,SAR,1740115182000,PROCESSING,local_bank,Uber share
TRF-00167,CUST-1094,CUST-1025,16000.50,SAR,1751078621000,COMPLETED,internal,Investment transfer
TRF-00168,CUST-1014,CUST-1186,28637.75,SAR,1748015753000,COMPLETED,internal,Grocery share
TRF-00169,CUST-1165,EXT-5082,19899.00,SAR,1748154242000,COMPLETED,local_bank,Gas split
TRF-00170,CUST-1184,EXT-5075,16511.59,SAR,1750529567000,COMPLETED,local_bank,Travel booking
TRF-00171,CUST-1061,CUST-1083,24749.86,SAR,1746201491000,FAILED,internal,Travel booking
TRF-00172,CUST-1118,EXT-5071,18719.02,EUR,1743546005000,COMPLETED,local_bank,Grocery share
TRF-00173,CUST-1048,CUST-1191,42379.77,SAR,1749122196000,PROCESSING,internal,Car installment
TRF-00174,CUST-1139,CUST-1063,40287.48,USD,1737364510000,COMPLETED,internal,Shared groceries
TRF-00175,CUST-1042,CUST-1155,24448.56,SAR,1739323288000,COMPLETED,internal,Gas split
TRF-00176,CUST-1037,EXT-5091,10642.94,AED,1747131134000,COMPLETED,international,Freelancer payment
TRF-00177,CUST-1145,EXT-5038,9310.30,SAR,1745088898000,COMPLETED,local_bank,Birthday gift
TRF-00178,CUST-1062,EXT-5021,18809.34,AED,1750098250000,COMPLETED,international,Cleaning service
TRF-00179,CUST-1048,CUST-1043,45923.12,SAR,1746113380000,PROCESSING,internal,Shared groceries
TRF-00180,CUST-1058,EXT-5069,2346.24,EUR,1739680384000,FAILED,international,Shared groceries
TRF-00181,CUST-1006,EXT-5013,49578.85,SAR,1736777258000,COMPLETED,local_bank,Business invoice
TRF-00182,CUST-1049,CUST-1195,25818.12,SAR,1740603746000,COMPLETED,internal,Freelancer payment
TRF-00183,CUST-1077,EXT-5085,29553.57,SAR,1738188090000,COMPLETED,local_bank,Rent share
TRF-00184,CUST-1173,EXT-5043,43102.26,USD,1741189616000,COMPLETED,local_bank,Furniture split
TRF-00185,CUST-1088,CUST-1100,46299.78,SAR,1741111632000,COMPLETED,internal,Investment transfer
TRF-00186,CUST-1177,EXT-5080,27560.20,SAR,1739392467000,COMPLETED,local_bank,Rent share
TRF-00187,CUST-1001,EXT-5051,10680.07,EUR,1738278262000,COMPLETED,international,Grocery share
TRF-00188,CUST-1195,EXT-5081,7535.89,SAR,1737834597000,COMPLETED,local_bank,Eid gift
TRF-00189,CUST-1120,EXT-5028,3780.86,SAR,1750555204000,PROCESSING,local_bank,Medical bill
TRF-00190,CUST-1180,CUST-1102,14943.90,SAR,1743704299000,COMPLETED,internal,Internet bill
TRF-00191,CUST-1114,CUST-1054,2627.47,SAR,1742031773000,COMPLETED,internal,Birthday gift
TRF-00192,CUST-1158,CUST-1044,39809.48,SAR,1737951888000,FAILED,internal,Lunch money
TRF-00193,CUST-1022,EXT-5005,36398.95,GBP,1737901630000,COMPLETED,international,Gym membership
TRF-00194,CUST-1005,EXT-5083,39077.25,AED,1741836683000,COMPLETED,international,Shared groceries
TRF-00195,CUST-1110,EXT-5054,28463.04,SAR,1735723006000,COMPLETED,local_bank,Movie tickets
TRF-00196,CUST-1041,CUST-1011,20247.85,SAR,1749181946000,COMPLETED,internal,Event tickets
TRF-00197,CUST-1092,EXT-5052,39775.22,USD,1742588288000,PROCESSING,local_bank,Car installment
TRF-00198,CUST-1073,EXT-5058,29754.68,SAR,1746511661000,COMPLETED,local_bank,Freelancer payment
TRF-00199,CUST-1027,EXT-5028,34952.15,GBP,1745257709000,FAILED,local_bank,Charity donation
TRF-00200,CUST-1192,EXT-5070,42107.26,SAR,1745714207000,COMPLETED,local_bank,Gym membership
TRF-00201,CUST-1154,EXT-5065,40695.24,GBP,1735920737000,COMPLETED,international,Business invoice
TRF-00202,CUST-1180,EXT-5027,20853.13,SAR,1750315130000,COMPLETED,local_bank,Lunch money
TRF-00203,CUST-1056,CUST-1034,48768.23,SAR,1739998505000,COMPLETED,internal,Dinner split
TRF-00204,CUST-1034,CUST-1041,29290.33,SAR,1750451475000,COMPLETED,internal,Coffee money
TRF-00205,CUST-1167,CUST-1170,5225.43,USD,1746012186000,COMPLETED,internal,Travel booking
TRF-00206,CUST-1087,CUST-1065,34993.16,SAR,1738743444000,FAILED,internal,Eid gift
TRF-00207,CUST-1112,EXT-5090,6882.16,EUR,1738922223000,COMPLETED,international,Medical bill
TRF-00208,CUST-1181,CUST-1128,41337.28,SAR,1746365466000,COMPLETED,internal,Birthday gift
TRF-00209,CUST-1102,EXT-5060,3220.06,AED,1744295685000,PROCESSING,international,Medical bill
TRF-00210,CUST-1135,CUST-1033,26297.72,SAR,1744843367000,FAILED,internal,Charity donation
TRF-00211,CUST-1015,CUST-1169,42392.53,SAR,1736813059000,COMPLETED,internal,Medical bill
TRF-00212,CUST-1013,CUST-1179,36567.05,SAR,1747387751000,PROCESSING,internal,Gym membership
TRF-00213,CUST-1148,EXT-5048,23382.26,SAR,1745328534000,COMPLETED,local_bank,Travel booking
TRF-00214,CUST-1070,EXT-5004,16235.12,SAR,1742869446000,FAILED,local_bank,Eid gift
TRF-00215,CUST-1160,CUST-1146,19347.16,SAR,1750503048000,FAILED,internal,Travel booking
TRF-00216,CUST-1062,CUST-1159,22244.25,USD,1739060167000,COMPLETED,internal,Coffee money
TRF-00217,CUST-1031,CUST-1140,44004.05,SAR,1742681533000,COMPLETED,internal,Loan repayment
TRF-00218,CUST-1103,CUST-1002,16139.35,SAR,1750792863000,COMPLETED,internal,Uber share
TRF-00219,CUST-1116,EXT-5065,16533.89,GBP,1746844199000,COMPLETED,international,Loan repayment
TRF-00220,CUST-1083,CUST-1193,44424.49,SAR,1741589071000,COMPLETED,internal,Shared groceries
TRF-00221,CUST-1066,EXT-5056,352.36,SAR,1742165364000,COMPLETED,local_bank,Eid gift
TRF-00222,CUST-1087,EXT-5054,42793.25,USD,1740567424000,FAILED,local_bank,Salary advance
TRF-00223,CUST-1092,CUST-1107,12775.15,SAR,1737469364000,COMPLETED,internal,Shared groceries
TRF-00224,CUST-1066,CUST-1067,25619.49,SAR,1745940120000,COMPLETED,internal,Internet bill
TRF-00225,CUST-1076,CUST-1037,41661.07,USD,1739064534000,COMPLETED,internal,Wedding contribution
TRF-00226,CUST-1137,EXT-5003,11676.73,SAR,1741022208000,COMPLETED,local_bank,Gas split
TRF-00227,CUST-1011,EXT-5009,20416.38,EUR,1736447136000,FAILED,international,Lunch money
TRF-00228,CUST-1069,CUST-1055,20566.50,SAR,1738590872000,COMPLETED,internal,Coffee money
TRF-00229,CUST-1178,CUST-1188,30577.06,SAR,1744652743000,COMPLETED,internal,Rent share
TRF-00230,CUST-1156,EXT-5036,13463.05,EUR,1745386113000,COMPLETED,international,Investment transfer
TRF-00231,CUST-1198,EXT-5082,30374.03,SAR,1745684339000,COMPLETED,local_bank,Gas split
TRF-00232,CUST-1148,EXT-5018,16838.40,USD,1738246907000,COMPLETED,local_bank,Gym membership
TRF-00233,CUST-1029,CUST-1093,13522.39,SAR,1735903565000,COMPLETED,internal,Birthday gift
TRF-00234,CUST-1011,EXT-5027,38506.00,SAR,1748291777000,FAILED,local_bank,Charity donation
TRF-00235,CUST-1077,EXT-5002,24918.29,SAR,1746402096000,COMPLETED,local_bank,Investment transfer
TRF-00236,CUST-1065,EXT-5003,7026.39,USD,1742933452000,COMPLETED,international,Shared groceries
TRF-00237,CUST-1184,EXT-5033,32537.17,SAR,1749247242000,COMPLETED,local_bank,Coffee money
TRF-00238,CUST-1060,CUST-1091,30027.23,AED,1748474888000,COMPLETED,internal,Birthday gift
TRF-00239,CUST-1134,CUST-1157,887.94,USD,1738890368000,COMPLETED,internal,Gift money
TRF-00240,CUST-1011,CUST-1025,22006.52,SAR,1743397173000,COMPLETED,internal,Lunch money
TRF-00241,CUST-1137,EXT-5059,18271.33,SAR,1737589613000,FAILED,local_bank,Lunch money
TRF-00242,CUST-1018,EXT-5055,49671.56,SAR,1747200315000,COMPLETED,local_bank,Uber share
TRF-00243,CUST-1041,CUST-1001,37733.18,SAR,1737848949000,COMPLETED,internal,Birthday gift
TRF-00244,CUST-1165,EXT-5051,40300.99,SAR,1740320523000,COMPLETED,local_bank,Investment transfer
TRF-00245,CUST-1108,CUST-1063,10996.96,SAR,1750635691000,COMPLETED,internal,Rent share
TRF-00246,CUST-1189,EXT-5047,18843.43,SAR,1746126149000,PROCESSING,local_bank,Gym membership
TRF-00247,CUST-1043,EXT-5054,14633.85,USD,1744345378000,COMPLETED,local_bank,Dinner split
TRF-00248,CUST-1114,CUST-1180,20148.73,SAR,1749829113000,COMPLETED,internal,Freelancer payment
TRF-00249,CUST-1169,EXT-5088,4622.71,SAR,1749301289000,COMPLETED,local_bank,Internet bill
TRF-00250,CUST-1196,CUST-1120,7487.57,SAR,1748747234000,COMPLETED,internal,Parking fee
TRF-00251,CUST-1098,CUST-1088,20721.83,SAR,1744889054000,COMPLETED,internal,Movie tickets
TRF-00252,CUST-1006,EXT-5020,23013.81,SAR,1738105226000,COMPLETED,local_bank,Cleaning service
TRF-00253,CUST-1122,CUST-1116,47292.53,SAR,1736134963000,COMPLETED,internal,Parking fee
TRF-00254,CUST-1044,CUST-1121,28664.71,SAR,1736284896000,PROCESSING,internal,Movie tickets
TRF-00255,CUST-1196,EXT-5041,43647.33,USD,1747665573000,COMPLETED,local_bank,Cleaning service
TRF-00256,CUST-1164,EXT-5008,27613.94,SAR,1749266999000,COMPLETED,local_bank,Eid gift
TRF-00257,CUST-1149,CUST-1181,31359.72,SAR,1743151113000,COMPLETED,internal,Charity donation
TRF-00258,CUST-1081,CUST-1052,3878.92,SAR,1749411674000,COMPLETED,internal,Travel booking
TRF-00259,CUST-1160,EXT-5006,23143.82,EUR,1736794878000,COMPLETED,international,Investment transfer
TRF-00260,CUST-1017,CUST-1127,27895.74,SAR,1740757506000,COMPLETED,internal,Medical bill
TRF-00261,CUST-1156,EXT-5092,20255.30,EUR,1744908662000,COMPLETED,international,Medical bill
TRF-00262,CUST-1068,EXT-5066,10276.10,SAR,1736065828000,COMPLETED,local_bank,Rent share
TRF-00263,CUST-1176,EXT-5052,11897.39,SAR,1742378994000,FAILED,local_bank,Dinner split
TRF-00264,CUST-1047,CUST-1162,30135.34,SAR,1746282584000,COMPLETED,internal,Uber share
TRF-00265,CUST-1023,EXT-5070,46420.63,SAR,1746534341000,COMPLETED,local_bank,Medical bill
TRF-00266,CUST-1165,CUST-1168,4923.59,SAR,1748547194000,COMPLETED,internal,Movie tickets
TRF-00267,CUST-1007,EXT-5063,20095.48,SAR,1747679016000,PROCESSING,local_bank,Gas split
TRF-00268,CUST-1153,CUST-1031,29310.96,SAR,1739364094000,COMPLETED,internal,Grocery share
TRF-00269,CUST-1038,EXT-5072,27668.43,SAR,1750668664000,COMPLETED,local_bank,School tuition
TRF-00270,CUST-1071,EXT-5066,33071.03,AED,1745870487000,COMPLETED,international,Internet bill
TRF-00271,CUST-1012,CUST-1183,21041.95,SAR,1741183710000,COMPLETED,internal,Medical bill
TRF-00272,CUST-1158,EXT-5067,43252.91,SAR,1738886997000,COMPLETED,local_bank,Insurance premium
TRF-00273,CUST-1177,EXT-5002,22118.54,USD,1748089495000,COMPLETED,local_bank,Grocery share
TRF-00274,CUST-1044,EXT-5028,16470.19,SAR,1746284108000,COMPLETED,local_bank,Event tickets
TRF-00275,CUST-1197,CUST-1113,1646.40,SAR,1737812743000,FAILED,internal,Car installment
TRF-00276,CUST-1135,EXT-5080,43859.93,SAR,1739417741000,COMPLETED,local_bank,Gym membership
TRF-00277,CUST-1182,CUST-1068,18388.55,SAR,1744223694000,COMPLETED,internal,Freelancer payment
TRF-00278,CUST-1027,CUST-1080,44389.32,SAR,1736544853000,FAILED,internal,Internet bill
TRF-00279,CUST-1180,CUST-1193,11348.82,SAR,1746553398000,COMPLETED,internal,Gas split
TRF-00280,CUST-1013,CUST-1103,22204.04,SAR,1741123240000,FAILED,internal,Grocery share
TRF-00281,CUST-1101,EXT-5069,29143.14,USD,1743029320000,COMPLETED,international,Business invoice
TRF-00282,CUST-1115,EXT-5007,7114.76,USD,1746396245000,COMPLETED,local_bank,Coffee money
TRF-00283,CUST-1200,EXT-5035,25623.78,SAR,1740101595000,COMPLETED,local_bank,Charity donation
TRF-00284,CUST-1148,CUST-1007,49483.89,AED,1749426097000,PROCESSING,internal,Wedding contribution
TRF-00285,CUST-1186,EXT-5039,3329.02,USD,1739338644000,COMPLETED,local_bank,Business invoice
TRF-00286,CUST-1082,EXT-5028,25306.54,SAR,1739177305000,COMPLETED,local_bank,Insurance premium
TRF-00287,CUST-1150,EXT-5047,45850.65,SAR,1745768952000,PROCESSING,local_bank,Event tickets
TRF-00288,CUST-1038,EXT-5057,25457.11,SAR,1745070263000,PROCESSING,local_bank,Uber share
TRF-00289,CUST-1054,EXT-5005,16578.02,USD,1741861260000,PROCESSING,international,Event tickets
TRF-00290,CUST-1078,EXT-5021,11346.16,GBP,1738619257000,COMPLETED,local_bank,Car installment
TRF-00291,CUST-1097,EXT-5048,31345.17,GBP,1739948669000,COMPLETED,international,School tuition
TRF-00292,CUST-1150,EXT-5050,23333.52,SAR,1739160383000,COMPLETED,local_bank,Lunch money
TRF-00293,CUST-1099,EXT-5091,8842.53,SAR,1737734785000,COMPLETED,local_bank,Uber share
TRF-00294,CUST-1162,EXT-5046,32518.58,SAR,1751140315000,FAILED,local_bank,Charity donation
TRF-00295,CUST-1069,EXT-5079,22103.25,USD,1741330787000,COMPLETED,international,Shared groceries
TRF-00296,CUST-1043,CUST-1132,20230.43,SAR,1744940259000,COMPLETED,internal,Cleaning service
TRF-00297,CUST-1074,CUST-1059,14999.60,SAR,1740270254000,FAILED,internal,Charity donation
TRF-00298,CUST-1099,EXT-5008,40866.75,GBP,1739094812000,FAILED,international,Charity donation
TRF-00299,CUST-1116,CUST-1007,6431.79,SAR,1749274466000,PROCESSING,internal,Gas split
TRF-00300,CUST-1033,EXT-5052,31849.73,SAR,1739731816000,COMPLETED,local_bank,Grocery share
TRF-00301,CUST-1008,CUST-1109,31724.40,EUR,1748246634000,COMPLETED,internal,Investment transfer
TRF-00302,CUST-1186,EXT-5075,40960.31,SAR,1737638204000,COMPLETED,local_bank,Parking fee
TRF-00303,CUST-1049,EXT-5049,6164.48,SAR,1748198879000,COMPLETED,local_bank,Wedding contribution
TRF-00304,CUST-1106,EXT-5010,49869.12,SAR,1748204761000,COMPLETED,local_bank,Internet bill
TRF-00305,CUST-1062,CUST-1045,46086.75,USD,1737937715000,COMPLETED,internal,Gift money
TRF-00306,CUST-1175,EXT-5029,3627.80,USD,1739184757000,PROCESSING,international,Eid gift
TRF-00307,CUST-1109,EXT-5029,24416.23,USD,1746033646000,PROCESSING,local_bank,Rent share
TRF-00308,CUST-1025,EXT-5058,16376.62,SAR,1746343484000,COMPLETED,local_bank,Gym membership
TRF-00309,CUST-1104,CUST-1071,30842.90,SAR,1739227237000,COMPLETED,internal,Grocery share
TRF-00310,CUST-1090,CUST-1118,19778.69,SAR,1741730527000,COMPLETED,internal,Parking fee
TRF-00311,CUST-1079,CUST-1097,5511.08,USD,1742120322000,COMPLETED,internal,Charity donation
TRF-00312,CUST-1193,CUST-1098,28384.91,SAR,1748803528000,PROCESSING,internal,Insurance premium
TRF-00313,CUST-1189,EXT-5049,31688.95,USD,1741655340000,COMPLETED,local_bank,Grocery share
TRF-00314,CUST-1041,EXT-5024,21939.20,SAR,1749952987000,COMPLETED,local_bank,Coffee money
TRF-00315,CUST-1024,CUST-1156,10824.43,SAR,1750078936000,COMPLETED,internal,Birthday gift
TRF-00316,CUST-1001,CUST-1191,17170.32,USD,1747902803000,PROCESSING,internal,Freelancer payment
TRF-00317,CUST-1070,EXT-5037,43751.49,GBP,1742382048000,COMPLETED,international,Gift money
TRF-00318,CUST-1047,EXT-5069,49.67,SAR,1743547927000,PROCESSING,local_bank,School tuition
TRF-00319,CUST-1060,CUST-1065,13806.91,AED,1747946553000,PROCESSING,internal,Furniture split
TRF-00320,CUST-1022,CUST-1176,29017.18,SAR,1739003836000,COMPLETED,internal,Insurance premium
TRF-00321,CUST-1024,CUST-1067,29422.13,SAR,1744506932000,COMPLETED,internal,Eid gift
TRF-00322,CUST-1151,CUST-1055,43743.68,SAR,1735817913000,COMPLETED,internal,Rent share
TRF-00323,CUST-1150,CUST-1074,24782.40,SAR,1742987983000,COMPLETED,internal,Dinner split
TRF-00324,CUST-1132,CUST-1014,40221.51,SAR,1744105375000,COMPLETED,internal,Salary advance
TRF-00325,CUST-1026,EXT-5090,4297.85,EUR,1739140694000,COMPLETED,international,Car installment
TRF-00326,CUST-1084,CUST-1017,21662.38,SAR,1744655873000,COMPLETED,internal,Shared groceries
TRF-00327,CUST-1162,CUST-1004,27429.68,SAR,1744889612000,COMPLETED,internal,Dinner split
TRF-00328,CUST-1012,EXT-5086,26230.03,SAR,1742783267000,COMPLETED,local_bank,Gift money
TRF-00329,CUST-1085,EXT-5059,32119.32,AED,1746612475000,COMPLETED,international,Gift money
TRF-00330,CUST-1110,EXT-5085,46225.64,SAR,1747783326000,COMPLETED,local_bank,Insurance premium
TRF-00331,CUST-1068,CUST-1181,621.75,SAR,1736240080000,COMPLETED,internal,Shared groceries
TRF-00332,CUST-1050,CUST-1048,21592.54,EUR,1741306804000,FAILED,internal,Furniture split
TRF-00333,CUST-1086,EXT-5003,8418.30,EUR,1748109046000,COMPLETED,international,Dinner split
TRF-00334,CUST-1075,CUST-1007,24025.18,SAR,1737412077000,COMPLETED,internal,Car installment
TRF-00335,CUST-1066,CUST-1190,7091.96,SAR,1737283759000,COMPLETED,internal,Wedding contribution
TRF-00336,CUST-1064,CUST-1190,6444.96,SAR,1749987761000,COMPLETED,internal,Gym membership
TRF-00337,CUST-1010,CUST-1082,48865.98,SAR,1737871687000,COMPLETED,internal,Event tickets
TRF-00338,CUST-1046,CUST-1096,32754.20,SAR,1737286398000,FAILED,internal,Uber share
TRF-00339,CUST-1158,EXT-5006,37910.65,USD,1739977803000,COMPLETED,international,Lunch money
TRF-00340,CUST-1054,CUST-1148,11398.97,SAR,1738606825000,COMPLETED,internal,Shared groceries
TRF-00341,CUST-1133,CUST-1030,7924.61,SAR,1747975449000,COMPLETED,internal,Gym membership
TRF-00342,CUST-1086,EXT-5087,6320.76,SAR,1740787359000,COMPLETED,local_bank,Medical bill
TRF-00343,CUST-1103,CUST-1198,30474.50,USD,1742866350000,COMPLETED,internal,Shared groceries
TRF-00344,CUST-1068,EXT-5066,9674.40,SAR,1738599414000,PROCESSING,local_bank,Salary advance
TRF-00345,CUST-1187,EXT-5046,37520.21,SAR,1746360138000,FAILED,local_bank,Charity donation
TRF-00346,CUST-1161,CUST-1071,27511.82,SAR,1746166012000,COMPLETED,internal,Shared groceries
TRF-00347,CUST-1160,EXT-5030,41743.61,SAR,1737227835000,COMPLETED,local_bank,Furniture split
TRF-00348,CUST-1046,CUST-1104,16632.46,SAR,1749890153000,COMPLETED,internal,Gym membership
TRF-00349,CUST-1125,EXT-5050,39378.84,GBP,1750314193000,FAILED,international,Medical bill
TRF-00350,CUST-1016,EXT-5054,5270.27,SAR,1743613535000,COMPLETED,local_bank,School tuition
TRF-00351,CUST-1064,EXT-5075,7971.11,SAR,1750411828000,COMPLETED,local_bank,Grocery share
TRF-00352,CUST-1070,EXT-5051,33349.50,GBP,1741354170000,COMPLETED,international,Travel booking
TRF-00353,CUST-1149,EXT-5089,6372.82,AED,1746312037000,PROCESSING,international,Investment transfer
TRF-00354,CUST-1142,CUST-1192,14488.91,SAR,1750399628000,PROCESSING,internal,Grocery share
TRF-00355,CUST-1100,EXT-5076,5171.86,SAR,1743648575000,COMPLETED,local_bank,Shared groceries
TRF-00356,CUST-1165,EXT-5083,20923.20,SAR,1738979386000,PROCESSING,local_bank,Cleaning service
TRF-00357,CUST-1141,CUST-1083,47009.91,SAR,1740491072000,COMPLETED,internal,Travel booking
TRF-00358,CUST-1085,EXT-5096,33441.11,SAR,1736120859000,COMPLETED,local_bank,Coffee money
TRF-00359,CUST-1026,EXT-5094,14808.79,SAR,1743574216000,COMPLETED,local_bank,Cleaning service
TRF-00360,CUST-1061,EXT-5078,37948.26,SAR,1748887968000,FAILED,local_bank,Car installment
TRF-00361,CUST-1107,CUST-1091,33693.80,USD,1744072569000,COMPLETED,internal,Dinner split
TRF-00362,CUST-1101,EXT-5084,23100.61,SAR,1736172746000,COMPLETED,local_bank,Rent share
TRF-00363,CUST-1128,CUST-1122,2955.95,SAR,1747274093000,COMPLETED,internal,Grocery share
TRF-00364,CUST-1198,CUST-1025,30681.09,SAR,1749344148000,COMPLETED,internal,Travel booking
TRF-00365,CUST-1183,CUST-1143,19336.01,USD,1740297786000,COMPLETED,internal,Freelancer payment
TRF-00366,CUST-1031,CUST-1032,19917.61,EUR,1738978440000,COMPLETED,internal,Grocery share
TRF-00367,CUST-1077,EXT-5057,32125.79,GBP,1749743620000,COMPLETED,international,Uber share
TRF-00368,CUST-1149,EXT-5022,35129.54,SAR,1741461692000,PROCESSING,local_bank,Loan repayment
TRF-00369,CUST-1053,CUST-1154,6943.34,SAR,1745498402000,COMPLETED,internal,Cleaning service
TRF-00370,CUST-1077,CUST-1056,28637.15,SAR,1744165415000,FAILED,internal,Car installment
TRF-00371,CUST-1171,CUST-1047,35128.77,SAR,1742112565000,PROCESSING,internal,Lunch money
TRF-00372,CUST-1146,EXT-5012,22580.38,SAR,1746957030000,COMPLETED,local_bank,Wedding contribution
TRF-00373,CUST-1175,EXT-5029,11041.48,SAR,1737543623000,COMPLETED,local_bank,Dinner split
TRF-00374,CUST-1100,CUST-1044,38670.13,SAR,1736144442000,COMPLETED,internal,Loan repayment
TRF-00375,CUST-1199,EXT-5032,36571.77,GBP,1736250935000,PROCESSING,international,Grocery share
TRF-00376,CUST-1021,CUST-1058,48603.42,SAR,1739296953000,COMPLETED,internal,Internet bill
TRF-00377,CUST-1171,EXT-5062,10263.87,SAR,1747182117000,COMPLETED,local_bank,Travel booking
TRF-00378,CUST-1026,CUST-1012,27279.31,USD,1747277817000,COMPLETED,internal,Car installment
TRF-00379,CUST-1187,CUST-1019,24686.25,USD,1739314837000,COMPLETED,internal,Car installment
TRF-00380,CUST-1065,EXT-5012,530.99,SAR,1740429106000,COMPLETED,local_bank,Cleaning service
TRF-00381,CUST-1182,EXT-5085,38585.24,SAR,1736480335000,COMPLETED,local_bank,Cleaning service
TRF-00382,CUST-1042,CUST-1039,41541.38,SAR,1742682342000,COMPLETED,internal,Internet bill
TRF-00383,CUST-1031,EXT-5070,37402.01,GBP,1736896293000,FAILED,local_bank,Business invoice
TRF-00384,CUST-1011,CUST-1075,47739.11,SAR,1748592362000,COMPLETED,internal,Gym membership
TRF-00385,CUST-1129,EXT-5043,44408.88,GBP,1736687585000,COMPLETED,international,Birthday gift
TRF-00386,CUST-1051,CUST-1109,23907.99,SAR,1746941342000,COMPLETED,internal,Charity donation
TRF-00387,CUST-1152,CUST-1053,19114.06,AED,1737021850000,COMPLETED,internal,Coffee money
TRF-00388,CUST-1124,CUST-1180,39537.88,USD,1737628659000,COMPLETED,internal,Parking fee
TRF-00389,CUST-1035,EXT-5013,46311.88,GBP,1749384332000,COMPLETED,international,Gift money
TRF-00390,CUST-1078,EXT-5086,8086.98,USD,1744419211000,COMPLETED,local_bank,Coffee money
TRF-00391,CUST-1168,CUST-1075,6634.68,SAR,1744635019000,COMPLETED,internal,Gas split
TRF-00392,CUST-1162,CUST-1082,24234.10,SAR,1747375881000,COMPLETED,internal,Grocery share
TRF-00393,CUST-1156,CUST-1112,25508.72,SAR,1743917655000,COMPLETED,internal,Lunch money
TRF-00394,CUST-1110,CUST-1155,27709.85,SAR,1737019394000,COMPLETED,internal,Internet bill
TRF-00395,CUST-1164,EXT-5039,5568.83,SAR,1742040139000,COMPLETED,local_bank,Coffee money
TRF-00396,CUST-1148,CUST-1044,7596.07,SAR,1741526761000,COMPLETED,internal,Parking fee
TRF-00397,CUST-1013,CUST-1182,46004.86,SAR,1739336393000,COMPLETED,internal,Salary advance
TRF-00398,CUST-1106,EXT-5085,33097.86,SAR,1742200953000,COMPLETED,local_bank,Wedding contribution
TRF-00399,CUST-1141,CUST-1089,49917.03,SAR,1738626807000,PROCESSING,internal,Cleaning service
TRF-00400,CUST-1128,EXT-5040,6955.14,USD,1741777296000,COMPLETED,international,Charity donation
TRF-00401,CUST-1185,CUST-1182,27144.75,SAR,1747503157000,FAILED,internal,Gym membership
TRF-00402,CUST-1134,EXT-5046,30229.41,SAR,1744183139000,COMPLETED,local_bank,Business invoice
TRF-00403,CUST-1057,CUST-1008,29546.45,SAR,1746226100000,FAILED,internal,Uber share
TRF-00404,CUST-1088,EXT-5058,33173.77,SAR,1742425002000,COMPLETED,local_bank,Insurance premium
TRF-00405,CUST-1094,EXT-5065,42588.37,EUR,1738773290000,COMPLETED,international,Cleaning service
TRF-00406,CUST-1186,CUST-1117,20216.32,SAR,1748436558000,FAILED,internal,Insurance premium
TRF-00407,CUST-1104,CUST-1007,43699.50,SAR,1743675249000,COMPLETED,internal,Event tickets
TRF-00408,CUST-1011,CUST-1076,32698.94,USD,1740286980000,COMPLETED,internal,Movie tickets
TRF-00409,CUST-1057,CUST-1097,47786.49,SAR,1742745260000,COMPLETED,internal,Gym membership
TRF-00410,CUST-1011,EXT-5066,43848.67,USD,1735739952000,FAILED,international,Movie tickets
TRF-00411,CUST-1106,EXT-5070,33619.07,SAR,1749171153000,PROCESSING,local_bank,Dinner split
TRF-00412,CUST-1125,CUST-1138,23590.90,SAR,1738509369000,COMPLETED,internal,Medical bill
TRF-00413,CUST-1185,CUST-1032,39639.25,SAR,1738389198000,COMPLETED,internal,School tuition
TRF-00414,CUST-1037,EXT-5019,27807.76,SAR,1740445594000,COMPLETED,local_bank,Travel booking
TRF-00415,CUST-1072,EXT-5042,26305.18,USD,1741687231000,COMPLETED,local_bank,Investment transfer
TRF-00416,CUST-1153,CUST-1009,4622.55,SAR,1747863922000,PROCESSING,internal,Travel booking
TRF-00417,CUST-1069,EXT-5078,11416.37,USD,1750608959000,COMPLETED,local_bank,Furniture split
TRF-00418,CUST-1030,CUST-1089,41303.87,SAR,1748669454000,COMPLETED,internal,Freelancer payment
TRF-00419,CUST-1082,EXT-5057,38309.51,EUR,1744584602000,COMPLETED,international,Gift money
TRF-00420,CUST-1002,EXT-5038,35013.44,SAR,1746834051000,COMPLETED,local_bank,Charity donation
TRF-00421,CUST-1143,CUST-1154,26214.30,SAR,1736172473000,COMPLETED,internal,Internet bill
TRF-00422,CUST-1139,CUST-1019,15012.10,SAR,1746115229000,COMPLETED,internal,Internet bill
TRF-00423,CUST-1183,CUST-1063,30667.09,SAR,1750301603000,PROCESSING,internal,Gift money
TRF-00424,CUST-1196,EXT-5098,46492.45,AED,1740088717000,COMPLETED,local_bank,Charity donation
TRF-00425,CUST-1143,EXT-5059,44190.46,SAR,1737844862000,COMPLETED,local_bank,Salary advance
TRF-00426,CUST-1045,CUST-1165,27777.72,SAR,1745916981000,COMPLETED,internal,Rent share
TRF-00427,CUST-1099,CUST-1194,49067.13,SAR,1745064980000,FAILED,internal,Furniture split
TRF-00428,CUST-1007,EXT-5030,33385.04,USD,1737315609000,COMPLETED,international,Movie tickets
TRF-00429,CUST-1170,EXT-5093,22237.19,AED,1751075457000,COMPLETED,local_bank,Movie tickets
TRF-00430,CUST-1185,EXT-5077,15953.64,SAR,1741251323000,COMPLETED,local_bank,Birthday gift
TRF-00431,CUST-1089,EXT-5048,15309.99,SAR,1748566316000,COMPLETED,local_bank,Travel booking
TRF-00432,CUST-1195,CUST-1048,36831.17,SAR,1749672937000,COMPLETED,internal,Business invoice
TRF-00433,CUST-1111,EXT-5082,14908.89,SAR,1750675334000,COMPLETED,local_bank,Medical bill
TRF-00434,CUST-1156,EXT-5055,3343.21,SAR,1736495607000,COMPLETED,local_bank,Birthday gift
TRF-00435,CUST-1108,EXT-5031,37809.74,SAR,1741911019000,COMPLETED,local_bank,Parking fee
TRF-00436,CUST-1012,CUST-1103,22213.53,SAR,1737246597000,COMPLETED,internal,Wedding contribution
TRF-00437,CUST-1170,EXT-5009,44946.93,SAR,1736665313000,COMPLETED,local_bank,Insurance premium
TRF-00438,CUST-1057,EXT-5003,9730.62,SAR,1747806813000,COMPLETED,local_bank,Business invoice
TRF-00439,CUST-1158,CUST-1164,19894.51,SAR,1740201397000,COMPLETED,internal,Eid gift
TRF-00440,CUST-1199,EXT-5024,43823.21,SAR,1735835916000,COMPLETED,local_bank,Lunch money
TRF-00441,CUST-1173,CUST-1062,45048.70,SAR,1738603462000,COMPLETED,internal,Lunch money
TRF-00442,CUST-1132,CUST-1197,4010.03,SAR,1747581195000,COMPLETED,internal,Lunch money
TRF-00443,CUST-1029,EXT-5043,30021.63,AED,1741179088000,COMPLETED,international,Birthday gift
TRF-00444,CUST-1081,EXT-5037,29252.10,USD,1736165487000,COMPLETED,local_bank,Shared groceries
TRF-00445,CUST-1128,EXT-5049,13884.75,SAR,1741871894000,COMPLETED,local_bank,Salary advance
TRF-00446,CUST-1062,EXT-5028,31032.92,EUR,1741352043000,FAILED,international,Business invoice
TRF-00447,CUST-1075,CUST-1047,42417.69,AED,1741087322000,FAILED,internal,Travel booking
TRF-00448,CUST-1036,EXT-5050,13983.91,SAR,1750973722000,COMPLETED,local_bank,Business invoice
TRF-00449,CUST-1112,EXT-5024,34511.03,AED,1745746710000,COMPLETED,local_bank,Eid gift
TRF-00450,CUST-1041,CUST-1125,7857.15,SAR,1738011657000,COMPLETED,internal,Rent share
TRF-00451,CUST-1078,CUST-1105,46381.28,SAR,1738649173000,COMPLETED,internal,Insurance premium
TRF-00452,CUST-1176,CUST-1152,20311.95,SAR,1745814312000,COMPLETED,internal,Charity donation
TRF-00453,CUST-1002,EXT-5029,40972.14,GBP,1748287284000,COMPLETED,local_bank,Freelancer payment
TRF-00454,CUST-1032,CUST-1151,2267.43,SAR,1744601819000,PROCESSING,internal,Movie tickets
TRF-00455,CUST-1092,CUST-1048,20905.16,SAR,1746943432000,COMPLETED,internal,Salary advance
TRF-00456,CUST-1028,EXT-5031,10590.20,SAR,1746063815000,COMPLETED,local_bank,Charity donation
TRF-00457,CUST-1155,EXT-5011,113.06,SAR,1746519023000,COMPLETED,local_bank,Shared groceries
TRF-00458,CUST-1182,EXT-5083,4981.51,SAR,1738135646000,COMPLETED,local_bank,Movie tickets
TRF-00459,CUST-1088,CUST-1184,14045.84,SAR,1743940639000,COMPLETED,internal,Medical bill
TRF-00460,CUST-1190,CUST-1091,15462.13,EUR,1747877414000,COMPLETED,internal,Investment transfer
TRF-00461,CUST-1160,CUST-1059,39698.15,SAR,1741455921000,PROCESSING,internal,Coffee money
TRF-00462,CUST-1056,CUST-1191,48119.03,SAR,1746598914000,FAILED,internal,Eid gift
TRF-00463,CUST-1120,EXT-5099,16581.57,SAR,1740541506000,COMPLETED,local_bank,Uber share
TRF-00464,CUST-1074,CUST-1114,37007.10,SAR,1745995760000,COMPLETED,internal,Grocery share
TRF-00465,CUST-1091,CUST-1174,45622.77,SAR,1751113783000,COMPLETED,internal,Event tickets
TRF-00466,CUST-1116,EXT-5055,35577.81,EUR,1741386340000,COMPLETED,local_bank,Insurance premium
TRF-00467,CUST-1046,EXT-5061,37985.69,SAR,1736804736000,COMPLETED,local_bank,Rent share
TRF-00468,CUST-1148,CUST-1142,35017.66,SAR,1741070439000,COMPLETED,internal,Travel booking
TRF-00469,CUST-1015,EXT-5085,36070.85,SAR,1736686920000,COMPLETED,local_bank,Gift money
TRF-00470,CUST-1063,CUST-1173,23928.24,SAR,1744861122000,FAILED,internal,Internet bill
TRF-00471,CUST-1114,CUST-1099,23896.39,SAR,1742855968000,COMPLETED,internal,Birthday gift
TRF-00472,CUST-1063,CUST-1039,24319.86,SAR,1744727854000,COMPLETED,internal,Investment transfer
TRF-00473,CUST-1040,CUST-1036,31791.59,SAR,1747766141000,COMPLETED,internal,Cleaning service
TRF-00474,CUST-1132,CUST-1107,24904.03,SAR,1737077029000,COMPLETED,internal,Gas split
TRF-00475,CUST-1039,EXT-5040,2011.72,SAR,1748202281000,COMPLETED,local_bank,Eid gift
TRF-00476,CUST-1087,EXT-5032,43686.34,EUR,1747473837000,FAILED,international,Car installment
TRF-00477,CUST-1054,CUST-1067,29975.92,SAR,1746187529000,COMPLETED,internal,Gas split
TRF-00478,CUST-1098,CUST-1157,48545.23,SAR,1748345023000,COMPLETED,internal,Furniture split
TRF-00479,CUST-1067,CUST-1126,10093.25,SAR,1747137827000,COMPLETED,internal,Wedding contribution
TRF-00480,CUST-1088,EXT-5010,17047.95,USD,1739210804000,COMPLETED,local_bank,Gift money
TRF-00481,CUST-1011,CUST-1026,33368.27,SAR,1736191317000,COMPLETED,internal,Coffee money
TRF-00482,CUST-1091,CUST-1180,14648.93,SAR,1742914765000,COMPLETED,internal,Gas split
TRF-00483,CUST-1057,CUST-1017,24397.71,USD,1740374146000,COMPLETED,internal,Insurance premium
TRF-00484,CUST-1057,CUST-1126,18277.92,EUR,1742263294000,COMPLETED,internal,Internet bill
TRF-00485,CUST-1193,CUST-1158,20542.53,SAR,1744556454000,COMPLETED,internal,Medical bill
TRF-00486,CUST-1076,EXT-5055,13941.32,SAR,1749136972000,COMPLETED,local_bank,Lunch money
TRF-00487,CUST-1182,CUST-1031,20345.73,SAR,1737999162000,COMPLETED,internal,Rent share
TRF-00488,CUST-1106,EXT-5017,20946.14,EUR,1742109374000,COMPLETED,local_bank,Internet bill
TRF-00489,CUST-1086,CUST-1037,2721.29,USD,1742757375000,PROCESSING,internal,Gift money
TRF-00490,CUST-1193,EXT-5054,8974.36,SAR,1739564900000,PROCESSING,local_bank,Birthday gift
TRF-00491,CUST-1180,CUST-1158,38883.53,SAR,1740000865000,FAILED,internal,Parking fee
TRF-00492,CUST-1069,CUST-1019,5521.25,SAR,1743015490000,FAILED,internal,Insurance premium
TRF-00493,CUST-1002,CUST-1038,14642.44,SAR,1743960743000,COMPLETED,internal,Travel booking
TRF-00494,CUST-1177,EXT-5086,14350.86,USD,1741468675000,COMPLETED,international,Uber share
TRF-00495,CUST-1146,EXT-5018,43202.31,SAR,1740569715000,FAILED,local_bank,Cleaning service
TRF-00496,CUST-1014,EXT-5004,32490.01,SAR,1744569287000,COMPLETED,local_bank,Car installment
TRF-00497,CUST-1075,EXT-5072,47342.24,SAR,1738098625000,PROCESSING,local_bank,School tuition
TRF-00498,CUST-1050,EXT-5083,7811.44,SAR,1736623606000,COMPLETED,local_bank,Furniture split
TRF-00499,CUST-1181,CUST-1082,46127.22,SAR,1743873668000,COMPLETED,internal,Grocery share
TRF-00500,CUST-1187,EXT-5002,20355.74,SAR,1739368517000,FAILED,local_bank,Gift money
TRF-00501,CUST-1134,EXT-5026,3377.51,SAR,1738002995000,COMPLETED,local_bank,Rent share
TRF-00502,CUST-1013,EXT-5087,6333.74,GBP,1749387576000,COMPLETED,international,Grocery share
TRF-00503,CUST-1140,CUST-1053,10633.69,GBP,1749924590000,COMPLETED,internal,Event tickets
TRF-00504,CUST-1148,CUST-1006,25480.35,AED,1747277524000,COMPLETED,internal,Business invoice
TRF-00505,CUST-1104,EXT-5093,4298.84,SAR,1739152691000,COMPLETED,local_bank,Rent share
TRF-00506,CUST-1086,EXT-5087,45868.55,SAR,1750621470000,COMPLETED,local_bank,Parking fee
TRF-00507,CUST-1154,CUST-1007,18529.88,SAR,1742717195000,COMPLETED,internal,Investment transfer
TRF-00508,CUST-1184,CUST-1030,7287.11,USD,1746108048000,COMPLETED,internal,Grocery share
TRF-00509,CUST-1024,EXT-5028,41245.26,SAR,1750610504000,COMPLETED,local_bank,Car installment
TRF-00510,CUST-1028,CUST-1075,23764.92,SAR,1748883864000,COMPLETED,internal,Furniture split
TRF-00511,CUST-1177,EXT-5083,10844.69,USD,1744472363000,PROCESSING,international,Medical bill
TRF-00512,CUST-1148,EXT-5097,1795.76,SAR,1739965302000,FAILED,local_bank,Car installment
TRF-00513,CUST-1016,CUST-1016,3203.08,SAR,1742488360000,COMPLETED,internal,Parking fee
TRF-00514,CUST-1131,CUST-1020,41683.56,SAR,1738885710000,COMPLETED,internal,Cleaning service
TRF-00515,CUST-1168,CUST-1071,10869.90,SAR,1740888274000,COMPLETED,internal,Birthday gift
TRF-00516,CUST-1091,EXT-5007,31227.03,SAR,1735884099000,COMPLETED,local_bank,Internet bill
TRF-00517,CUST-1104,EXT-5041,22374.46,SAR,1743853881000,COMPLETED,local_bank,Travel booking
TRF-00518,CUST-1068,CUST-1024,30413.84,EUR,1738278971000,COMPLETED,internal,Coffee money
TRF-00519,CUST-1169,CUST-1104,26360.49,USD,1745056745000,FAILED,internal,Furniture split
TRF-00520,CUST-1053,EXT-5090,4679.51,SAR,1741819734000,COMPLETED,local_bank,Internet bill
TRF-00521,CUST-1100,EXT-5067,5650.01,EUR,1745224445000,COMPLETED,local_bank,Charity donation
TRF-00522,CUST-1099,EXT-5046,35643.21,SAR,1739070804000,FAILED,local_bank,Freelancer payment
TRF-00523,CUST-1041,EXT-5009,2093.80,SAR,1741065329000,COMPLETED,local_bank,Birthday gift
TRF-00524,CUST-1138,CUST-1096,17833.29,SAR,1744727307000,COMPLETED,internal,Investment transfer
TRF-00525,CUST-1090,EXT-5042,7506.06,SAR,1741883552000,COMPLETED,local_bank,Insurance premium
TRF-00526,CUST-1062,CUST-1149,38525.48,SAR,1744225020000,COMPLETED,internal,Lunch money
TRF-00527,CUST-1041,CUST-1103,4722.27,SAR,1750869252000,PROCESSING,internal,Furniture split
TRF-00528,CUST-1124,CUST-1144,34069.16,SAR,1744732464000,COMPLETED,internal,Internet bill
TRF-00529,CUST-1109,EXT-5071,43451.66,SAR,1735754549000,PROCESSING,local_bank,Freelancer payment
TRF-00530,CUST-1002,CUST-1132,7887.94,SAR,1749532280000,COMPLETED,internal,Shared groceries
TRF-00531,CUST-1123,EXT-5050,12759.76,EUR,1736850637000,FAILED,international,Insurance premium
TRF-00532,CUST-1190,EXT-5008,43740.64,EUR,1741900316000,COMPLETED,international,Wedding contribution
TRF-00533,CUST-1028,CUST-1002,23361.12,USD,1738877510000,COMPLETED,internal,Travel booking
TRF-00534,CUST-1145,EXT-5017,42120.08,USD,1746397907000,COMPLETED,local_bank,Grocery share
TRF-00535,CUST-1058,EXT-5092,47507.05,USD,1748989140000,COMPLETED,local_bank,Charity donation
TRF-00536,CUST-1117,EXT-5097,7019.03,GBP,1737834441000,FAILED,international,Uber share
TRF-00537,CUST-1124,EXT-5065,9928.99,AED,1748768933000,COMPLETED,local_bank,Salary advance
TRF-00538,CUST-1003,EXT-5011,2412.02,SAR,1738057316000,PROCESSING,local_bank,Gas split
TRF-00539,CUST-1072,CUST-1050,14520.47,SAR,1739316451000,FAILED,internal,Salary advance
TRF-00540,CUST-1090,EXT-5085,49272.93,AED,1737258378000,PROCESSING,international,Business invoice
TRF-00541,CUST-1183,EXT-5016,29132.39,SAR,1743647161000,COMPLETED,local_bank,Loan repayment
TRF-00542,CUST-1094,EXT-5079,20137.77,AED,1743320377000,COMPLETED,international,Lunch money
TRF-00543,CUST-1011,EXT-5079,18887.61,SAR,1750018192000,COMPLETED,local_bank,Freelancer payment
TRF-00544,CUST-1074,EXT-5035,7625.43,GBP,1749505240000,COMPLETED,international,Gift money
TRF-00545,CUST-1173,CUST-1175,9821.87,SAR,1743381347000,FAILED,internal,Freelancer payment
TRF-00546,CUST-1178,CUST-1033,28976.98,USD,1748433494000,COMPLETED,internal,School tuition
TRF-00547,CUST-1160,EXT-5002,34667.04,GBP,1743705948000,FAILED,international,School tuition
TRF-00548,CUST-1108,CUST-1196,24647.16,SAR,1746425273000,COMPLETED,internal,Dinner split
TRF-00549,CUST-1022,CUST-1010,4818.17,SAR,1736844101000,COMPLETED,internal,Furniture split
TRF-00550,CUST-1039,EXT-5002,1644.51,SAR,1742415528000,COMPLETED,local_bank,Travel booking
TRF-00551,CUST-1147,EXT-5027,45487.66,AED,1745709450000,COMPLETED,international,Gas split
TRF-00552,CUST-1143,CUST-1057,25384.93,SAR,1747653202000,COMPLETED,internal,Insurance premium
TRF-00553,CUST-1126,CUST-1154,14191.56,SAR,1742442270000,COMPLETED,internal,Investment transfer
TRF-00554,CUST-1024,CUST-1099,44813.36,SAR,1744160888000,COMPLETED,internal,Cleaning service
TRF-00555,CUST-1100,CUST-1174,40617.53,USD,1736067365000,COMPLETED,internal,Car installment
TRF-00556,CUST-1127,EXT-5018,21169.90,AED,1738136113000,PROCESSING,international,Medical bill
TRF-00557,CUST-1037,CUST-1101,13200.84,SAR,1750593267000,COMPLETED,internal,Parking fee
TRF-00558,CUST-1043,EXT-5064,140.66,GBP,1749282505000,COMPLETED,international,Furniture split
TRF-00559,CUST-1189,EXT-5085,33206.90,AED,1737131292000,COMPLETED,international,Event tickets
TRF-00560,CUST-1192,CUST-1005,29465.52,SAR,1745068888000,PROCESSING,internal,Birthday gift
TRF-00561,CUST-1072,CUST-1037,5735.93,SAR,1746612552000,COMPLETED,internal,Uber share
TRF-00562,CUST-1015,EXT-5090,49417.71,SAR,1741055609000,COMPLETED,local_bank,Gas split
TRF-00563,CUST-1168,CUST-1098,38133.73,SAR,1750723967000,COMPLETED,internal,Coffee money
TRF-00564,CUST-1004,CUST-1015,1895.44,SAR,1736561781000,COMPLETED,internal,Movie tickets
TRF-00565,CUST-1153,EXT-5031,22173.93,SAR,1737594298000,PROCESSING,local_bank,Rent share
TRF-00566,CUST-1080,EXT-5006,32188.42,SAR,1739551913000,COMPLETED,local_bank,Furniture split
TRF-00567,CUST-1072,CUST-1086,47166.82,SAR,1748362344000,COMPLETED,internal,Business invoice
TRF-00568,CUST-1175,CUST-1160,2477.95,SAR,1740086622000,PROCESSING,internal,School tuition
TRF-00569,CUST-1163,EXT-5054,12129.65,SAR,1742686622000,COMPLETED,local_bank,Shared groceries
TRF-00570,CUST-1137,EXT-5004,40540.62,SAR,1738036755000,COMPLETED,local_bank,Event tickets
TRF-00571,CUST-1163,EXT-5067,42653.95,SAR,1750194732000,PROCESSING,local_bank,Investment transfer
TRF-00572,CUST-1078,EXT-5059,38457.49,GBP,1749885816000,COMPLETED,international,Gas split
TRF-00573,CUST-1089,EXT-5029,1826.43,USD,1741535157000,FAILED,international,Travel booking
TRF-00574,CUST-1055,EXT-5100,43102.28,USD,1742941069000,COMPLETED,international,Internet bill
TRF-00575,CUST-1052,EXT-5058,14517.89,SAR,1738022958000,COMPLETED,local_bank,Travel booking
TRF-00576,CUST-1150,CUST-1192,33366.63,SAR,1745852572000,COMPLETED,internal,Charity donation
TRF-00577,CUST-1105,EXT-5046,20282.75,USD,1743833136000,COMPLETED,international,Charity donation
TRF-00578,CUST-1177,CUST-1131,19912.44,SAR,1750743766000,COMPLETED,internal,Event tickets
TRF-00579,CUST-1136,EXT-5028,11817.01,SAR,1744821737000,COMPLETED,local_bank,Parking fee
TRF-00580,CUST-1171,EXT-5046,43956.10,AED,1748803897000,FAILED,international,Shared groceries
TRF-00581,CUST-1118,EXT-5023,9211.93,SAR,1742934442000,COMPLETED,local_bank,Eid gift
TRF-00582,CUST-1132,EXT-5066,22382.84,EUR,1742344331000,COMPLETED,international,Loan repayment
TRF-00583,CUST-1084,CUST-1048,32044.78,SAR,1747019833000,PROCESSING,internal,Travel booking
TRF-00584,CUST-1156,CUST-1119,29190.76,SAR,1749241895000,COMPLETED,internal,Investment transfer
TRF-00585,CUST-1138,CUST-1035,31128.12,SAR,1743740031000,COMPLETED,internal,Gift money
TRF-00586,CUST-1112,CUST-1155,19015.29,USD,1736100782000,COMPLETED,internal,Movie tickets
TRF-00587,CUST-1049,EXT-5048,26614.73,EUR,1741002250000,COMPLETED,local_bank,Internet bill
TRF-00588,CUST-1019,EXT-5038,5476.93,AED,1748776914000,COMPLETED,international,Birthday gift
TRF-00589,CUST-1124,EXT-5075,3507.85,SAR,1749485858000,COMPLETED,local_bank,Investment transfer
TRF-00590,CUST-1091,EXT-5045,26723.82,USD,1743087883000,COMPLETED,local_bank,Cleaning service
TRF-00591,CUST-1030,CUST-1135,2813.56,SAR,1746608959000,COMPLETED,internal,Grocery share
TRF-00592,CUST-1012,CUST-1184,13101.89,SAR,1745650604000,PROCESSING,internal,Cleaning service
TRF-00593,CUST-1047,EXT-5058,44450.79,SAR,1741547392000,FAILED,local_bank,Eid gift
TRF-00594,CUST-1013,EXT-5030,38699.33,SAR,1745571495000,COMPLETED,local_bank,Rent share
TRF-00595,CUST-1032,CUST-1188,17001.37,USD,1735903737000,COMPLETED,internal,Cleaning service
TRF-00596,CUST-1130,EXT-5081,13769.10,SAR,1745272603000,PROCESSING,local_bank,Rent share
TRF-00597,CUST-1103,EXT-5083,7470.25,SAR,1738721728000,COMPLETED,local_bank,School tuition
TRF-00598,CUST-1049,EXT-5078,5962.12,SAR,1745090953000,COMPLETED,local_bank,Loan repayment
TRF-00599,CUST-1044,CUST-1004,24928.76,SAR,1738963446000,COMPLETED,internal,Gift money
TRF-00600,CUST-1067,CUST-1099,21179.49,SAR,1740037133000,FAILED,internal,Coffee money
TRF-00601,CUST-1147,EXT-5047,47260.08,SAR,1748006313000,FAILED,local_bank,Lunch money
TRF-00602,CUST-1007,EXT-5042,40339.91,USD,1748473778000,COMPLETED,international,Lunch money
TRF-00603,CUST-1101,EXT-5077,20406.26,SAR,1748714240000,COMPLETED,local_bank,Gym membership
TRF-00604,CUST-1013,EXT-5049,39451.40,AED,1741753856000,FAILED,international,Lunch money
TRF-00605,CUST-1065,CUST-1057,36230.43,SAR,1740391553000,COMPLETED,internal,Cleaning service
TRF-00606,CUST-1110,EXT-5069,20947.47,SAR,1750342060000,COMPLETED,local_bank,Freelancer payment
TRF-00607,CUST-1171,EXT-5035,28082.60,GBP,1750042607000,COMPLETED,international,Event tickets
TRF-00608,CUST-1091,EXT-5071,31502.75,AED,1750017883000,COMPLETED,local_bank,Movie tickets
TRF-00609,CUST-1127,CUST-1112,41495.22,EUR,1744366038000,COMPLETED,internal,School tuition
TRF-00610,CUST-1040,CUST-1170,23643.39,USD,1744482467000,COMPLETED,internal,Rent share
TRF-00611,CUST-1131,EXT-5038,38659.25,SAR,1746591445000,COMPLETED,local_bank,Grocery share
TRF-00612,CUST-1157,EXT-5028,32444.91,SAR,1740728416000,COMPLETED,local_bank,Gas split
TRF-00613,CUST-1187,EXT-5077,43327.36,SAR,1736213797000,COMPLETED,local_bank,Rent share
TRF-00614,CUST-1196,EXT-5040,18065.30,USD,1747770659000,COMPLETED,international,Business invoice
TRF-00615,CUST-1045,EXT-5035,8267.60,SAR,1749481948000,COMPLETED,local_bank,Salary advance
TRF-00616,CUST-1118,CUST-1072,49290.72,SAR,1745803991000,PROCESSING,internal,Freelancer payment
TRF-00617,CUST-1146,CUST-1179,11371.55,SAR,1748065486000,COMPLETED,internal,Internet bill
TRF-00618,CUST-1037,EXT-5041,39425.56,SAR,1741476572000,FAILED,local_bank,Cleaning service
TRF-00619,CUST-1176,CUST-1062,1438.58,SAR,1742757521000,COMPLETED,internal,Birthday gift
TRF-00620,CUST-1144,CUST-1029,33832.44,SAR,1747240443000,FAILED,internal,Cleaning service
TRF-00621,CUST-1002,CUST-1088,9257.72,SAR,1745116681000,COMPLETED,internal,Lunch money
TRF-00622,CUST-1054,CUST-1059,6972.07,USD,1743466947000,COMPLETED,internal,Gym membership
TRF-00623,CUST-1198,EXT-5088,41219.96,EUR,1748271724000,COMPLETED,international,Business invoice
TRF-00624,CUST-1195,CUST-1049,36080.32,SAR,1750873046000,COMPLETED,internal,Dinner split
TRF-00625,CUST-1037,CUST-1169,1469.33,SAR,1750257148000,COMPLETED,internal,Loan repayment
TRF-00626,CUST-1092,CUST-1118,7457.87,USD,1742965911000,FAILED,internal,Loan repayment
TRF-00627,CUST-1047,EXT-5045,26183.39,USD,1744002392000,COMPLETED,international,Medical bill
TRF-00628,CUST-1050,EXT-5092,17434.59,SAR,1741423924000,COMPLETED,local_bank,Gym membership
TRF-00629,CUST-1162,EXT-5056,29234.17,USD,1741121220000,COMPLETED,international,Car installment
TRF-00630,CUST-1123,EXT-5039,15640.10,GBP,1747158830000,COMPLETED,international,Furniture split
TRF-00631,CUST-1117,EXT-5005,6794.27,AED,1738810964000,COMPLETED,international,Gas split
TRF-00632,CUST-1028,EXT-5059,22118.67,SAR,1742146178000,COMPLETED,local_bank,Movie tickets
TRF-00633,CUST-1036,CUST-1171,23786.63,SAR,1742782155000,PROCESSING,internal,Uber share
TRF-00634,CUST-1196,EXT-5022,44149.68,GBP,1738598277000,PROCESSING,international,Wedding contribution
TRF-00635,CUST-1008,EXT-5033,25563.09,SAR,1748824354000,FAILED,local_bank,Eid gift
TRF-00636,CUST-1101,CUST-1004,46646.14,SAR,1742794202000,COMPLETED,internal,School tuition
TRF-00637,CUST-1022,EXT-5056,39507.08,SAR,1739622887000,FAILED,local_bank,Business invoice
TRF-00638,CUST-1087,CUST-1112,47051.84,SAR,1740896165000,COMPLETED,internal,Salary advance
TRF-00639,CUST-1183,CUST-1185,29512.75,SAR,1738078835000,COMPLETED,internal,Internet bill
TRF-00640,CUST-1174,EXT-5093,33838.17,EUR,1737359420000,COMPLETED,international,Grocery share
TRF-00641,CUST-1056,CUST-1059,26555.48,USD,1745011428000,COMPLETED,internal,Salary advance
TRF-00642,CUST-1079,EXT-5045,4531.67,USD,1740577191000,FAILED,local_bank,Gift money
TRF-00643,CUST-1015,CUST-1095,12122.16,SAR,1740678318000,COMPLETED,internal,Salary advance
TRF-00644,CUST-1174,CUST-1142,36120.37,SAR,1737478685000,COMPLETED,internal,Gym membership
TRF-00645,CUST-1034,EXT-5047,22083.76,SAR,1743509948000,COMPLETED,local_bank,Business invoice
TRF-00646,CUST-1157,CUST-1029,14647.30,SAR,1736089798000,PROCESSING,internal,Lunch money
TRF-00647,CUST-1161,CUST-1050,26071.65,USD,1747544451000,COMPLETED,internal,Cleaning service
TRF-00648,CUST-1077,CUST-1112,18631.88,USD,1751035849000,COMPLETED,internal,Parking fee
TRF-00649,CUST-1010,EXT-5084,24187.37,AED,1747057169000,FAILED,international,Dinner split
TRF-00650,CUST-1083,CUST-1105,29231.48,SAR,1746972325000,COMPLETED,internal,Business invoice
TRF-00651,CUST-1033,CUST-1087,45486.00,USD,1739266507000,COMPLETED,internal,Medical bill
TRF-00652,CUST-1029,EXT-5019,4178.23,SAR,1736581242000,PROCESSING,local_bank,Medical bill
TRF-00653,CUST-1126,CUST-1159,4906.53,SAR,1744908944000,COMPLETED,internal,Loan repayment
TRF-00654,CUST-1146,CUST-1083,33973.08,SAR,1742982996000,PROCESSING,internal,Charity donation
TRF-00655,CUST-1030,EXT-5004,24371.32,AED,1743099119000,FAILED,international,Lunch money
TRF-00656,CUST-1089,EXT-5095,36452.49,SAR,1741942987000,COMPLETED,local_bank,Salary advance
TRF-00657,CUST-1066,CUST-1082,40445.14,SAR,1738661725000,COMPLETED,internal,Gift money
TRF-00658,CUST-1199,EXT-5049,26041.95,SAR,1745085380000,COMPLETED,local_bank,Travel booking
TRF-00659,CUST-1157,CUST-1055,15490.83,SAR,1741491009000,COMPLETED,internal,Shared groceries
TRF-00660,CUST-1153,CUST-1129,38064.01,SAR,1736474802000,COMPLETED,internal,Cleaning service
TRF-00661,CUST-1200,CUST-1070,39045.75,SAR,1748910638000,COMPLETED,internal,Gym membership
TRF-00662,CUST-1105,EXT-5089,14886.90,GBP,1736836796000,COMPLETED,international,Furniture split
TRF-00663,CUST-1186,CUST-1062,27089.76,SAR,1737297345000,COMPLETED,internal,Car installment
TRF-00664,CUST-1063,EXT-5086,8634.43,SAR,1736495561000,PROCESSING,local_bank,Birthday gift
TRF-00665,CUST-1026,CUST-1063,3014.72,SAR,1744834238000,COMPLETED,internal,Shared groceries
TRF-00666,CUST-1039,CUST-1026,32880.12,SAR,1738518738000,COMPLETED,internal,Coffee money
TRF-00667,CUST-1061,CUST-1009,37014.20,SAR,1747173563000,PROCESSING,internal,Car installment
TRF-00668,CUST-1193,EXT-5050,11120.96,AED,1749790051000,COMPLETED,international,School tuition
TRF-00669,CUST-1138,EXT-5087,4306.83,SAR,1747446570000,COMPLETED,local_bank,School tuition
TRF-00670,CUST-1189,CUST-1154,37456.82,SAR,1745619484000,PROCESSING,internal,Lunch money
TRF-00671,CUST-1166,EXT-5055,2318.19,SAR,1736070536000,COMPLETED,local_bank,Gift money
TRF-00672,CUST-1021,CUST-1179,39029.36,SAR,1743632941000,COMPLETED,internal,Eid gift
TRF-00673,CUST-1030,EXT-5031,18265.54,SAR,1749004557000,COMPLETED,local_bank,Coffee money
TRF-00674,CUST-1168,EXT-5069,5218.94,GBP,1739317881000,COMPLETED,international,Rent share
TRF-00675,CUST-1136,CUST-1021,44108.80,SAR,1745482656000,PROCESSING,internal,Car installment
TRF-00676,CUST-1160,CUST-1165,12984.49,SAR,1741778713000,COMPLETED,internal,Business invoice
TRF-00677,CUST-1121,CUST-1158,16928.19,SAR,1749481459000,COMPLETED,internal,Business invoice
TRF-00678,CUST-1048,EXT-5055,11824.01,SAR,1743167508000,PROCESSING,local_bank,Event tickets
TRF-00679,CUST-1030,EXT-5097,37506.68,AED,1749879997000,COMPLETED,international,School tuition
TRF-00680,CUST-1150,CUST-1103,37111.84,SAR,1748511900000,COMPLETED,internal,Internet bill
TRF-00681,CUST-1199,EXT-5070,1272.72,SAR,1741780186000,COMPLETED,local_bank,Freelancer payment
TRF-00682,CUST-1118,CUST-1051,42605.11,SAR,1743699012000,PROCESSING,internal,Lunch money
TRF-00683,CUST-1012,CUST-1187,34372.66,SAR,1747714574000,PROCESSING,internal,Lunch money
TRF-00684,CUST-1171,CUST-1018,39375.07,SAR,1750539157000,COMPLETED,internal,Shared groceries
TRF-00685,CUST-1127,EXT-5027,52.42,SAR,1747086916000,COMPLETED,local_bank,Car installment
TRF-00686,CUST-1118,EXT-5100,14916.53,SAR,1746184851000,FAILED,local_bank,Dinner split
TRF-00687,CUST-1096,CUST-1076,5643.61,SAR,1742339299000,COMPLETED,internal,Uber share
TRF-00688,CUST-1108,CUST-1107,1370.39,SAR,1739880930000,COMPLETED,internal,Birthday gift
TRF-00689,CUST-1097,EXT-5073,25530.59,SAR,1743786403000,COMPLETED,local_bank,Freelancer payment
TRF-00690,CUST-1097,EXT-5072,11574.02,SAR,1736157309000,COMPLETED,local_bank,Travel booking
TRF-00691,CUST-1057,EXT-5088,32038.42,SAR,1742419535000,PROCESSING,local_bank,School tuition
TRF-00692,CUST-1177,CUST-1196,48776.72,SAR,1748208359000,COMPLETED,internal,Grocery share
TRF-00693,CUST-1181,EXT-5015,8391.68,SAR,1736649624000,COMPLETED,local_bank,Birthday gift
TRF-00694,CUST-1154,CUST-1072,45393.06,SAR,1736519240000,COMPLETED,internal,Uber share
TRF-00695,CUST-1176,CUST-1149,27165.37,SAR,1738540212000,COMPLETED,internal,Medical bill
TRF-00696,CUST-1041,CUST-1123,9637.05,SAR,1737150492000,COMPLETED,internal,Dinner split
TRF-00697,CUST-1115,EXT-5075,32603.66,AED,1749905582000,COMPLETED,international,Birthday gift
TRF-00698,CUST-1174,EXT-5068,39505.03,SAR,1747878837000,COMPLETED,local_bank,Cleaning service
TRF-00699,CUST-1065,EXT-5062,29085.95,USD,1743211942000,FAILED,local_bank,Business invoice
TRF-00700,CUST-1015,CUST-1042,6749.75,AED,1743908814000,COMPLETED,internal,Dinner split
TRF-00701,CUST-1072,EXT-5053,49392.36,SAR,1741654185000,COMPLETED,local_bank,Uber share
TRF-00702,CUST-1025,EXT-5080,5109.25,SAR,1750633772000,COMPLETED,local_bank,Wedding contribution
TRF-00703,CUST-1020,EXT-5028,34238.72,SAR,1750195409000,PROCESSING,local_bank,Birthday gift
TRF-00704,CUST-1105,CUST-1025,10013.81,GBP,1737261444000,COMPLETED,internal,Business invoice
TRF-00705,CUST-1119,CUST-1091,8908.64,SAR,1750220184000,PROCESSING,internal,Wedding contribution
TRF-00706,CUST-1027,EXT-5077,20531.93,SAR,1743869741000,COMPLETED,local_bank,Medical bill
TRF-00707,CUST-1019,CUST-1147,10570.85,USD,1749988852000,FAILED,internal,Furniture split
TRF-00708,CUST-1152,EXT-5075,2687.06,USD,1744581056000,COMPLETED,local_bank,Furniture split
TRF-00709,CUST-1013,CUST-1196,41166.68,SAR,1744064147000,COMPLETED,internal,Wedding contribution
TRF-00710,CUST-1127,CUST-1049,34783.41,SAR,1737610425000,COMPLETED,internal,School tuition
TRF-00711,CUST-1177,CUST-1108,40118.50,AED,1739743776000,COMPLETED,internal,Charity donation
TRF-00712,CUST-1158,EXT-5043,1841.18,SAR,1749903945000,COMPLETED,local_bank,Lunch money
TRF-00713,CUST-1177,EXT-5008,33631.04,SAR,1745768225000,COMPLETED,local_bank,Uber share
TRF-00714,CUST-1076,CUST-1133,25181.07,SAR,1741415952000,FAILED,internal,Wedding contribution
TRF-00715,CUST-1061,EXT-5077,7665.90,USD,1749949691000,COMPLETED,international,Uber share
TRF-00716,CUST-1056,EXT-5081,45539.69,SAR,1748717980000,COMPLETED,local_bank,Dinner split
TRF-00717,CUST-1113,CUST-1018,35031.19,USD,1738773704000,COMPLETED,internal,Travel booking
TRF-00718,CUST-1018,EXT-5095,45162.39,USD,1749628593000,COMPLETED,local_bank,Movie tickets
TRF-00719,CUST-1127,EXT-5023,5323.62,AED,1747476790000,COMPLETED,local_bank,Furniture split
TRF-00720,CUST-1049,EXT-5005,27104.58,SAR,1739596037000,COMPLETED,local_bank,Business invoice
TRF-00721,CUST-1067,CUST-1067,10403.38,SAR,1748640212000,COMPLETED,internal,Gym membership
TRF-00722,CUST-1082,CUST-1025,10889.23,SAR,1736566916000,COMPLETED,internal,School tuition
TRF-00723,CUST-1003,EXT-5061,38760.75,GBP,1746110241000,COMPLETED,international,Cleaning service
TRF-00724,CUST-1151,EXT-5090,18124.50,SAR,1748903607000,COMPLETED,local_bank,Travel booking
TRF-00725,CUST-1119,CUST-1162,36471.70,SAR,1745117962000,PROCESSING,internal,Business invoice
TRF-00726,CUST-1155,CUST-1180,24177.92,SAR,1748704627000,COMPLETED,internal,Birthday gift
TRF-00727,CUST-1167,EXT-5012,3336.46,USD,1739141790000,COMPLETED,international,Business invoice
TRF-00728,CUST-1121,CUST-1110,23916.17,SAR,1737965534000,COMPLETED,internal,Charity donation
TRF-00729,CUST-1169,CUST-1181,570.15,SAR,1751111852000,COMPLETED,internal,Lunch money
TRF-00730,CUST-1034,EXT-5022,36751.41,SAR,1740218503000,COMPLETED,local_bank,Furniture split
TRF-00731,CUST-1158,EXT-5093,40470.81,SAR,1742591168000,FAILED,local_bank,Internet bill
TRF-00732,CUST-1063,CUST-1188,15640.44,SAR,1750808282000,COMPLETED,internal,Dinner split
TRF-00733,CUST-1140,CUST-1167,14516.56,SAR,1738504258000,COMPLETED,internal,Grocery share
TRF-00734,CUST-1142,CUST-1040,33410.98,SAR,1738322159000,FAILED,internal,Gym membership
TRF-00735,CUST-1063,EXT-5048,21966.52,GBP,1741571828000,FAILED,international,Parking fee
TRF-00736,CUST-1024,CUST-1172,21295.58,SAR,1736775026000,COMPLETED,internal,Wedding contribution
TRF-00737,CUST-1071,CUST-1157,14257.51,USD,1740865373000,COMPLETED,internal,Insurance premium
TRF-00738,CUST-1050,EXT-5070,3257.03,SAR,1738912356000,COMPLETED,local_bank,Salary advance
TRF-00739,CUST-1082,CUST-1163,41940.15,SAR,1737248363000,FAILED,internal,Cleaning service
TRF-00740,CUST-1160,CUST-1131,8962.38,AED,1750108512000,COMPLETED,internal,Event tickets
TRF-00741,CUST-1200,CUST-1007,15922.12,SAR,1741043139000,FAILED,internal,Gym membership
TRF-00742,CUST-1047,EXT-5074,1771.28,EUR,1738610016000,COMPLETED,international,Charity donation
TRF-00743,CUST-1098,EXT-5049,30001.42,AED,1748687311000,COMPLETED,international,Investment transfer
TRF-00744,CUST-1089,CUST-1060,4672.59,SAR,1739877515000,COMPLETED,internal,Movie tickets
TRF-00745,CUST-1017,EXT-5070,9601.81,SAR,1747033742000,COMPLETED,local_bank,Movie tickets
TRF-00746,CUST-1160,CUST-1079,32688.71,SAR,1750084753000,COMPLETED,internal,Lunch money
TRF-00747,CUST-1001,CUST-1109,25624.24,SAR,1738833507000,COMPLETED,internal,Wedding contribution
TRF-00748,CUST-1049,CUST-1077,26944.51,SAR,1739542370000,COMPLETED,internal,Gym membership
TRF-00749,CUST-1054,EXT-5048,47853.74,SAR,1744520807000,COMPLETED,local_bank,Wedding contribution
TRF-00750,CUST-1157,CUST-1188,21738.54,SAR,1749241047000,COMPLETED,internal,Coffee money
TRF-00751,CUST-1074,CUST-1073,28105.38,SAR,1742120137000,FAILED,internal,Gift money
TRF-00752,CUST-1142,CUST-1088,13456.74,SAR,1741387086000,COMPLETED,internal,Investment transfer
TRF-00753,CUST-1089,CUST-1195,31683.74,USD,1744457920000,FAILED,internal,Insurance premium
TRF-00754,CUST-1156,CUST-1123,43282.78,USD,1739855542000,COMPLETED,internal,Wedding contribution
TRF-00755,CUST-1155,EXT-5037,16142.57,SAR,1737295128000,COMPLETED,local_bank,Loan repayment
TRF-00756,CUST-1085,CUST-1067,40130.36,SAR,1744457449000,COMPLETED,internal,Rent share
TRF-00757,CUST-1010,EXT-5076,13705.70,GBP,1744917901000,COMPLETED,international,Eid gift
TRF-00758,CUST-1055,CUST-1073,30529.93,SAR,1742426256000,FAILED,internal,Loan repayment
TRF-00759,CUST-1133,EXT-5056,26949.31,SAR,1745402963000,COMPLETED,local_bank,Eid gift
TRF-00760,CUST-1005,EXT-5090,35017.00,SAR,1750025614000,FAILED,local_bank,Rent share
TRF-00761,CUST-1111,EXT-5007,13050.50,SAR,1743069655000,COMPLETED,local_bank,Car installment
TRF-00762,CUST-1007,EXT-5028,39807.93,GBP,1747688337000,COMPLETED,international,Dinner split
TRF-00763,CUST-1087,EXT-5062,20947.38,USD,1747890862000,COMPLETED,local_bank,Rent share
TRF-00764,CUST-1168,CUST-1020,25264.11,SAR,1736017991000,FAILED,internal,Dinner split
TRF-00765,CUST-1099,EXT-5085,28153.13,SAR,1747812158000,FAILED,local_bank,Shared groceries
TRF-00766,CUST-1053,CUST-1178,48277.89,SAR,1745924583000,FAILED,internal,Wedding contribution
TRF-00767,CUST-1148,EXT-5042,48820.48,SAR,1751220402000,COMPLETED,local_bank,Birthday gift
TRF-00768,CUST-1195,CUST-1166,20453.95,SAR,1750054728000,PROCESSING,internal,Investment transfer
TRF-00769,CUST-1059,EXT-5044,6794.36,SAR,1747623054000,PROCESSING,local_bank,Parking fee
TRF-00770,CUST-1068,CUST-1144,23586.73,SAR,1747473315000,COMPLETED,internal,Investment transfer
TRF-00771,CUST-1043,CUST-1115,47948.71,SAR,1749846898000,COMPLETED,internal,Birthday gift
TRF-00772,CUST-1015,EXT-5031,21397.35,AED,1738575289000,PROCESSING,international,Loan repayment
TRF-00773,CUST-1078,EXT-5010,38031.95,SAR,1739866103000,COMPLETED,local_bank,Cleaning service
TRF-00774,CUST-1074,EXT-5032,20366.12,SAR,1745065690000,COMPLETED,local_bank,Event tickets
TRF-00775,CUST-1099,CUST-1083,11044.53,SAR,1747759912000,COMPLETED,internal,Rent share
TRF-00776,CUST-1198,CUST-1196,27468.08,SAR,1742013660000,COMPLETED,internal,Birthday gift
TRF-00777,CUST-1022,EXT-5084,37957.01,SAR,1746461523000,COMPLETED,local_bank,Gas split
TRF-00778,CUST-1095,CUST-1182,17520.40,SAR,1741991435000,PROCESSING,internal,Charity donation
TRF-00779,CUST-1013,CUST-1100,7342.58,SAR,1738942263000,PROCESSING,internal,Wedding contribution
TRF-00780,CUST-1056,CUST-1078,10572.13,SAR,1745663482000,COMPLETED,internal,Loan repayment
TRF-00781,CUST-1131,EXT-5077,11639.13,EUR,1744695405000,COMPLETED,international,Event tickets
TRF-00782,CUST-1039,CUST-1057,33984.58,SAR,1737171835000,COMPLETED,internal,Furniture split
TRF-00783,CUST-1191,CUST-1115,41911.54,USD,1750541883000,COMPLETED,internal,Lunch money
TRF-00784,CUST-1072,CUST-1119,21406.10,SAR,1747006810000,COMPLETED,internal,Parking fee
TRF-00785,CUST-1035,CUST-1063,22230.36,AED,1740936381000,FAILED,internal,Salary advance
TRF-00786,CUST-1131,EXT-5071,30276.62,AED,1749330711000,COMPLETED,local_bank,Gym membership
TRF-00787,CUST-1127,EXT-5048,32506.66,GBP,1740468263000,COMPLETED,international,Furniture split
TRF-00788,CUST-1086,CUST-1151,9521.01,SAR,1748260111000,COMPLETED,internal,Coffee money
TRF-00789,CUST-1065,CUST-1193,23815.15,SAR,1743496068000,COMPLETED,internal,Travel booking
TRF-00790,CUST-1122,CUST-1007,7523.38,SAR,1750217539000,COMPLETED,internal,Wedding contribution
TRF-00791,CUST-1120,CUST-1021,22263.16,SAR,1739033166000,COMPLETED,internal,Car installment
TRF-00792,CUST-1020,CUST-1194,10392.78,SAR,1748713954000,COMPLETED,internal,Salary advance
TRF-00793,CUST-1160,EXT-5008,32171.05,SAR,1736462730000,COMPLETED,local_bank,Gas split
TRF-00794,CUST-1072,EXT-5005,19927.42,GBP,1747858597000,COMPLETED,international,Gift money
TRF-00795,CUST-1062,EXT-5038,12215.87,GBP,1749108797000,COMPLETED,international,Cleaning service
TRF-00796,CUST-1169,EXT-5047,47692.02,SAR,1751009620000,COMPLETED,local_bank,Gas split
TRF-00797,CUST-1174,CUST-1106,1604.26,SAR,1747146669000,FAILED,internal,Grocery share
TRF-00798,CUST-1004,CUST-1067,42774.81,SAR,1745255812000,PROCESSING,internal,Car installment
TRF-00799,CUST-1018,CUST-1189,15390.17,SAR,1748319833000,FAILED,internal,Insurance premium
TRF-00800,CUST-1108,CUST-1021,38271.51,SAR,1744102284000,COMPLETED,internal,Investment transfer
TRF-00801,CUST-1189,EXT-5041,4347.31,GBP,1737390359000,FAILED,local_bank,Parking fee
TRF-00802,CUST-1082,EXT-5028,22396.62,SAR,1740324350000,COMPLETED,local_bank,Wedding contribution
TRF-00803,CUST-1020,CUST-1187,22439.38,SAR,1751169485000,COMPLETED,internal,Medical bill
TRF-00804,CUST-1165,EXT-5083,33449.79,AED,1740391162000,PROCESSING,international,Eid gift
TRF-00805,CUST-1188,EXT-5053,32548.42,SAR,1748798136000,COMPLETED,local_bank,Travel booking
TRF-00806,CUST-1038,EXT-5079,35603.62,GBP,1741870845000,COMPLETED,international,Birthday gift
TRF-00807,CUST-1154,EXT-5048,32098.77,SAR,1736819885000,COMPLETED,local_bank,Furniture split
TRF-00808,CUST-1043,EXT-5030,36502.45,USD,1745316742000,PROCESSING,international,Shared groceries
TRF-00809,CUST-1128,EXT-5037,15784.13,USD,1749741058000,COMPLETED,local_bank,Event tickets
TRF-00810,CUST-1062,EXT-5069,45732.14,SAR,1736807905000,COMPLETED,local_bank,Salary advance
TRF-00811,CUST-1091,CUST-1056,26601.39,USD,1741992251000,COMPLETED,internal,Lunch money
TRF-00812,CUST-1125,CUST-1116,10668.57,USD,1745590456000,COMPLETED,internal,Gym membership
TRF-00813,CUST-1117,EXT-5095,13064.90,EUR,1740702684000,COMPLETED,international,Movie tickets
TRF-00814,CUST-1033,CUST-1049,13130.16,SAR,1737412325000,COMPLETED,internal,Internet bill
TRF-00815,CUST-1192,EXT-5022,39156.72,EUR,1743749738000,FAILED,international,School tuition
TRF-00816,CUST-1092,CUST-1138,34101.11,AED,1748341943000,COMPLETED,internal,Wedding contribution
TRF-00817,CUST-1080,EXT-5062,10197.31,SAR,1739097499000,COMPLETED,local_bank,Car installment
TRF-00818,CUST-1130,EXT-5025,25710.70,GBP,1738963945000,COMPLETED,international,Parking fee
TRF-00819,CUST-1108,EXT-5041,17469.60,USD,1746114241000,COMPLETED,international,Grocery share
TRF-00820,CUST-1138,CUST-1164,5955.18,SAR,1744916199000,COMPLETED,internal,Birthday gift
TRF-00821,CUST-1088,EXT-5080,28871.04,SAR,1740775770000,PROCESSING,local_bank,Parking fee
TRF-00822,CUST-1174,CUST-1044,27704.49,EUR,1741975669000,COMPLETED,internal,Insurance premium
TRF-00823,CUST-1133,CUST-1097,37897.34,SAR,1738665632000,COMPLETED,internal,Travel booking
TRF-00824,CUST-1053,CUST-1151,26629.35,SAR,1745277955000,COMPLETED,internal,Travel booking
TRF-00825,CUST-1184,EXT-5006,48026.26,EUR,1736773433000,COMPLETED,international,Gas split
TRF-00826,CUST-1099,CUST-1067,30338.95,SAR,1749376226000,COMPLETED,internal,Lunch money
TRF-00827,CUST-1041,CUST-1177,18505.07,SAR,1743455456000,PROCESSING,internal,Movie tickets
TRF-00828,CUST-1062,EXT-5007,8677.71,USD,1744322841000,COMPLETED,international,Gift money
TRF-00829,CUST-1121,CUST-1076,4366.93,SAR,1747820959000,COMPLETED,internal,Car installment
TRF-00830,CUST-1051,CUST-1022,32059.25,SAR,1741763188000,COMPLETED,internal,Gas split
TRF-00831,CUST-1014,CUST-1083,9498.57,SAR,1749242631000,COMPLETED,internal,Lunch money
TRF-00832,CUST-1003,EXT-5057,33589.21,SAR,1737356904000,COMPLETED,local_bank,Business invoice
TRF-00833,CUST-1190,EXT-5047,15160.93,SAR,1748564606000,COMPLETED,local_bank,Birthday gift
TRF-00834,CUST-1117,EXT-5095,21613.62,USD,1748250175000,COMPLETED,local_bank,Birthday gift
TRF-00835,CUST-1078,CUST-1143,9196.27,SAR,1745594339000,COMPLETED,internal,Gift money
TRF-00836,CUST-1105,EXT-5077,7643.52,SAR,1742678097000,COMPLETED,local_bank,Event tickets
TRF-00837,CUST-1022,EXT-5094,1155.16,USD,1737437993000,FAILED,local_bank,Uber share
TRF-00838,CUST-1098,EXT-5049,4673.24,SAR,1736670132000,PROCESSING,local_bank,Parking fee
TRF-00839,CUST-1180,EXT-5068,33211.05,EUR,1737930506000,PROCESSING,international,Dinner split
TRF-00840,CUST-1104,EXT-5019,25177.86,SAR,1737795420000,COMPLETED,local_bank,Event tickets
TRF-00841,CUST-1022,EXT-5064,31905.45,SAR,1738542902000,FAILED,local_bank,Coffee money
TRF-00842,CUST-1098,EXT-5073,47730.63,SAR,1736193719000,COMPLETED,local_bank,Freelancer payment
TRF-00843,CUST-1162,CUST-1128,46620.61,SAR,1737131117000,PROCESSING,internal,Rent share
TRF-00844,CUST-1003,CUST-1146,33105.82,SAR,1746317984000,FAILED,internal,Internet bill
TRF-00845,CUST-1163,CUST-1127,6642.13,SAR,1746203101000,COMPLETED,internal,Salary advance
TRF-00846,CUST-1181,CUST-1041,2340.86,SAR,1746506621000,FAILED,internal,Eid gift
TRF-00847,CUST-1069,EXT-5044,36753.45,SAR,1739945299000,COMPLETED,local_bank,Travel booking
TRF-00848,CUST-1119,CUST-1038,4427.73,SAR,1741297350000,COMPLETED,internal,Parking fee
TRF-00849,CUST-1184,CUST-1085,25590.87,SAR,1751206204000,FAILED,internal,Rent share
TRF-00850,CUST-1181,CUST-1162,19977.69,AED,1749201464000,COMPLETED,internal,Salary advance
TRF-00851,CUST-1074,EXT-5004,46765.79,SAR,1738734659000,COMPLETED,local_bank,Rent share
TRF-00852,CUST-1108,CUST-1077,13181.87,USD,1749178479000,COMPLETED,internal,Furniture split
TRF-00853,CUST-1156,CUST-1011,1174.46,SAR,1750285458000,COMPLETED,internal,Cleaning service
TRF-00854,CUST-1129,EXT-5075,19613.21,AED,1747218348000,COMPLETED,international,Freelancer payment
TRF-00855,CUST-1010,CUST-1100,42051.47,SAR,1742920345000,COMPLETED,internal,School tuition
TRF-00856,CUST-1132,EXT-5063,46338.04,SAR,1743111309000,PROCESSING,local_bank,Parking fee
TRF-00857,CUST-1098,CUST-1109,45567.02,SAR,1745968978000,FAILED,internal,Movie tickets
TRF-00858,CUST-1061,CUST-1053,47949.49,SAR,1742673305000,FAILED,internal,Gift money
TRF-00859,CUST-1036,EXT-5003,49614.59,USD,1749089908000,PROCESSING,local_bank,Gas split
TRF-00860,CUST-1050,EXT-5049,13979.32,SAR,1749615765000,COMPLETED,local_bank,Gym membership
TRF-00861,CUST-1171,EXT-5058,37685.73,USD,1746003476000,COMPLETED,international,Freelancer payment
TRF-00862,CUST-1131,CUST-1054,37998.80,SAR,1747930802000,COMPLETED,internal,Gas split
TRF-00863,CUST-1134,EXT-5098,12302.14,SAR,1738509166000,PROCESSING,local_bank,Investment transfer
TRF-00864,CUST-1075,CUST-1019,37676.75,SAR,1740038025000,COMPLETED,internal,Coffee money
TRF-00865,CUST-1145,EXT-5007,15388.20,EUR,1737832329000,COMPLETED,international,School tuition
TRF-00866,CUST-1151,CUST-1024,20447.88,EUR,1739290388000,FAILED,internal,Salary advance
TRF-00867,CUST-1145,CUST-1187,32878.82,SAR,1742289992000,COMPLETED,internal,Rent share
TRF-00868,CUST-1143,CUST-1131,20206.57,SAR,1746194582000,COMPLETED,internal,Uber share
TRF-00869,CUST-1198,EXT-5043,33044.87,SAR,1745627708000,COMPLETED,local_bank,Insurance premium
TRF-00870,CUST-1199,EXT-5085,9286.71,SAR,1750541837000,COMPLETED,local_bank,Medical bill
TRF-00871,CUST-1043,EXT-5069,26351.85,USD,1738270493000,COMPLETED,international,Insurance premium
TRF-00872,CUST-1054,CUST-1112,25716.82,USD,1742847846000,COMPLETED,internal,Uber share
TRF-00873,CUST-1077,EXT-5055,31960.54,AED,1744110968000,COMPLETED,international,Business invoice
TRF-00874,CUST-1103,CUST-1083,10948.36,USD,1740192129000,PROCESSING,internal,Gym membership
TRF-00875,CUST-1148,CUST-1148,7336.50,SAR,1739558792000,COMPLETED,internal,Cleaning service
TRF-00876,CUST-1052,CUST-1123,17237.20,SAR,1748887361000,PROCESSING,internal,Birthday gift
TRF-00877,CUST-1154,EXT-5021,35004.01,AED,1743878820000,COMPLETED,local_bank,Travel booking
TRF-00878,CUST-1182,EXT-5036,34294.70,SAR,1747519388000,FAILED,local_bank,Lunch money
TRF-00879,CUST-1135,CUST-1176,46427.95,USD,1742872147000,COMPLETED,internal,Birthday gift
TRF-00880,CUST-1195,CUST-1192,39497.55,SAR,1746060853000,COMPLETED,internal,Wedding contribution
TRF-00881,CUST-1066,CUST-1058,20318.90,SAR,1748884656000,COMPLETED,internal,Car installment
TRF-00882,CUST-1197,CUST-1200,15540.92,SAR,1737554609000,FAILED,internal,Loan repayment
TRF-00883,CUST-1113,EXT-5077,46768.91,SAR,1735815548000,COMPLETED,local_bank,Investment transfer
TRF-00884,CUST-1053,CUST-1189,9192.44,SAR,1749688953000,COMPLETED,internal,Loan repayment
TRF-00885,CUST-1050,CUST-1022,16370.78,SAR,1743658288000,FAILED,internal,Cleaning service
TRF-00886,CUST-1040,CUST-1072,26221.03,SAR,1748418151000,COMPLETED,internal,Coffee money
TRF-00887,CUST-1191,CUST-1079,30014.12,SAR,1743728708000,COMPLETED,internal,Wedding contribution
TRF-00888,CUST-1142,CUST-1146,38316.95,SAR,1742995486000,FAILED,internal,Furniture split
TRF-00889,CUST-1013,CUST-1163,48541.71,USD,1740289327000,COMPLETED,internal,Coffee money
TRF-00890,CUST-1053,CUST-1077,3608.75,SAR,1750012116000,COMPLETED,internal,Gas split
TRF-00891,CUST-1057,EXT-5096,39730.08,SAR,1744523717000,COMPLETED,local_bank,Loan repayment
TRF-00892,CUST-1192,EXT-5014,16321.54,AED,1740255292000,COMPLETED,local_bank,Parking fee
TRF-00893,CUST-1005,CUST-1063,44625.89,SAR,1736368636000,FAILED,internal,Parking fee
TRF-00894,CUST-1112,EXT-5035,41236.52,AED,1742441950000,FAILED,local_bank,Furniture split
TRF-00895,CUST-1036,EXT-5018,16644.57,SAR,1739142032000,COMPLETED,local_bank,Internet bill
TRF-00896,CUST-1179,CUST-1160,5363.21,SAR,1747269741000,COMPLETED,internal,Furniture split
TRF-00897,CUST-1136,CUST-1105,31330.60,SAR,1747134289000,COMPLETED,internal,Coffee money
TRF-00898,CUST-1129,CUST-1189,49055.95,SAR,1750434007000,COMPLETED,internal,Birthday gift
TRF-00899,CUST-1185,EXT-5085,12302.55,SAR,1736011404000,FAILED,local_bank,Charity donation
TRF-00900,CUST-1117,CUST-1082,4476.15,SAR,1738345193000,COMPLETED,internal,Shared groceries
TRF-00901,CUST-1107,CUST-1056,18545.32,AED,1743696750000,FAILED,internal,Medical bill
TRF-00902,CUST-1069,CUST-1192,22296.09,SAR,1745904686000,PROCESSING,internal,Movie tickets
TRF-00903,CUST-1006,EXT-5044,39066.02,SAR,1745120868000,FAILED,local_bank,Investment transfer
TRF-00904,CUST-1026,EXT-5065,24168.89,SAR,1741895427000,COMPLETED,local_bank,Gift money
TRF-00905,CUST-1147,EXT-5089,39675.34,USD,1745812495000,PROCESSING,international,Shared groceries
TRF-00906,CUST-1087,CUST-1173,45883.47,SAR,1746079206000,COMPLETED,internal,Shared groceries
TRF-00907,CUST-1134,EXT-5087,33151.55,GBP,1743666152000,COMPLETED,international,Eid gift
TRF-00908,CUST-1114,EXT-5045,15968.77,SAR,1750742902000,COMPLETED,local_bank,Charity donation
TRF-00909,CUST-1005,CUST-1084,30641.73,SAR,1746561209000,PROCESSING,internal,Freelancer payment
TRF-00910,CUST-1164,CUST-1057,21601.15,GBP,1743580284000,FAILED,internal,Charity donation
TRF-00911,CUST-1027,CUST-1106,8744.32,USD,1738045706000,PROCESSING,internal,Rent share
TRF-00912,CUST-1150,CUST-1197,44880.76,SAR,1743850838000,COMPLETED,internal,Furniture split
TRF-00913,CUST-1062,CUST-1029,18003.50,SAR,1743463888000,COMPLETED,internal,Dinner split
TRF-00914,CUST-1014,EXT-5007,47487.83,SAR,1746474082000,COMPLETED,local_bank,Eid gift
TRF-00915,CUST-1117,CUST-1197,48047.45,SAR,1739715507000,FAILED,internal,Car installment
TRF-00916,CUST-1169,CUST-1178,6683.26,SAR,1741594650000,COMPLETED,internal,Eid gift
TRF-00917,CUST-1129,CUST-1103,11170.31,SAR,1740218346000,FAILED,internal,Uber share
TRF-00918,CUST-1163,EXT-5040,26703.02,SAR,1750367860000,FAILED,local_bank,Insurance premium
TRF-00919,CUST-1120,CUST-1159,7590.92,SAR,1750119007000,COMPLETED,internal,Travel booking
TRF-00920,CUST-1094,CUST-1090,41701.15,SAR,1746989178000,PROCESSING,internal,Investment transfer
TRF-00921,CUST-1089,EXT-5096,41644.89,SAR,1741757855000,COMPLETED,local_bank,Dinner split
TRF-00922,CUST-1168,EXT-5052,39372.87,SAR,1750945203000,COMPLETED,local_bank,Grocery share
TRF-00923,CUST-1068,EXT-5082,9678.90,SAR,1738495004000,COMPLETED,local_bank,Freelancer payment
TRF-00924,CUST-1190,EXT-5084,22207.54,GBP,1740725346000,COMPLETED,international,Eid gift
TRF-00925,CUST-1027,CUST-1103,49854.59,USD,1743141354000,FAILED,internal,Furniture split
TRF-00926,CUST-1025,CUST-1187,33475.35,EUR,1743888803000,PROCESSING,internal,Coffee money
TRF-00927,CUST-1178,CUST-1075,17471.48,SAR,1741040065000,COMPLETED,internal,Birthday gift
TRF-00928,CUST-1011,EXT-5092,46942.12,SAR,1741938008000,PROCESSING,local_bank,Grocery share
TRF-00929,CUST-1104,CUST-1032,9556.27,SAR,1749514057000,COMPLETED,internal,Dinner split
TRF-00930,CUST-1005,CUST-1118,33893.45,SAR,1746735882000,COMPLETED,internal,Grocery share
TRF-00931,CUST-1027,EXT-5096,19167.05,SAR,1745292030000,FAILED,local_bank,Gym membership
TRF-00932,CUST-1148,CUST-1126,35039.45,SAR,1738670388000,COMPLETED,internal,Birthday gift
TRF-00933,CUST-1081,EXT-5013,5501.00,EUR,1749069141000,COMPLETED,international,Investment transfer
TRF-00934,CUST-1200,CUST-1171,39575.14,SAR,1745503399000,COMPLETED,internal,Eid gift
TRF-00935,CUST-1103,EXT-5032,39531.43,EUR,1743849666000,COMPLETED,international,Insurance premium
TRF-00936,CUST-1173,CUST-1181,20381.89,SAR,1743887293000,COMPLETED,internal,Eid gift
TRF-00937,CUST-1033,CUST-1137,13511.83,SAR,1737114750000,COMPLETED,internal,School tuition
TRF-00938,CUST-1089,CUST-1193,374.99,SAR,1740247563000,COMPLETED,internal,Salary advance
TRF-00939,CUST-1155,EXT-5040,31766.29,SAR,1745988172000,COMPLETED,local_bank,Wedding contribution
TRF-00940,CUST-1104,EXT-5029,22087.06,AED,1749439198000,COMPLETED,international,Furniture split
TRF-00941,CUST-1069,EXT-5003,38384.52,SAR,1750632408000,FAILED,local_bank,Rent share
TRF-00942,CUST-1171,CUST-1117,11424.08,SAR,1741792750000,PROCESSING,internal,Cleaning service
TRF-00943,CUST-1112,CUST-1144,19497.70,USD,1736105016000,COMPLETED,internal,Shared groceries
TRF-00944,CUST-1088,CUST-1172,44847.37,SAR,1743582380000,COMPLETED,internal,Gym membership
TRF-00945,CUST-1182,EXT-5009,21463.92,AED,1745468113000,COMPLETED,international,Car installment
TRF-00946,CUST-1033,EXT-5017,3787.19,EUR,1746191789000,FAILED,international,Shared groceries
TRF-00947,CUST-1083,CUST-1097,5419.19,SAR,1743890348000,FAILED,internal,Travel booking
TRF-00948,CUST-1146,CUST-1086,43258.69,USD,1742297898000,PROCESSING,internal,Grocery share
TRF-00949,CUST-1082,EXT-5034,13649.69,SAR,1751025146000,COMPLETED,local_bank,Furniture split
TRF-00950,CUST-1055,CUST-1096,15858.11,SAR,1740487565000,COMPLETED,internal,Dinner split
TRF-00951,CUST-1134,CUST-1198,33289.98,SAR,1748505222000,FAILED,internal,Birthday gift
TRF-00952,CUST-1022,CUST-1098,9387.14,AED,1735989260000,FAILED,internal,Birthday gift
TRF-00953,CUST-1037,CUST-1053,32406.92,SAR,1744739999000,COMPLETED,internal,Furniture split
TRF-00954,CUST-1152,CUST-1114,36116.63,USD,1744288961000,COMPLETED,internal,Grocery share
TRF-00955,CUST-1026,EXT-5100,43099.15,USD,1737029127000,COMPLETED,local_bank,Loan repayment
TRF-00956,CUST-1172,CUST-1043,3734.30,SAR,1746783234000,COMPLETED,internal,School tuition
TRF-00957,CUST-1051,CUST-1083,2992.65,SAR,1737317271000,COMPLETED,internal,Shared groceries
TRF-00958,CUST-1114,CUST-1139,19464.48,SAR,1738963940000,COMPLETED,internal,Medical bill
TRF-00959,CUST-1124,EXT-5051,45397.80,AED,1736457673000,PROCESSING,international,Investment transfer
TRF-00960,CUST-1003,EXT-5085,21780.17,SAR,1744800197000,COMPLETED,local_bank,Grocery share
TRF-00961,CUST-1120,CUST-1037,18665.10,SAR,1743788863000,COMPLETED,internal,Cleaning service
TRF-00962,CUST-1124,EXT-5009,47923.47,EUR,1744054023000,COMPLETED,international,Salary advance
TRF-00963,CUST-1073,EXT-5068,19743.65,USD,1736509948000,FAILED,local_bank,Lunch money
TRF-00964,CUST-1027,EXT-5050,11126.29,USD,1739477208000,FAILED,local_bank,Shared groceries
TRF-00965,CUST-1100,CUST-1168,20036.28,SAR,1745992732000,COMPLETED,internal,Eid gift
TRF-00966,CUST-1077,CUST-1151,20069.89,SAR,1741099784000,PROCESSING,internal,Parking fee
TRF-00967,CUST-1176,EXT-5030,19351.31,USD,1750974969000,COMPLETED,international,Coffee money
TRF-00968,CUST-1146,CUST-1145,37536.93,SAR,1746503005000,COMPLETED,internal,School tuition
TRF-00969,CUST-1077,CUST-1087,49902.47,USD,1747509548000,COMPLETED,internal,Eid gift
TRF-00970,CUST-1175,CUST-1032,36872.27,SAR,1741953114000,COMPLETED,internal,Investment transfer
TRF-00971,CUST-1026,CUST-1102,7118.65,GBP,1742246650000,COMPLETED,internal,Rent share
TRF-00972,CUST-1119,CUST-1045,16612.37,SAR,1739819709000,COMPLETED,internal,Business invoice
TRF-00973,CUST-1064,EXT-5051,39050.13,SAR,1741402224000,COMPLETED,local_bank,Loan repayment
TRF-00974,CUST-1001,CUST-1045,28573.62,SAR,1748374643000,COMPLETED,internal,Travel booking
TRF-00975,CUST-1182,EXT-5059,13824.46,SAR,1735857965000,COMPLETED,local_bank,Gas split
TRF-00976,CUST-1155,CUST-1051,18409.18,SAR,1739554420000,PROCESSING,internal,Medical bill
TRF-00977,CUST-1077,CUST-1175,31942.53,USD,1735753899000,COMPLETED,internal,Insurance premium
TRF-00978,CUST-1115,CUST-1084,24006.10,USD,1741354305000,COMPLETED,internal,Loan repayment
TRF-00979,CUST-1147,CUST-1198,17264.61,SAR,1736118579000,COMPLETED,internal,Uber share
TRF-00980,CUST-1021,CUST-1013,38260.21,AED,1738208072000,COMPLETED,internal,School tuition
TRF-00981,CUST-1049,CUST-1147,25666.23,SAR,1746328741000,COMPLETED,internal,Furniture split
TRF-00982,CUST-1124,EXT-5075,11035.15,SAR,1749235228000,PROCESSING,local_bank,Gas split
TRF-00983,CUST-1155,EXT-5013,24652.28,SAR,1750057214000,COMPLETED,local_bank,Furniture split
TRF-00984,CUST-1007,CUST-1009,25020.85,SAR,1750905040000,COMPLETED,internal,Parking fee
TRF-00985,CUST-1147,CUST-1019,45504.71,SAR,1747400152000,COMPLETED,internal,Rent share
TRF-00986,CUST-1085,CUST-1101,40459.48,SAR,1748442338000,FAILED,internal,Cleaning service
TRF-00987,CUST-1143,EXT-5042,22416.42,SAR,1745054414000,COMPLETED,local_bank,Dinner split
TRF-00988,CUST-1194,EXT-5059,20191.55,SAR,1743480252000,FAILED,local_bank,Wedding contribution
TRF-00989,CUST-1016,CUST-1100,15515.10,SAR,1746685577000,PROCESSING,internal,Internet bill
TRF-00990,CUST-1151,EXT-5059,42139.50,EUR,1746400326000,PROCESSING,international,Charity donation
TRF-00991,CUST-1195,CUST-1012,8860.58,SAR,1745415603000,COMPLETED,internal,Uber share
TRF-00992,CUST-1185,EXT-5058,44807.89,AED,1740112041000,COMPLETED,international,Dinner split
TRF-00993,CUST-1200,CUST-1078,44846.28,SAR,1750086825000,COMPLETED,internal,Investment transfer
TRF-00994,CUST-1078,EXT-5057,42186.43,EUR,1744765606000,COMPLETED,international,Insurance premium
TRF-00995,CUST-1100,CUST-1088,8118.27,USD,1736545828000,COMPLETED,internal,Business invoice
TRF-00996,CUST-1200,EXT-5047,35908.77,USD,1740697041000,COMPLETED,local_bank,Wedding contribution
TRF-00997,CUST-1031,CUST-1028,47668.62,SAR,1745348263000,COMPLETED,internal,Loan repayment
TRF-00998,CUST-1079,EXT-5047,37161.55,SAR,1742700772000,COMPLETED,local_bank,Eid gift
TRF-00999,CUST-1039,EXT-5073,7593.52,SAR,1742181912000,FAILED,local_bank,Investment transfer
TRF-01000,CUST-1054,CUST-1130,47164.23,SAR,1747092344000,COMPLETED,internal,Grocery share
TRF-01001,CUST-1053,EXT-5002,12898.48,SAR,1747175909000,COMPLETED,local_bank,Medical bill
TRF-01002,CUST-1090,EXT-5054,18954.02,AED,1745579584000,PROCESSING,international,Business invoice
TRF-01003,CUST-1047,EXT-5092,3393.29,USD,1744396535000,COMPLETED,local_bank,Internet bill
TRF-01004,CUST-1105,EXT-5061,38378.81,SAR,1743112346000,COMPLETED,local_bank,Parking fee
TRF-01005,CUST-1117,EXT-5077,2053.60,SAR,1746655368000,COMPLETED,local_bank,Investment transfer
TRF-01006,CUST-1145,EXT-5019,24855.15,SAR,1745564935000,COMPLETED,local_bank,Parking fee
TRF-01007,CUST-1191,EXT-5057,2768.15,USD,1743027546000,PROCESSING,international,School tuition
TRF-01008,CUST-1092,CUST-1034,20977.95,SAR,1738826976000,FAILED,internal,Coffee money
TRF-01009,CUST-1009,EXT-5070,32661.37,EUR,1738499716000,COMPLETED,local_bank,Freelancer payment
TRF-01010,CUST-1042,CUST-1050,38818.03,SAR,1736552898000,COMPLETED,internal,Freelancer payment
TRF-01011,CUST-1158,EXT-5030,18960.47,SAR,1748890825000,COMPLETED,local_bank,Movie tickets
TRF-01012,CUST-1182,CUST-1097,48715.84,SAR,1747552336000,COMPLETED,internal,Event tickets
TRF-01013,CUST-1001,EXT-5079,6534.43,SAR,1741403825000,COMPLETED,local_bank,Travel booking
TRF-01014,CUST-1101,CUST-1200,15282.97,SAR,1737973163000,COMPLETED,internal,Birthday gift
TRF-01015,CUST-1063,EXT-5092,1659.98,USD,1742100359000,COMPLETED,local_bank,Gym membership
TRF-01016,CUST-1136,EXT-5044,23949.03,SAR,1741397436000,COMPLETED,local_bank,Dinner split
TRF-01017,CUST-1030,EXT-5081,39979.86,SAR,1748820439000,COMPLETED,local_bank,Gym membership
TRF-01018,CUST-1043,CUST-1090,45226.67,EUR,1744564380000,COMPLETED,internal,Birthday gift
TRF-01019,CUST-1064,EXT-5053,15141.14,SAR,1737897197000,COMPLETED,local_bank,Birthday gift
TRF-01020,CUST-1008,EXT-5072,47560.32,USD,1744920749000,COMPLETED,local_bank,Cleaning service
TRF-01021,CUST-1115,EXT-5051,9029.51,SAR,1739519095000,PROCESSING,local_bank,Investment transfer
TRF-01022,CUST-1034,CUST-1032,3767.29,SAR,1743744453000,COMPLETED,internal,Parking fee
TRF-01023,CUST-1024,EXT-5092,28013.53,AED,1742640006000,COMPLETED,local_bank,Investment transfer
TRF-01024,CUST-1199,EXT-5085,40557.39,SAR,1745175960000,COMPLETED,local_bank,Grocery share
TRF-01025,CUST-1124,CUST-1133,41320.05,SAR,1747417278000,COMPLETED,internal,Gym membership
TRF-01026,CUST-1041,CUST-1146,20440.50,SAR,1745350727000,COMPLETED,internal,Charity donation
TRF-01027,CUST-1171,EXT-5051,5751.61,SAR,1735822355000,COMPLETED,local_bank,Freelancer payment
TRF-01028,CUST-1195,CUST-1139,341.40,SAR,1735757714000,COMPLETED,internal,Birthday gift
TRF-01029,CUST-1021,EXT-5006,15617.85,AED,1747167413000,COMPLETED,international,Gift money
TRF-01030,CUST-1006,CUST-1175,35168.38,SAR,1748297690000,COMPLETED,internal,Car installment
TRF-01031,CUST-1186,EXT-5047,47356.30,SAR,1736803507000,COMPLETED,local_bank,Gym membership
TRF-01032,CUST-1136,EXT-5080,43245.77,SAR,1736825780000,COMPLETED,local_bank,Gas split
TRF-01033,CUST-1069,EXT-5054,23328.71,SAR,1746587915000,PROCESSING,local_bank,Rent share
TRF-01034,CUST-1200,CUST-1092,34050.49,SAR,1745264745000,COMPLETED,internal,Gym membership
TRF-01035,CUST-1071,CUST-1014,36068.32,SAR,1736611894000,COMPLETED,internal,Travel booking
TRF-01036,CUST-1197,CUST-1075,46600.90,SAR,1749184616000,COMPLETED,internal,Freelancer payment
TRF-01037,CUST-1004,EXT-5048,24675.63,SAR,1750813306000,COMPLETED,local_bank,Furniture split
TRF-01038,CUST-1143,CUST-1102,32216.76,SAR,1742833598000,COMPLETED,internal,Coffee money
TRF-01039,CUST-1023,CUST-1086,29724.99,SAR,1739526395000,COMPLETED,internal,Loan repayment
TRF-01040,CUST-1125,CUST-1069,26580.93,SAR,1744073820000,PROCESSING,internal,Dinner split
TRF-01041,CUST-1159,EXT-5059,18255.48,SAR,1747798105000,COMPLETED,local_bank,Investment transfer
TRF-01042,CUST-1111,EXT-5078,48771.81,GBP,1746907948000,COMPLETED,local_bank,Rent share
TRF-01043,CUST-1159,CUST-1090,6543.48,SAR,1737681540000,COMPLETED,internal,Gift money
TRF-01044,CUST-1141,EXT-5093,11349.97,EUR,1738188825000,COMPLETED,international,Eid gift
TRF-01045,CUST-1001,CUST-1148,9893.23,SAR,1743678710000,COMPLETED,internal,Birthday gift
TRF-01046,CUST-1130,CUST-1152,17190.11,AED,1746275840000,COMPLETED,internal,Internet bill
TRF-01047,CUST-1083,CUST-1020,10558.52,SAR,1745818244000,FAILED,internal,Eid gift
TRF-01048,CUST-1022,CUST-1154,979.67,SAR,1748891831000,COMPLETED,internal,Birthday gift
TRF-01049,CUST-1118,CUST-1179,49746.00,USD,1740879528000,COMPLETED,internal,Lunch money
TRF-01050,CUST-1144,EXT-5031,7930.98,SAR,1737868237000,COMPLETED,local_bank,Business invoice
TRF-01051,CUST-1021,EXT-5070,3513.79,SAR,1740721926000,FAILED,local_bank,Investment transfer
TRF-01052,CUST-1121,EXT-5058,35416.92,AED,1743418172000,COMPLETED,international,Shared groceries
TRF-01053,CUST-1193,CUST-1077,15292.77,SAR,1746242818000,COMPLETED,internal,Gas split
TRF-01054,CUST-1078,EXT-5060,8247.90,SAR,1750224807000,COMPLETED,local_bank,Insurance premium
TRF-01055,CUST-1122,CUST-1087,37636.64,AED,1749963082000,COMPLETED,internal,School tuition
TRF-01056,CUST-1133,EXT-5083,30673.03,EUR,1745268135000,COMPLETED,international,Grocery share
TRF-01057,CUST-1058,CUST-1137,32038.96,SAR,1737785609000,COMPLETED,internal,Charity donation
TRF-01058,CUST-1149,EXT-5007,36052.54,SAR,1745205553000,COMPLETED,local_bank,Rent share
TRF-01059,CUST-1154,CUST-1108,24151.63,SAR,1743699933000,COMPLETED,internal,Gift money
TRF-01060,CUST-1074,CUST-1104,38962.50,SAR,1747320033000,COMPLETED,internal,Gift money
TRF-01061,CUST-1094,CUST-1153,1662.32,SAR,1742604534000,COMPLETED,internal,School tuition
TRF-01062,CUST-1014,EXT-5098,47873.68,SAR,1751163374000,FAILED,local_bank,Salary advance
TRF-01063,CUST-1026,EXT-5043,5445.57,EUR,1747603113000,COMPLETED,international,Grocery share
TRF-01064,CUST-1118,CUST-1047,45573.02,SAR,1740021401000,COMPLETED,internal,Gas split
TRF-01065,CUST-1085,EXT-5074,647.28,EUR,1735875765000,FAILED,local_bank,Car installment
TRF-01066,CUST-1134,CUST-1033,39861.29,AED,1739330230000,COMPLETED,internal,Business invoice
TRF-01067,CUST-1136,EXT-5035,8187.56,GBP,1745332798000,COMPLETED,international,Cleaning service
TRF-01068,CUST-1063,EXT-5083,34222.75,AED,1750972805000,FAILED,international,Charity donation
TRF-01069,CUST-1123,CUST-1091,29760.47,SAR,1748926826000,COMPLETED,internal,Shared groceries
TRF-01070,CUST-1111,EXT-5021,36432.42,AED,1739646480000,COMPLETED,international,Birthday gift
TRF-01071,CUST-1003,CUST-1185,30259.64,SAR,1735949144000,COMPLETED,internal,Salary advance
TRF-01072,CUST-1181,EXT-5008,42122.92,SAR,1742503667000,COMPLETED,local_bank,Gas split
TRF-01073,CUST-1166,CUST-1078,25166.87,SAR,1739866965000,PROCESSING,internal,Furniture split
TRF-01074,CUST-1084,CUST-1067,2634.35,SAR,1751131906000,COMPLETED,internal,Shared groceries
TRF-01075,CUST-1165,CUST-1032,24640.54,SAR,1738091746000,PROCESSING,internal,Furniture split
TRF-01076,CUST-1192,CUST-1189,47518.73,SAR,1749292248000,COMPLETED,internal,Investment transfer
TRF-01077,CUST-1058,EXT-5026,11567.57,SAR,1745322061000,COMPLETED,local_bank,Investment transfer
TRF-01078,CUST-1005,CUST-1082,36969.69,USD,1746950888000,COMPLETED,internal,Gas split
TRF-01079,CUST-1047,EXT-5045,27901.22,AED,1739414191000,COMPLETED,international,Eid gift
TRF-01080,CUST-1051,CUST-1131,11073.54,SAR,1736012807000,COMPLETED,internal,School tuition
TRF-01081,CUST-1071,CUST-1064,41914.48,SAR,1739175272000,COMPLETED,internal,Shared groceries
TRF-01082,CUST-1059,EXT-5040,8943.88,SAR,1740600141000,PROCESSING,local_bank,Charity donation
TRF-01083,CUST-1065,CUST-1163,18721.67,SAR,1747667452000,COMPLETED,internal,Shared groceries
TRF-01084,CUST-1015,CUST-1059,16216.59,SAR,1736900810000,COMPLETED,internal,Salary advance
TRF-01085,CUST-1033,CUST-1034,40944.49,SAR,1743860851000,PROCESSING,internal,Car installment
TRF-01086,CUST-1094,CUST-1084,24937.83,SAR,1749167208000,COMPLETED,internal,Gym membership
TRF-01087,CUST-1163,EXT-5007,44769.09,EUR,1749399537000,FAILED,international,Event tickets
TRF-01088,CUST-1077,CUST-1101,3944.02,SAR,1746091576000,COMPLETED,internal,Insurance premium
TRF-01089,CUST-1096,CUST-1034,25539.48,SAR,1749312997000,COMPLETED,internal,Charity donation
TRF-01090,CUST-1198,EXT-5010,42225.58,SAR,1749474629000,PROCESSING,local_bank,Parking fee
TRF-01091,CUST-1089,CUST-1090,11168.46,SAR,1747231313000,COMPLETED,internal,Business invoice
TRF-01092,CUST-1066,EXT-5009,5512.66,AED,1747288742000,COMPLETED,international,Gas split
TRF-01093,CUST-1194,CUST-1092,6072.61,SAR,1742264636000,COMPLETED,internal,Coffee money
TRF-01094,CUST-1060,CUST-1132,6581.73,SAR,1740340881000,COMPLETED,internal,School tuition
TRF-01095,CUST-1005,EXT-5016,6715.05,SAR,1749974231000,COMPLETED,local_bank,Event tickets
TRF-01096,CUST-1172,EXT-5085,47424.77,SAR,1742939808000,COMPLETED,local_bank,Birthday gift
TRF-01097,CUST-1034,CUST-1200,21796.56,SAR,1736909780000,COMPLETED,internal,Salary advance
TRF-01098,CUST-1075,CUST-1015,28123.23,SAR,1742148545000,COMPLETED,internal,Coffee money
TRF-01099,CUST-1092,EXT-5084,23034.35,AED,1736980058000,COMPLETED,international,Freelancer payment
TRF-01100,CUST-1176,CUST-1178,1208.69,EUR,1744158021000,COMPLETED,internal,Uber share
TRF-01101,CUST-1196,EXT-5005,3941.58,SAR,1740456014000,PROCESSING,local_bank,Grocery share
TRF-01102,CUST-1107,EXT-5013,29998.79,EUR,1743829284000,COMPLETED,international,Medical bill
TRF-01103,CUST-1129,EXT-5013,10364.13,SAR,1740397596000,COMPLETED,local_bank,Event tickets
TRF-01104,CUST-1030,CUST-1063,5702.94,SAR,1744209523000,COMPLETED,internal,Furniture split
TRF-01105,CUST-1138,EXT-5046,46630.50,GBP,1745676083000,COMPLETED,international,Insurance premium
TRF-01106,CUST-1161,CUST-1170,16710.23,SAR,1742397644000,PROCESSING,internal,Travel booking
TRF-01107,CUST-1138,EXT-5021,26205.03,EUR,1735884255000,COMPLETED,international,Gift money
TRF-01108,CUST-1183,EXT-5021,36202.88,USD,1744976570000,COMPLETED,local_bank,Event tickets
TRF-01109,CUST-1172,CUST-1115,9665.84,SAR,1739218673000,COMPLETED,internal,Wedding contribution
TRF-01110,CUST-1073,CUST-1120,36360.32,SAR,1747622849000,PROCESSING,internal,Rent share
TRF-01111,CUST-1137,CUST-1013,30186.99,SAR,1750515025000,COMPLETED,internal,Grocery share
TRF-01112,CUST-1154,EXT-5081,18567.71,GBP,1746442109000,COMPLETED,local_bank,Insurance premium
TRF-01113,CUST-1073,EXT-5071,23077.92,SAR,1737015027000,COMPLETED,local_bank,Loan repayment
TRF-01114,CUST-1124,CUST-1145,21744.73,SAR,1744521563000,COMPLETED,internal,Uber share
TRF-01115,CUST-1107,EXT-5048,28063.72,SAR,1748477491000,COMPLETED,local_bank,Parking fee
TRF-01116,CUST-1026,CUST-1109,21561.05,SAR,1741572784000,FAILED,internal,Business invoice
TRF-01117,CUST-1094,EXT-5027,12454.70,GBP,1748270001000,COMPLETED,local_bank,Medical bill
TRF-01118,CUST-1013,EXT-5084,29432.68,SAR,1738141095000,COMPLETED,local_bank,Uber share
TRF-01119,CUST-1009,CUST-1090,48066.63,SAR,1742871810000,COMPLETED,internal,Grocery share
TRF-01120,CUST-1055,CUST-1198,23846.11,SAR,1749010007000,COMPLETED,internal,Rent share
TRF-01121,CUST-1174,CUST-1026,34378.77,SAR,1743752767000,COMPLETED,internal,Investment transfer
TRF-01122,CUST-1042,EXT-5014,27379.82,SAR,1746974860000,COMPLETED,local_bank,Rent share
TRF-01123,CUST-1027,CUST-1068,6933.40,SAR,1741972992000,COMPLETED,internal,Birthday gift
TRF-01124,CUST-1083,CUST-1169,17111.65,SAR,1745574907000,COMPLETED,internal,Medical bill
TRF-01125,CUST-1191,EXT-5005,28405.74,EUR,1744003487000,COMPLETED,international,Cleaning service
TRF-01126,CUST-1118,CUST-1134,6763.88,SAR,1742015908000,COMPLETED,internal,Loan repayment
TRF-01127,CUST-1055,CUST-1052,38599.24,SAR,1739855407000,COMPLETED,internal,School tuition
TRF-01128,CUST-1198,EXT-5008,14559.57,USD,1740931510000,COMPLETED,international,Business invoice
TRF-01129,CUST-1079,EXT-5029,24591.01,GBP,1747655543000,COMPLETED,local_bank,Dinner split
TRF-01130,CUST-1113,EXT-5073,20644.70,EUR,1740236908000,COMPLETED,local_bank,Grocery share
TRF-01131,CUST-1100,CUST-1132,34662.42,SAR,1741709217000,COMPLETED,internal,Medical bill
TRF-01132,CUST-1156,CUST-1041,7768.59,SAR,1748731291000,COMPLETED,internal,Cleaning service
TRF-01133,CUST-1104,CUST-1002,12498.09,SAR,1737857386000,COMPLETED,internal,Parking fee
TRF-01134,CUST-1074,CUST-1096,23410.21,SAR,1749991703000,COMPLETED,internal,Shared groceries
TRF-01135,CUST-1093,CUST-1169,28197.46,SAR,1736411871000,COMPLETED,internal,Dinner split
TRF-01136,CUST-1133,EXT-5022,25346.98,SAR,1750916132000,COMPLETED,local_bank,Birthday gift
TRF-01137,CUST-1018,EXT-5052,35484.80,SAR,1749117989000,COMPLETED,local_bank,Gas split
TRF-01138,CUST-1047,CUST-1149,26364.95,SAR,1740613439000,PROCESSING,internal,Gym membership
TRF-01139,CUST-1125,EXT-5079,27848.12,SAR,1749094824000,COMPLETED,local_bank,Wedding contribution
TRF-01140,CUST-1022,CUST-1036,30578.83,SAR,1749589255000,COMPLETED,internal,Coffee money
TRF-01141,CUST-1073,CUST-1078,7245.93,SAR,1749087901000,COMPLETED,internal,Furniture split
TRF-01142,CUST-1143,CUST-1065,41821.24,SAR,1738893439000,PROCESSING,internal,Car installment
TRF-01143,CUST-1063,EXT-5031,15017.17,SAR,1736379533000,COMPLETED,local_bank,Car installment
TRF-01144,CUST-1029,EXT-5005,19019.15,SAR,1742068621000,FAILED,local_bank,Investment transfer
TRF-01145,CUST-1032,CUST-1032,12434.33,SAR,1745308380000,COMPLETED,internal,Rent share
TRF-01146,CUST-1099,CUST-1007,46534.66,SAR,1748898510000,COMPLETED,internal,Gas split
TRF-01147,CUST-1129,EXT-5096,5105.77,SAR,1745415888000,FAILED,local_bank,Gift money
TRF-01148,CUST-1188,CUST-1097,33830.31,EUR,1738081786000,COMPLETED,internal,Uber share
TRF-01149,CUST-1125,EXT-5072,38855.36,SAR,1740538834000,COMPLETED,local_bank,Salary advance
TRF-01150,CUST-1057,CUST-1021,9908.23,SAR,1736852787000,COMPLETED,internal,Dinner split
TRF-01151,CUST-1029,EXT-5082,495.28,SAR,1741416953000,COMPLETED,local_bank,Furniture split
TRF-01152,CUST-1181,CUST-1041,5801.05,SAR,1750339977000,COMPLETED,internal,Event tickets
TRF-01153,CUST-1001,CUST-1080,25121.38,SAR,1742629350000,COMPLETED,internal,Investment transfer
TRF-01154,CUST-1191,CUST-1013,45137.72,USD,1743286427000,COMPLETED,internal,Lunch money
TRF-01155,CUST-1170,EXT-5059,3469.76,SAR,1739003156000,COMPLETED,local_bank,Gym membership
TRF-01156,CUST-1091,EXT-5050,6265.91,AED,1748506164000,COMPLETED,international,Eid gift
TRF-01157,CUST-1084,EXT-5061,39530.07,SAR,1743315931000,PROCESSING,local_bank,Gym membership
TRF-01158,CUST-1007,CUST-1055,46868.58,USD,1740137164000,COMPLETED,internal,Business invoice
TRF-01159,CUST-1161,EXT-5079,26267.89,AED,1735744642000,COMPLETED,local_bank,School tuition
TRF-01160,CUST-1064,EXT-5014,19665.29,SAR,1745994617000,COMPLETED,local_bank,Car installment
TRF-01161,CUST-1048,EXT-5052,3549.71,EUR,1749661865000,COMPLETED,local_bank,Rent share
TRF-01162,CUST-1058,CUST-1110,22551.50,SAR,1739603953000,COMPLETED,internal,Furniture split
TRF-01163,CUST-1166,EXT-5006,46273.73,SAR,1742335865000,COMPLETED,local_bank,Car installment
TRF-01164,CUST-1176,CUST-1021,26695.43,SAR,1742494727000,FAILED,internal,Birthday gift
TRF-01165,CUST-1076,EXT-5013,11300.71,SAR,1736310737000,COMPLETED,local_bank,Internet bill
TRF-01166,CUST-1074,CUST-1016,14536.75,SAR,1744424229000,COMPLETED,internal,Eid gift
TRF-01167,CUST-1154,CUST-1144,31782.53,SAR,1745478250000,COMPLETED,internal,Investment transfer
TRF-01168,CUST-1070,EXT-5033,23370.18,SAR,1750747811000,FAILED,local_bank,School tuition
TRF-01169,CUST-1104,CUST-1007,46068.45,GBP,1743332724000,COMPLETED,internal,Rent share
TRF-01170,CUST-1193,CUST-1114,47788.21,SAR,1750134428000,COMPLETED,internal,Cleaning service
TRF-01171,CUST-1124,CUST-1147,29779.96,AED,1749250640000,COMPLETED,internal,Movie tickets
TRF-01172,CUST-1010,EXT-5068,46579.55,SAR,1736921974000,COMPLETED,local_bank,Dinner split
TRF-01173,CUST-1147,EXT-5098,49635.10,USD,1740347002000,FAILED,international,Rent share
TRF-01174,CUST-1044,CUST-1069,4315.69,SAR,1749270923000,COMPLETED,internal,Birthday gift
TRF-01175,CUST-1152,EXT-5058,11625.78,SAR,1746845435000,FAILED,local_bank,Medical bill
TRF-01176,CUST-1078,EXT-5073,49246.50,SAR,1751208089000,COMPLETED,local_bank,Insurance premium
TRF-01177,CUST-1042,CUST-1146,24007.45,GBP,1747082374000,COMPLETED,internal,Movie tickets
TRF-01178,CUST-1055,EXT-5030,43822.94,USD,1748381355000,COMPLETED,international,Lunch money
TRF-01179,CUST-1159,EXT-5075,31329.12,AED,1741520596000,COMPLETED,international,Uber share
TRF-01180,CUST-1099,EXT-5015,32383.25,AED,1743338884000,COMPLETED,international,Dinner split
TRF-01181,CUST-1117,CUST-1146,38169.80,USD,1747330083000,COMPLETED,internal,Gym membership
TRF-01182,CUST-1130,EXT-5092,46455.43,SAR,1738972011000,PROCESSING,local_bank,Coffee money
TRF-01183,CUST-1144,CUST-1135,16485.18,SAR,1746772801000,COMPLETED,internal,Movie tickets
TRF-01184,CUST-1160,CUST-1123,19407.13,SAR,1743286421000,FAILED,internal,Car installment
TRF-01185,CUST-1067,EXT-5011,13681.24,EUR,1739050563000,COMPLETED,international,Parking fee
TRF-01186,CUST-1196,EXT-5078,46861.91,SAR,1742903667000,COMPLETED,local_bank,Insurance premium
TRF-01187,CUST-1094,EXT-5083,43636.95,SAR,1749515918000,COMPLETED,local_bank,Eid gift
TRF-01188,CUST-1156,CUST-1031,6080.54,USD,1737968253000,COMPLETED,internal,Rent share
TRF-01189,CUST-1101,EXT-5076,46723.79,EUR,1741906653000,PROCESSING,international,Gym membership
TRF-01190,CUST-1101,CUST-1103,29630.56,SAR,1747321544000,COMPLETED,internal,Eid gift
TRF-01191,CUST-1004,CUST-1076,31423.32,SAR,1741179582000,COMPLETED,internal,Charity donation
TRF-01192,CUST-1002,CUST-1154,12534.37,SAR,1737902365000,COMPLETED,internal,Furniture split
TRF-01193,CUST-1026,EXT-5070,47688.69,AED,1745466724000,COMPLETED,international,Insurance premium
TRF-01194,CUST-1083,CUST-1155,32425.87,USD,1741206584000,COMPLETED,internal,Business invoice
TRF-01195,CUST-1045,CUST-1014,33343.79,SAR,1748828305000,COMPLETED,internal,Event tickets
TRF-01196,CUST-1198,EXT-5008,21212.38,GBP,1742649611000,COMPLETED,international,Gas split
TRF-01197,CUST-1150,EXT-5025,39391.19,SAR,1748619336000,PROCESSING,local_bank,Business invoice
TRF-01198,CUST-1161,EXT-5011,4395.12,SAR,1739557736000,COMPLETED,local_bank,Salary advance
TRF-01199,CUST-1173,EXT-5072,26547.48,EUR,1740765146000,FAILED,international,Loan repayment
TRF-01200,CUST-1147,EXT-5007,34333.06,SAR,1750604767000,PROCESSING,local_bank,Movie tickets
TRF-01201,CUST-1144,EXT-5062,33695.95,SAR,1739340693000,COMPLETED,local_bank,Salary advance
TRF-01202,CUST-1068,EXT-5034,33816.69,AED,1743504002000,FAILED,international,School tuition
TRF-01203,CUST-1161,EXT-5047,36234.72,EUR,1736860282000,COMPLETED,local_bank,Gift money
TRF-01204,CUST-1033,CUST-1198,27352.05,GBP,1750422390000,COMPLETED,internal,Rent share
TRF-01205,CUST-1106,CUST-1193,36364.48,SAR,1742353612000,COMPLETED,internal,Dinner split
TRF-01206,CUST-1124,CUST-1017,31372.65,SAR,1747721217000,COMPLETED,internal,Movie tickets
TRF-01207,CUST-1008,CUST-1049,38231.21,SAR,1747259741000,FAILED,internal,Wedding contribution
TRF-01208,CUST-1156,CUST-1109,15850.04,SAR,1746175898000,FAILED,internal,Investment transfer
TRF-01209,CUST-1017,EXT-5060,757.38,SAR,1739772990000,COMPLETED,local_bank,School tuition
TRF-01210,CUST-1148,EXT-5009,32932.87,EUR,1741441840000,COMPLETED,international,Coffee money
TRF-01211,CUST-1137,CUST-1163,40254.11,USD,1750971388000,COMPLETED,internal,Shared groceries
TRF-01212,CUST-1098,EXT-5031,13009.24,SAR,1749867534000,FAILED,local_bank,Investment transfer
TRF-01213,CUST-1083,CUST-1048,45350.80,SAR,1742636124000,PROCESSING,internal,Gym membership
TRF-01214,CUST-1067,CUST-1176,38008.43,SAR,1739848393000,PROCESSING,internal,Cleaning service
TRF-01215,CUST-1110,EXT-5091,25369.71,AED,1750310347000,COMPLETED,international,Car installment
TRF-01216,CUST-1080,CUST-1057,12882.62,SAR,1745829012000,PROCESSING,internal,Medical bill
TRF-01217,CUST-1007,CUST-1144,4267.79,SAR,1741285045000,COMPLETED,internal,Furniture split
TRF-01218,CUST-1090,EXT-5087,34715.65,SAR,1748612748000,FAILED,local_bank,Internet bill
TRF-01219,CUST-1100,EXT-5022,46454.27,AED,1736557004000,COMPLETED,international,Internet bill
TRF-01220,CUST-1092,EXT-5013,800.41,SAR,1747921730000,COMPLETED,local_bank,Loan repayment
TRF-01221,CUST-1061,EXT-5022,8937.09,SAR,1747833526000,COMPLETED,local_bank,Loan repayment
TRF-01222,CUST-1186,CUST-1056,16206.80,SAR,1740664507000,COMPLETED,internal,Travel booking
TRF-01223,CUST-1002,CUST-1160,32898.12,SAR,1745567915000,COMPLETED,internal,Charity donation
TRF-01224,CUST-1120,EXT-5030,30086.20,EUR,1741705470000,COMPLETED,international,Gas split
TRF-01225,CUST-1149,CUST-1196,28220.61,SAR,1746474917000,COMPLETED,internal,Gym membership
TRF-01226,CUST-1185,EXT-5035,3683.79,SAR,1743726811000,FAILED,local_bank,Freelancer payment
TRF-01227,CUST-1101,EXT-5002,26390.03,SAR,1738172434000,COMPLETED,local_bank,Loan repayment
TRF-01228,CUST-1168,EXT-5056,8024.03,SAR,1745004005000,COMPLETED,local_bank,Uber share
TRF-01229,CUST-1042,CUST-1054,730.54,SAR,1736403169000,COMPLETED,internal,Loan repayment
TRF-01230,CUST-1064,CUST-1191,34974.27,AED,1745380243000,COMPLETED,internal,Cleaning service
TRF-01231,CUST-1065,EXT-5072,23322.22,SAR,1750931182000,COMPLETED,local_bank,Coffee money
TRF-01232,CUST-1029,CUST-1121,26089.90,SAR,1739083524000,COMPLETED,internal,Shared groceries
TRF-01233,CUST-1163,EXT-5030,49079.68,SAR,1748471371000,COMPLETED,local_bank,Travel booking
TRF-01234,CUST-1090,CUST-1048,6695.38,SAR,1736757037000,FAILED,internal,Eid gift
TRF-01235,CUST-1006,EXT-5038,23503.31,SAR,1749597252000,FAILED,local_bank,Car installment
TRF-01236,CUST-1112,EXT-5092,38104.00,AED,1739194552000,FAILED,international,Loan repayment
TRF-01237,CUST-1084,CUST-1041,36535.81,SAR,1741612851000,COMPLETED,internal,Car installment
TRF-01238,CUST-1176,EXT-5003,44251.24,GBP,1736225328000,COMPLETED,international,Dinner split
TRF-01239,CUST-1159,CUST-1177,12804.08,SAR,1737844948000,COMPLETED,internal,Wedding contribution
TRF-01240,CUST-1045,CUST-1177,10498.10,SAR,1735862509000,COMPLETED,internal,Gift money
TRF-01241,CUST-1034,CUST-1083,37293.65,SAR,1744556659000,COMPLETED,internal,Rent share
TRF-01242,CUST-1181,CUST-1172,7125.85,SAR,1749423951000,FAILED,internal,Gym membership
TRF-01243,CUST-1051,EXT-5043,28720.04,USD,1742976110000,PROCESSING,local_bank,Investment transfer
TRF-01244,CUST-1037,EXT-5004,5601.74,USD,1742654052000,PROCESSING,local_bank,Loan repayment
TRF-01245,CUST-1057,CUST-1109,39230.14,USD,1745950085000,COMPLETED,internal,Movie tickets
TRF-01246,CUST-1143,EXT-5094,472.39,SAR,1739144232000,COMPLETED,local_bank,Gym membership
TRF-01247,CUST-1096,CUST-1065,952.81,SAR,1737353246000,COMPLETED,internal,Loan repayment
TRF-01248,CUST-1068,EXT-5060,34291.85,SAR,1740504076000,COMPLETED,local_bank,Coffee money
TRF-01249,CUST-1189,CUST-1142,16466.60,SAR,1746682777000,COMPLETED,internal,Charity donation
TRF-01250,CUST-1105,CUST-1037,20649.58,SAR,1747310406000,COMPLETED,internal,Medical bill
TRF-01251,CUST-1001,EXT-5017,5959.57,SAR,1735784257000,COMPLETED,local_bank,Movie tickets
TRF-01252,CUST-1005,EXT-5079,20403.19,EUR,1745298189000,PROCESSING,local_bank,Wedding contribution
TRF-01253,CUST-1026,EXT-5093,16501.51,USD,1738407500000,PROCESSING,international,Birthday gift
TRF-01254,CUST-1096,CUST-1179,8140.61,SAR,1746762817000,COMPLETED,internal,Internet bill
TRF-01255,CUST-1013,CUST-1129,9663.40,USD,1743333298000,FAILED,internal,Eid gift
TRF-01256,CUST-1163,CUST-1061,13557.95,SAR,1736643163000,FAILED,internal,Gas split
TRF-01257,CUST-1183,CUST-1128,8726.10,GBP,1741384344000,PROCESSING,internal,Gas split
TRF-01258,CUST-1174,CUST-1153,38581.70,SAR,1737141004000,COMPLETED,internal,Internet bill
TRF-01259,CUST-1085,EXT-5021,25332.05,GBP,1742987232000,COMPLETED,international,Eid gift
TRF-01260,CUST-1115,EXT-5070,20099.28,EUR,1739390988000,COMPLETED,international,Eid gift
TRF-01261,CUST-1071,EXT-5076,11905.61,SAR,1739956011000,COMPLETED,local_bank,Coffee money
TRF-01262,CUST-1137,EXT-5001,29654.51,SAR,1737657630000,COMPLETED,local_bank,Wedding contribution
TRF-01263,CUST-1018,CUST-1034,49582.80,SAR,1739376496000,COMPLETED,internal,Furniture split
TRF-01264,CUST-1085,EXT-5099,29816.90,GBP,1738719859000,COMPLETED,international,Birthday gift
TRF-01265,CUST-1189,CUST-1145,16065.55,SAR,1744002647000,COMPLETED,internal,Business invoice
TRF-01266,CUST-1023,CUST-1175,22466.16,SAR,1745617861000,COMPLETED,internal,School tuition
TRF-01267,CUST-1005,EXT-5040,20589.74,AED,1738078119000,COMPLETED,international,Gas split
TRF-01268,CUST-1065,CUST-1197,5212.96,USD,1742209653000,COMPLETED,internal,Travel booking
TRF-01269,CUST-1146,CUST-1136,45579.07,SAR,1736336306000,PROCESSING,internal,Dinner split
TRF-01270,CUST-1090,EXT-5022,38831.62,SAR,1739061625000,COMPLETED,local_bank,Furniture split
TRF-01271,CUST-1134,EXT-5100,398.04,SAR,1744306189000,COMPLETED,local_bank,Gym membership
TRF-01272,CUST-1118,EXT-5088,6503.94,SAR,1744198301000,FAILED,local_bank,Investment transfer
TRF-01273,CUST-1133,EXT-5080,361.55,SAR,1751125276000,COMPLETED,local_bank,Gym membership
TRF-01274,CUST-1100,CUST-1190,12328.37,SAR,1749723033000,COMPLETED,internal,Business invoice
TRF-01275,CUST-1194,EXT-5062,43016.40,SAR,1745651077000,COMPLETED,local_bank,Eid gift
TRF-01276,CUST-1027,EXT-5043,46752.71,SAR,1750985750000,COMPLETED,local_bank,Freelancer payment
TRF-01277,CUST-1134,EXT-5063,44126.92,GBP,1738124052000,COMPLETED,international,Insurance premium
TRF-01278,CUST-1188,EXT-5072,25609.97,USD,1744281218000,FAILED,local_bank,Dinner split
TRF-01279,CUST-1140,EXT-5099,48458.03,EUR,1743524265000,COMPLETED,international,Furniture split
TRF-01280,CUST-1063,CUST-1183,28427.96,AED,1746500941000,COMPLETED,internal,Charity donation
TRF-01281,CUST-1061,EXT-5076,29123.80,SAR,1745941749000,PROCESSING,local_bank,Cleaning service
TRF-01282,CUST-1077,CUST-1081,45033.75,SAR,1746742494000,COMPLETED,internal,Gas split
TRF-01283,CUST-1080,CUST-1029,2170.31,USD,1742443483000,COMPLETED,internal,Parking fee
TRF-01284,CUST-1044,EXT-5055,14247.61,GBP,1739579069000,COMPLETED,international,Grocery share
TRF-01285,CUST-1116,CUST-1146,19556.05,SAR,1749106145000,PROCESSING,internal,Gym membership
TRF-01286,CUST-1064,CUST-1149,25774.47,SAR,1751128964000,FAILED,internal,Medical bill
TRF-01287,CUST-1085,EXT-5082,28388.91,SAR,1736591560000,COMPLETED,local_bank,Coffee money
TRF-01288,CUST-1156,EXT-5074,25319.02,GBP,1740954233000,COMPLETED,international,Medical bill
TRF-01289,CUST-1194,CUST-1173,20837.82,SAR,1749056418000,COMPLETED,internal,Car installment
TRF-01290,CUST-1097,EXT-5068,41192.33,SAR,1740826009000,FAILED,local_bank,Salary advance
TRF-01291,CUST-1126,EXT-5027,32611.22,AED,1737324246000,FAILED,international,Movie tickets
TRF-01292,CUST-1120,EXT-5050,46061.08,SAR,1746362882000,COMPLETED,local_bank,Birthday gift
TRF-01293,CUST-1169,CUST-1165,24601.56,SAR,1744651524000,COMPLETED,internal,Loan repayment
TRF-01294,CUST-1150,CUST-1039,35777.67,SAR,1744088612000,COMPLETED,internal,Lunch money
TRF-01295,CUST-1004,CUST-1049,29397.55,SAR,1741387786000,COMPLETED,internal,Travel booking
TRF-01296,CUST-1086,EXT-5099,11218.17,EUR,1748513022000,COMPLETED,international,Internet bill
TRF-01297,CUST-1175,EXT-5041,22935.45,SAR,1740943096000,FAILED,local_bank,Event tickets
TRF-01298,CUST-1182,CUST-1031,22530.01,SAR,1740086112000,COMPLETED,internal,Furniture split
TRF-01299,CUST-1014,CUST-1036,12290.90,EUR,1743770216000,COMPLETED,internal,Car installment
TRF-01300,CUST-1075,EXT-5079,1678.66,SAR,1739759693000,PROCESSING,local_bank,Insurance premium
TRF-01301,CUST-1081,CUST-1089,49334.86,SAR,1736385392000,COMPLETED,internal,Salary advance
TRF-01302,CUST-1011,EXT-5015,3691.41,SAR,1742696897000,COMPLETED,local_bank,Gym membership
TRF-01303,CUST-1093,EXT-5036,39961.78,SAR,1737547306000,PROCESSING,local_bank,Shared groceries
TRF-01304,CUST-1028,EXT-5073,33136.97,SAR,1737246771000,FAILED,local_bank,Gift money
TRF-01305,CUST-1123,EXT-5094,42138.52,USD,1741133782000,COMPLETED,international,Eid gift
TRF-01306,CUST-1189,EXT-5014,8451.31,AED,1738189371000,COMPLETED,local_bank,Cleaning service
TRF-01307,CUST-1061,EXT-5091,18240.24,SAR,1740649120000,COMPLETED,local_bank,Wedding contribution
TRF-01308,CUST-1143,EXT-5046,46841.13,USD,1741906384000,COMPLETED,international,Birthday gift
TRF-01309,CUST-1088,EXT-5043,48476.57,SAR,1739243296000,PROCESSING,local_bank,Birthday gift
TRF-01310,CUST-1110,CUST-1128,38410.34,SAR,1745841013000,FAILED,internal,Lunch money
TRF-01311,CUST-1056,CUST-1166,20503.03,SAR,1738898360000,COMPLETED,internal,Uber share
TRF-01312,CUST-1154,CUST-1068,20558.89,SAR,1736172827000,COMPLETED,internal,Shared groceries
TRF-01313,CUST-1178,EXT-5032,36046.43,AED,1749429693000,COMPLETED,international,Wedding contribution
TRF-01314,CUST-1145,CUST-1048,9196.24,AED,1736723742000,COMPLETED,internal,Eid gift
TRF-01315,CUST-1096,CUST-1174,5218.13,SAR,1748651932000,COMPLETED,internal,Salary advance
TRF-01316,CUST-1111,EXT-5060,36067.89,SAR,1741399409000,FAILED,local_bank,Dinner split
TRF-01317,CUST-1045,CUST-1015,42418.69,SAR,1739924542000,COMPLETED,internal,Business invoice
TRF-01318,CUST-1009,EXT-5056,44703.40,SAR,1750985736000,COMPLETED,local_bank,Loan repayment
TRF-01319,CUST-1047,EXT-5010,34296.50,EUR,1748344074000,FAILED,international,Movie tickets
TRF-01320,CUST-1060,EXT-5095,41955.59,SAR,1748104553000,COMPLETED,local_bank,Shared groceries
TRF-01321,CUST-1148,CUST-1167,5632.62,SAR,1749941125000,COMPLETED,internal,School tuition
TRF-01322,CUST-1007,EXT-5011,45983.02,SAR,1736389118000,COMPLETED,local_bank,Parking fee
TRF-01323,CUST-1144,CUST-1038,32621.86,SAR,1743139393000,PROCESSING,internal,Gym membership
TRF-01324,CUST-1047,EXT-5100,14310.74,SAR,1745071933000,COMPLETED,local_bank,Charity donation
TRF-01325,CUST-1189,EXT-5069,39466.41,USD,1750621664000,COMPLETED,local_bank,Internet bill
TRF-01326,CUST-1038,CUST-1103,7947.38,SAR,1746755685000,COMPLETED,internal,Movie tickets
TRF-01327,CUST-1178,EXT-5096,49042.73,USD,1738491091000,COMPLETED,international,Investment transfer
TRF-01328,CUST-1142,CUST-1075,35187.39,SAR,1741817405000,COMPLETED,internal,Investment transfer
TRF-01329,CUST-1083,CUST-1190,24558.57,USD,1735902868000,COMPLETED,internal,Wedding contribution
TRF-01330,CUST-1178,CUST-1166,41517.44,SAR,1740132882000,COMPLETED,internal,Gift money
TRF-01331,CUST-1178,EXT-5033,49966.20,AED,1738650021000,COMPLETED,local_bank,Eid gift
TRF-01332,CUST-1056,EXT-5071,12537.92,SAR,1743984069000,COMPLETED,local_bank,Parking fee
TRF-01333,CUST-1138,CUST-1004,40525.07,SAR,1747407328000,COMPLETED,internal,Gym membership
TRF-01334,CUST-1107,CUST-1123,38774.05,SAR,1736569205000,COMPLETED,internal,Car installment
TRF-01335,CUST-1037,EXT-5066,22693.48,SAR,1751135308000,COMPLETED,local_bank,Travel booking
TRF-01336,CUST-1079,CUST-1103,39780.32,SAR,1737969652000,COMPLETED,internal,Coffee money
TRF-01337,CUST-1038,EXT-5088,35375.11,SAR,1748360520000,COMPLETED,local_bank,Gym membership
TRF-01338,CUST-1031,EXT-5004,9801.80,SAR,1743948393000,COMPLETED,local_bank,Cleaning service
TRF-01339,CUST-1133,EXT-5005,36434.50,SAR,1742356614000,COMPLETED,local_bank,Medical bill
TRF-01340,CUST-1003,CUST-1020,48185.12,SAR,1742417098000,COMPLETED,internal,Lunch money
TRF-01341,CUST-1121,EXT-5048,7225.82,SAR,1745457364000,COMPLETED,local_bank,Freelancer payment
TRF-01342,CUST-1032,CUST-1195,13132.80,SAR,1745021343000,FAILED,internal,Insurance premium
TRF-01343,CUST-1061,CUST-1173,4169.46,SAR,1742374991000,COMPLETED,internal,Car installment
TRF-01344,CUST-1148,EXT-5011,27822.78,EUR,1740072850000,COMPLETED,local_bank,Rent share
TRF-01345,CUST-1134,EXT-5001,5933.81,AED,1735702107000,FAILED,local_bank,Medical bill
TRF-01346,CUST-1200,EXT-5088,18357.28,USD,1736343583000,COMPLETED,international,Eid gift
TRF-01347,CUST-1167,CUST-1186,23570.07,AED,1740467797000,COMPLETED,internal,Lunch money
TRF-01348,CUST-1058,CUST-1109,28953.27,EUR,1747959881000,COMPLETED,internal,Business invoice
TRF-01349,CUST-1098,EXT-5090,45601.47,SAR,1742599375000,COMPLETED,local_bank,Event tickets
TRF-01350,CUST-1014,CUST-1018,46319.38,SAR,1745256316000,COMPLETED,internal,Salary advance
TRF-01351,CUST-1174,EXT-5007,24823.14,USD,1748042085000,COMPLETED,local_bank,Rent share
TRF-01352,CUST-1186,CUST-1004,7438.38,SAR,1746837725000,COMPLETED,internal,Investment transfer
TRF-01353,CUST-1122,CUST-1176,31339.62,SAR,1747478710000,FAILED,internal,Business invoice
TRF-01354,CUST-1045,CUST-1021,33732.32,SAR,1746082419000,COMPLETED,internal,Insurance premium
TRF-01355,CUST-1160,EXT-5061,23041.01,SAR,1747302370000,FAILED,local_bank,Event tickets
TRF-01356,CUST-1086,EXT-5030,21118.82,USD,1745661294000,PROCESSING,local_bank,Eid gift
TRF-01357,CUST-1192,CUST-1066,8358.24,USD,1738221596000,COMPLETED,internal,Event tickets
TRF-01358,CUST-1174,EXT-5079,33450.76,GBP,1738463450000,COMPLETED,international,Lunch money
TRF-01359,CUST-1022,EXT-5037,38930.23,SAR,1739225566000,COMPLETED,local_bank,Lunch money
TRF-01360,CUST-1011,EXT-5047,11925.39,EUR,1748781414000,FAILED,international,Grocery share
TRF-01361,CUST-1059,EXT-5055,19779.53,SAR,1745302937000,PROCESSING,local_bank,Coffee money
TRF-01362,CUST-1176,EXT-5058,5769.46,SAR,1747021198000,COMPLETED,local_bank,Grocery share
TRF-01363,CUST-1002,EXT-5041,38343.42,SAR,1749240402000,COMPLETED,local_bank,Lunch money
TRF-01364,CUST-1154,EXT-5006,26053.04,SAR,1746003112000,PROCESSING,local_bank,Loan repayment
TRF-01365,CUST-1133,EXT-5011,29415.66,SAR,1736267255000,COMPLETED,local_bank,Salary advance
TRF-01366,CUST-1055,CUST-1129,14169.24,SAR,1736439602000,FAILED,internal,Insurance premium
TRF-01367,CUST-1114,CUST-1068,28251.22,SAR,1745372228000,COMPLETED,internal,Wedding contribution
TRF-01368,CUST-1054,CUST-1067,12181.89,SAR,1738121087000,COMPLETED,internal,Uber share
TRF-01369,CUST-1152,CUST-1025,4535.55,AED,1736634569000,FAILED,internal,Medical bill
TRF-01370,CUST-1096,EXT-5010,20523.82,GBP,1742800819000,COMPLETED,international,Business invoice
TRF-01371,CUST-1142,EXT-5094,40927.14,EUR,1736963745000,COMPLETED,international,Insurance premium
TRF-01372,CUST-1148,EXT-5016,10490.14,SAR,1749414881000,FAILED,local_bank,Eid gift
TRF-01373,CUST-1186,EXT-5026,43880.44,USD,1736351528000,COMPLETED,international,Gift money
TRF-01374,CUST-1169,EXT-5034,30813.82,SAR,1743992827000,FAILED,local_bank,Internet bill
TRF-01375,CUST-1035,CUST-1086,14832.37,USD,1749540712000,COMPLETED,internal,Movie tickets
TRF-01376,CUST-1148,EXT-5062,27407.56,AED,1737393250000,PROCESSING,local_bank,Business invoice
TRF-01377,CUST-1037,CUST-1195,23529.31,USD,1747139131000,COMPLETED,internal,Business invoice
TRF-01378,CUST-1187,EXT-5036,19335.96,SAR,1740626434000,COMPLETED,local_bank,Investment transfer
TRF-01379,CUST-1064,EXT-5014,27386.69,SAR,1739911432000,FAILED,local_bank,Charity donation
TRF-01380,CUST-1047,CUST-1068,22905.98,SAR,1744054843000,COMPLETED,internal,Travel booking
TRF-01381,CUST-1013,CUST-1089,31078.52,USD,1750728898000,COMPLETED,internal,Wedding contribution
TRF-01382,CUST-1115,EXT-5080,25928.31,AED,1746058181000,COMPLETED,local_bank,Investment transfer
TRF-01383,CUST-1139,EXT-5060,16538.84,AED,1740359563000,COMPLETED,local_bank,Medical bill
TRF-01384,CUST-1067,EXT-5098,3472.87,SAR,1740340341000,COMPLETED,local_bank,Dinner split
TRF-01385,CUST-1157,CUST-1185,49556.32,AED,1739256429000,COMPLETED,internal,Parking fee
TRF-01386,CUST-1001,EXT-5043,9107.93,AED,1743293861000,COMPLETED,international,Event tickets
TRF-01387,CUST-1017,EXT-5075,44791.67,AED,1744338310000,COMPLETED,international,Rent share
TRF-01388,CUST-1029,CUST-1072,26404.01,USD,1748892971000,COMPLETED,internal,Charity donation
TRF-01389,CUST-1155,CUST-1109,33457.30,SAR,1742512799000,COMPLETED,internal,Internet bill
TRF-01390,CUST-1018,CUST-1105,20109.12,SAR,1747510948000,COMPLETED,internal,Furniture split
TRF-01391,CUST-1062,CUST-1120,20950.09,SAR,1745968084000,COMPLETED,internal,Medical bill
TRF-01392,CUST-1008,CUST-1060,1765.81,SAR,1747532792000,COMPLETED,internal,Eid gift
TRF-01393,CUST-1163,CUST-1062,10666.86,SAR,1743064251000,FAILED,internal,Shared groceries
TRF-01394,CUST-1167,EXT-5097,26849.42,USD,1746344742000,FAILED,international,Shared groceries
TRF-01395,CUST-1073,CUST-1117,17613.67,USD,1738837406000,COMPLETED,internal,Coffee money
TRF-01396,CUST-1027,CUST-1161,27184.88,SAR,1735922922000,COMPLETED,internal,Travel booking
TRF-01397,CUST-1048,EXT-5063,39899.34,SAR,1750881821000,COMPLETED,local_bank,Wedding contribution
TRF-01398,CUST-1020,CUST-1179,17342.38,USD,1750136835000,COMPLETED,internal,Birthday gift
TRF-01399,CUST-1132,EXT-5049,21656.09,SAR,1747567988000,COMPLETED,local_bank,Car installment
TRF-01400,CUST-1134,CUST-1043,27553.26,SAR,1744444358000,COMPLETED,internal,Birthday gift
TRF-01401,CUST-1036,CUST-1044,26170.35,AED,1744747037000,COMPLETED,internal,Wedding contribution
TRF-01402,CUST-1150,CUST-1081,30676.50,USD,1742227414000,COMPLETED,internal,Internet bill
TRF-01403,CUST-1183,EXT-5068,8788.40,SAR,1744096199000,COMPLETED,local_bank,Furniture split
TRF-01404,CUST-1137,CUST-1115,16423.64,USD,1736428248000,COMPLETED,internal,Car installment
TRF-01405,CUST-1172,CUST-1173,30848.52,SAR,1745001939000,COMPLETED,internal,Car installment
TRF-01406,CUST-1188,EXT-5022,45899.03,EUR,1739171811000,COMPLETED,international,Loan repayment
TRF-01407,CUST-1134,EXT-5038,22131.27,SAR,1750320260000,PROCESSING,local_bank,Charity donation
TRF-01408,CUST-1140,CUST-1035,27083.51,SAR,1746808843000,PROCESSING,internal,Birthday gift
TRF-01409,CUST-1048,EXT-5019,36941.66,SAR,1736169950000,PROCESSING,local_bank,School tuition
TRF-01410,CUST-1039,CUST-1130,24161.02,GBP,1745095057000,COMPLETED,internal,Movie tickets
TRF-01411,CUST-1069,EXT-5011,372.59,EUR,1738735798000,FAILED,local_bank,Travel booking
TRF-01412,CUST-1059,CUST-1069,17354.47,SAR,1750276421000,PROCESSING,internal,Grocery share
TRF-01413,CUST-1163,EXT-5048,44536.47,GBP,1738592982000,COMPLETED,international,Cleaning service
TRF-01414,CUST-1034,EXT-5064,38357.50,SAR,1736620828000,COMPLETED,local_bank,Birthday gift
TRF-01415,CUST-1055,CUST-1136,29204.72,SAR,1739345269000,COMPLETED,internal,Gift money
TRF-01416,CUST-1199,EXT-5029,33463.01,SAR,1737805788000,COMPLETED,local_bank,Travel booking
TRF-01417,CUST-1089,EXT-5003,8169.22,SAR,1739953438000,COMPLETED,local_bank,Grocery share
TRF-01418,CUST-1187,CUST-1085,14524.78,SAR,1742570195000,COMPLETED,internal,Business invoice
TRF-01419,CUST-1186,EXT-5088,44619.73,AED,1743368937000,FAILED,international,Salary advance
TRF-01420,CUST-1076,CUST-1027,48553.59,SAR,1744699097000,COMPLETED,internal,Insurance premium
TRF-01421,CUST-1150,EXT-5082,14281.60,SAR,1750265666000,FAILED,local_bank,Eid gift
TRF-01422,CUST-1060,EXT-5051,49324.87,USD,1741441509000,COMPLETED,local_bank,Business invoice
TRF-01423,CUST-1003,CUST-1072,46372.33,SAR,1740120924000,PROCESSING,internal,Event tickets
TRF-01424,CUST-1111,EXT-5096,9378.74,SAR,1738674042000,FAILED,local_bank,Gas split
TRF-01425,CUST-1019,EXT-5021,17618.94,GBP,1743487914000,FAILED,international,Eid gift
TRF-01426,CUST-1008,CUST-1169,44559.47,USD,1739694703000,FAILED,internal,Business invoice
TRF-01427,CUST-1068,CUST-1150,33877.68,USD,1740364038000,COMPLETED,internal,Wedding contribution
TRF-01428,CUST-1071,CUST-1125,31812.64,SAR,1745655201000,COMPLETED,internal,Freelancer payment
TRF-01429,CUST-1016,CUST-1033,2369.45,AED,1750098055000,COMPLETED,internal,Investment transfer
TRF-01430,CUST-1131,CUST-1178,36069.82,SAR,1744147420000,COMPLETED,internal,Car installment
TRF-01431,CUST-1195,CUST-1037,12395.08,SAR,1742800945000,COMPLETED,internal,Business invoice
TRF-01432,CUST-1014,CUST-1141,3794.06,SAR,1744756157000,FAILED,internal,Rent share
TRF-01433,CUST-1030,CUST-1056,14017.37,SAR,1749236743000,COMPLETED,internal,Birthday gift
TRF-01434,CUST-1104,EXT-5003,32800.29,SAR,1743920049000,COMPLETED,local_bank,Medical bill
TRF-01435,CUST-1197,EXT-5010,46300.85,GBP,1741819745000,COMPLETED,local_bank,Wedding contribution
TRF-01436,CUST-1169,EXT-5048,45826.77,SAR,1746882387000,COMPLETED,local_bank,Insurance premium
TRF-01437,CUST-1127,CUST-1146,28506.42,SAR,1741853807000,COMPLETED,internal,Parking fee
TRF-01438,CUST-1088,CUST-1167,31463.39,SAR,1737930609000,COMPLETED,internal,Furniture split
TRF-01439,CUST-1162,CUST-1114,25702.16,SAR,1750364429000,COMPLETED,internal,Parking fee
TRF-01440,CUST-1020,EXT-5029,47103.57,SAR,1747249690000,COMPLETED,local_bank,Gift money
TRF-01441,CUST-1190,EXT-5047,46652.10,SAR,1743284676000,FAILED,local_bank,Grocery share
TRF-01442,CUST-1136,EXT-5065,37967.78,SAR,1742298622000,FAILED,local_bank,Birthday gift
TRF-01443,CUST-1025,CUST-1157,9256.85,SAR,1740704985000,COMPLETED,internal,Charity donation
TRF-01444,CUST-1076,EXT-5038,40193.51,USD,1736359531000,FAILED,international,Gift money
TRF-01445,CUST-1122,EXT-5050,44086.58,SAR,1743454099000,COMPLETED,local_bank,Rent share
TRF-01446,CUST-1132,EXT-5100,47554.06,GBP,1738845791000,PROCESSING,international,Insurance premium
TRF-01447,CUST-1175,CUST-1045,4587.18,SAR,1738509886000,PROCESSING,internal,Lunch money
TRF-01448,CUST-1074,CUST-1189,29141.65,SAR,1748645972000,COMPLETED,internal,School tuition
TRF-01449,CUST-1075,EXT-5003,4521.81,SAR,1749053880000,PROCESSING,local_bank,Car installment
TRF-01450,CUST-1142,CUST-1093,33005.13,SAR,1741614520000,COMPLETED,internal,Investment transfer
TRF-01451,CUST-1082,EXT-5073,1355.21,SAR,1751198948000,COMPLETED,local_bank,Business invoice
TRF-01452,CUST-1065,CUST-1035,32773.84,USD,1750849388000,COMPLETED,internal,Birthday gift
TRF-01453,CUST-1078,EXT-5002,45003.22,SAR,1737141353000,COMPLETED,local_bank,Freelancer payment
TRF-01454,CUST-1078,EXT-5094,40054.22,GBP,1747591501000,COMPLETED,international,Charity donation
TRF-01455,CUST-1018,CUST-1055,34284.06,SAR,1742936957000,FAILED,internal,Shared groceries
TRF-01456,CUST-1119,EXT-5070,9290.12,SAR,1739695789000,COMPLETED,local_bank,Movie tickets
TRF-01457,CUST-1033,CUST-1197,1305.74,SAR,1738457758000,FAILED,internal,Car installment
TRF-01458,CUST-1179,EXT-5027,1981.28,EUR,1740547778000,COMPLETED,international,Gas split
TRF-01459,CUST-1079,EXT-5005,26286.87,SAR,1745784419000,COMPLETED,local_bank,Travel booking
TRF-01460,CUST-1140,EXT-5068,28924.00,SAR,1747044140000,COMPLETED,local_bank,Lunch money
TRF-01461,CUST-1093,CUST-1049,28618.23,SAR,1747021882000,COMPLETED,internal,Gas split
TRF-01462,CUST-1152,CUST-1132,33538.35,SAR,1738906868000,COMPLETED,internal,Loan repayment
TRF-01463,CUST-1144,EXT-5090,47955.46,AED,1739599956000,PROCESSING,international,Wedding contribution
TRF-01464,CUST-1161,EXT-5063,15026.64,SAR,1751210640000,PROCESSING,local_bank,Parking fee
TRF-01465,CUST-1179,CUST-1124,42914.30,SAR,1739334045000,FAILED,internal,Travel booking
TRF-01466,CUST-1145,CUST-1159,25313.82,SAR,1748475263000,COMPLETED,internal,Lunch money
TRF-01467,CUST-1010,CUST-1008,36111.63,SAR,1748793911000,COMPLETED,internal,Rent share
TRF-01468,CUST-1196,CUST-1070,13182.20,EUR,1741854399000,COMPLETED,internal,Rent share
TRF-01469,CUST-1127,CUST-1066,23742.72,USD,1742239616000,COMPLETED,internal,Salary advance
TRF-01470,CUST-1184,EXT-5059,35170.75,SAR,1741690421000,PROCESSING,local_bank,Gas split
TRF-01471,CUST-1168,EXT-5020,41277.22,SAR,1748360741000,PROCESSING,local_bank,Freelancer payment
TRF-01472,CUST-1031,EXT-5004,33110.23,USD,1746457989000,COMPLETED,local_bank,Uber share
TRF-01473,CUST-1020,CUST-1167,33595.18,EUR,1748583383000,COMPLETED,internal,Birthday gift
TRF-01474,CUST-1198,EXT-5097,47705.78,USD,1748424319000,COMPLETED,international,Business invoice
TRF-01475,CUST-1098,EXT-5027,43483.62,AED,1736063409000,COMPLETED,international,Insurance premium
TRF-01476,CUST-1153,EXT-5036,29863.83,SAR,1749726321000,COMPLETED,local_bank,Loan repayment
TRF-01477,CUST-1176,EXT-5032,6854.87,USD,1748527931000,COMPLETED,local_bank,Freelancer payment
TRF-01478,CUST-1177,EXT-5008,5413.67,SAR,1747107225000,COMPLETED,local_bank,Medical bill
TRF-01479,CUST-1003,CUST-1149,45654.44,SAR,1740285200000,FAILED,internal,Salary advance
TRF-01480,CUST-1144,EXT-5026,10817.97,SAR,1739297765000,COMPLETED,local_bank,Coffee money
TRF-01481,CUST-1193,EXT-5044,38918.03,USD,1740600684000,COMPLETED,local_bank,Parking fee
TRF-01482,CUST-1179,EXT-5089,9642.97,SAR,1750363420000,FAILED,local_bank,Shared groceries
TRF-01483,CUST-1063,EXT-5043,270.16,SAR,1745375769000,COMPLETED,local_bank,Shared groceries
TRF-01484,CUST-1037,EXT-5042,41924.98,AED,1738054249000,FAILED,local_bank,Insurance premium
TRF-01485,CUST-1141,CUST-1191,15825.09,SAR,1750279453000,COMPLETED,internal,Freelancer payment
TRF-01486,CUST-1159,EXT-5015,39088.33,AED,1739285663000,COMPLETED,international,Medical bill
TRF-01487,CUST-1043,EXT-5097,27137.62,AED,1750927203000,COMPLETED,international,Travel booking
TRF-01488,CUST-1182,EXT-5026,28133.99,SAR,1746330753000,COMPLETED,local_bank,Gift money
TRF-01489,CUST-1062,EXT-5003,34745.90,SAR,1742581099000,COMPLETED,local_bank,Eid gift
TRF-01490,CUST-1094,EXT-5040,44930.32,SAR,1740270465000,COMPLETED,local_bank,Wedding contribution
TRF-01491,CUST-1189,EXT-5092,19650.81,SAR,1743921586000,PROCESSING,local_bank,Car installment
TRF-01492,CUST-1034,CUST-1103,22873.85,SAR,1741474015000,COMPLETED,internal,Investment transfer
TRF-01493,CUST-1114,EXT-5052,13014.80,SAR,1744295580000,COMPLETED,local_bank,Rent share
TRF-01494,CUST-1132,CUST-1029,13475.04,SAR,1749088041000,COMPLETED,internal,Insurance premium
TRF-01495,CUST-1113,CUST-1140,15587.18,SAR,1739275675000,FAILED,internal,Loan repayment
TRF-01496,CUST-1018,CUST-1107,5921.95,SAR,1740831591000,COMPLETED,internal,Internet bill
TRF-01497,CUST-1008,CUST-1097,25824.69,SAR,1738473892000,COMPLETED,internal,Uber share
TRF-01498,CUST-1192,CUST-1086,35466.77,SAR,1740205761000,COMPLETED,internal,Insurance premium
TRF-01499,CUST-1067,CUST-1190,48489.13,SAR,1742053964000,COMPLETED,internal,Grocery share
TRF-01500,CUST-1066,EXT-5030,49432.05,USD,1749217254000,COMPLETED,international,Freelancer payment
TRF-01501,CUST-1075,EXT-5035,14047.68,GBP,1741352470000,COMPLETED,international,Insurance premium
TRF-01502,CUST-1173,EXT-5055,11551.06,SAR,1735798922000,COMPLETED,local_bank,Car installment
TRF-01503,CUST-1154,EXT-5083,7617.87,EUR,1748688462000,COMPLETED,local_bank,School tuition
TRF-01504,CUST-1134,CUST-1151,13360.11,SAR,1737791424000,FAILED,internal,Dinner split
TRF-01505,CUST-1167,EXT-5099,19535.04,EUR,1744580648000,COMPLETED,international,Travel booking
TRF-01506,CUST-1095,EXT-5008,16248.96,AED,1747073552000,FAILED,local_bank,Eid gift
TRF-01507,CUST-1006,EXT-5025,39046.81,SAR,1745821622000,COMPLETED,local_bank,Car installment
TRF-01508,CUST-1105,EXT-5047,3490.96,USD,1742592318000,FAILED,international,Coffee money
TRF-01509,CUST-1067,EXT-5100,13761.98,EUR,1744535571000,FAILED,international,Gym membership
TRF-01510,CUST-1144,CUST-1049,48060.78,USD,1749317871000,COMPLETED,internal,Salary advance
TRF-01511,CUST-1004,EXT-5054,46398.35,AED,1741230953000,PROCESSING,international,Event tickets
TRF-01512,CUST-1148,CUST-1182,40566.94,SAR,1745643086000,COMPLETED,internal,Gym membership
TRF-01513,CUST-1073,EXT-5096,28808.12,SAR,1740609594000,COMPLETED,local_bank,Movie tickets
TRF-01514,CUST-1022,EXT-5097,42238.60,GBP,1737870662000,COMPLETED,international,Birthday gift
TRF-01515,CUST-1044,EXT-5001,5621.18,EUR,1748135646000,PROCESSING,local_bank,Gas split
TRF-01516,CUST-1018,EXT-5058,15308.59,SAR,1745412485000,FAILED,local_bank,Coffee money
TRF-01517,CUST-1073,EXT-5097,11719.40,EUR,1746989292000,COMPLETED,international,Movie tickets
TRF-01518,CUST-1105,EXT-5028,21133.90,EUR,1750936785000,PROCESSING,international,Medical bill
TRF-01519,CUST-1156,EXT-5092,47777.93,SAR,1749977054000,COMPLETED,local_bank,Salary advance
TRF-01520,CUST-1024,EXT-5002,48298.13,SAR,1737417832000,COMPLETED,local_bank,Event tickets
TRF-01521,CUST-1183,EXT-5037,16898.67,SAR,1742477771000,COMPLETED,local_bank,Uber share
TRF-01522,CUST-1190,CUST-1011,43699.10,USD,1748734594000,COMPLETED,internal,Lunch money
TRF-01523,CUST-1144,CUST-1024,42660.83,SAR,1738597109000,FAILED,internal,Furniture split
TRF-01524,CUST-1164,CUST-1081,38695.68,SAR,1748885412000,COMPLETED,internal,Freelancer payment
TRF-01525,CUST-1164,CUST-1124,26748.41,SAR,1743599097000,PROCESSING,internal,Insurance premium
TRF-01526,CUST-1104,EXT-5063,27744.20,SAR,1746744124000,COMPLETED,local_bank,Salary advance
TRF-01527,CUST-1036,EXT-5042,31864.31,SAR,1747606986000,COMPLETED,local_bank,Dinner split
TRF-01528,CUST-1022,CUST-1133,44177.74,SAR,1747908522000,COMPLETED,internal,Movie tickets
TRF-01529,CUST-1135,EXT-5005,26091.81,SAR,1745653149000,COMPLETED,local_bank,Car installment
TRF-01530,CUST-1185,CUST-1125,6049.85,SAR,1742670477000,COMPLETED,internal,Car installment
TRF-01531,CUST-1077,EXT-5033,35631.07,SAR,1737053532000,COMPLETED,local_bank,Investment transfer
TRF-01532,CUST-1130,CUST-1016,22879.25,SAR,1749104673000,COMPLETED,internal,Shared groceries
TRF-01533,CUST-1188,EXT-5039,10652.16,AED,1747954172000,PROCESSING,international,Event tickets
TRF-01534,CUST-1133,EXT-5084,48503.71,SAR,1738781565000,COMPLETED,local_bank,Charity donation
TRF-01535,CUST-1185,EXT-5062,22929.97,AED,1736630415000,COMPLETED,international,Travel booking
TRF-01536,CUST-1144,CUST-1162,12120.10,SAR,1741291598000,COMPLETED,internal,Shared groceries
TRF-01537,CUST-1023,EXT-5084,27534.56,USD,1738424208000,PROCESSING,international,Shared groceries
TRF-01538,CUST-1104,EXT-5074,3029.54,EUR,1742545951000,FAILED,local_bank,Loan repayment
TRF-01539,CUST-1106,EXT-5003,18035.68,AED,1747740350000,COMPLETED,international,Travel booking
TRF-01540,CUST-1056,EXT-5083,22974.12,GBP,1742558830000,COMPLETED,local_bank,Loan repayment
TRF-01541,CUST-1195,EXT-5068,38429.11,USD,1735701926000,COMPLETED,international,Freelancer payment
TRF-01542,CUST-1175,EXT-5061,22356.43,USD,1749280803000,COMPLETED,international,Charity donation
TRF-01543,CUST-1134,EXT-5008,45953.25,AED,1747507554000,PROCESSING,international,Wedding contribution
TRF-01544,CUST-1193,EXT-5029,24940.54,SAR,1749782609000,PROCESSING,local_bank,Furniture split
TRF-01545,CUST-1009,EXT-5066,25235.31,SAR,1745642248000,COMPLETED,local_bank,Event tickets
TRF-01546,CUST-1178,EXT-5056,27045.84,GBP,1750194981000,COMPLETED,international,Internet bill
TRF-01547,CUST-1176,CUST-1158,2972.67,SAR,1743647751000,COMPLETED,internal,Event tickets
TRF-01548,CUST-1069,CUST-1102,6670.25,SAR,1743582641000,COMPLETED,internal,Insurance premium
TRF-01549,CUST-1174,CUST-1023,25496.46,SAR,1744106997000,COMPLETED,internal,Eid gift
TRF-01550,CUST-1151,CUST-1128,17507.75,SAR,1750092182000,COMPLETED,internal,Freelancer payment
TRF-01551,CUST-1079,CUST-1196,7466.78,SAR,1738801328000,COMPLETED,internal,Shared groceries
TRF-01552,CUST-1102,EXT-5029,6259.12,SAR,1748147487000,COMPLETED,local_bank,Event tickets
TRF-01553,CUST-1066,CUST-1044,18567.14,EUR,1743119763000,COMPLETED,internal,School tuition
TRF-01554,CUST-1003,EXT-5092,49954.74,SAR,1743424187000,PROCESSING,local_bank,Grocery share
TRF-01555,CUST-1067,EXT-5098,11362.74,AED,1737134323000,COMPLETED,international,Medical bill
TRF-01556,CUST-1088,CUST-1166,23254.57,SAR,1748171645000,COMPLETED,internal,Insurance premium
TRF-01557,CUST-1032,CUST-1088,10013.28,SAR,1748430429000,FAILED,internal,Investment transfer
TRF-01558,CUST-1152,CUST-1016,17914.46,SAR,1749742859000,COMPLETED,internal,Loan repayment
TRF-01559,CUST-1186,EXT-5053,9714.19,EUR,1743946301000,COMPLETED,international,School tuition
TRF-01560,CUST-1056,CUST-1034,47184.39,SAR,1747375070000,COMPLETED,internal,Shared groceries
TRF-01561,CUST-1198,EXT-5067,44761.52,EUR,1749652536000,COMPLETED,international,Charity donation
TRF-01562,CUST-1173,CUST-1048,28990.71,SAR,1737393795000,COMPLETED,internal,School tuition
TRF-01563,CUST-1059,EXT-5061,355.21,USD,1747304175000,COMPLETED,international,Lunch money
TRF-01564,CUST-1037,EXT-5027,44806.79,SAR,1739111897000,PROCESSING,local_bank,Eid gift
TRF-01565,CUST-1003,CUST-1051,44345.59,SAR,1738981688000,FAILED,internal,Dinner split
TRF-01566,CUST-1162,EXT-5069,25736.78,USD,1744630950000,COMPLETED,local_bank,Insurance premium
TRF-01567,CUST-1103,EXT-5099,6402.85,EUR,1746511340000,COMPLETED,local_bank,Parking fee
TRF-01568,CUST-1141,EXT-5002,10963.83,SAR,1737377362000,COMPLETED,local_bank,Medical bill
TRF-01569,CUST-1182,EXT-5081,46763.03,SAR,1747045894000,COMPLETED,local_bank,Charity donation
TRF-01570,CUST-1108,EXT-5085,837.96,SAR,1746626741000,FAILED,local_bank,Loan repayment
TRF-01571,CUST-1076,CUST-1181,15129.56,SAR,1749637422000,FAILED,internal,Gift money
TRF-01572,CUST-1025,CUST-1126,26973.57,SAR,1739414623000,COMPLETED,internal,Business invoice
TRF-01573,CUST-1172,CUST-1112,16167.21,SAR,1747645794000,COMPLETED,internal,Cleaning service
TRF-01574,CUST-1116,CUST-1166,48414.89,EUR,1742874398000,COMPLETED,internal,Medical bill
TRF-01575,CUST-1093,EXT-5027,48078.06,SAR,1744510118000,COMPLETED,local_bank,Freelancer payment
TRF-01576,CUST-1163,EXT-5005,22846.14,SAR,1750949059000,COMPLETED,local_bank,Eid gift
TRF-01577,CUST-1174,EXT-5067,4024.33,EUR,1741928464000,COMPLETED,international,School tuition
TRF-01578,CUST-1043,CUST-1153,37880.47,SAR,1749507837000,FAILED,internal,Wedding contribution
TRF-01579,CUST-1089,CUST-1200,34250.55,SAR,1736183257000,COMPLETED,internal,Birthday gift
TRF-01580,CUST-1003,EXT-5056,45576.36,SAR,1746573092000,COMPLETED,local_bank,Loan repayment
TRF-01581,CUST-1164,EXT-5099,11165.47,AED,1740676378000,COMPLETED,international,Wedding contribution
TRF-01582,CUST-1121,CUST-1077,28854.53,USD,1744606071000,COMPLETED,internal,School tuition
TRF-01583,CUST-1037,EXT-5075,30785.73,SAR,1750620211000,PROCESSING,local_bank,Rent share
TRF-01584,CUST-1060,EXT-5043,7340.35,SAR,1743562704000,COMPLETED,local_bank,Shared groceries
TRF-01585,CUST-1040,CUST-1084,37971.03,SAR,1739742711000,FAILED,internal,Eid gift
TRF-01586,CUST-1076,CUST-1147,20737.46,SAR,1745687597000,COMPLETED,internal,Gym membership
TRF-01587,CUST-1158,CUST-1153,10061.12,SAR,1745125996000,COMPLETED,internal,Birthday gift
TRF-01588,CUST-1191,CUST-1107,38936.97,SAR,1746632949000,COMPLETED,internal,Freelancer payment
TRF-01589,CUST-1020,EXT-5008,10867.85,SAR,1736581245000,COMPLETED,local_bank,Uber share
TRF-01590,CUST-1024,CUST-1170,40335.19,SAR,1743529822000,COMPLETED,internal,Loan repayment
TRF-01591,CUST-1172,CUST-1057,48648.95,SAR,1741569927000,PROCESSING,internal,Loan repayment
TRF-01592,CUST-1169,EXT-5027,41343.22,SAR,1738534725000,PROCESSING,local_bank,Freelancer payment
TRF-01593,CUST-1073,EXT-5058,10699.22,SAR,1736778151000,COMPLETED,local_bank,Event tickets
TRF-01594,CUST-1101,CUST-1025,1678.93,SAR,1735856489000,COMPLETED,internal,Travel booking
TRF-01595,CUST-1133,EXT-5051,36365.58,SAR,1748224632000,COMPLETED,local_bank,Freelancer payment
TRF-01596,CUST-1191,CUST-1106,46199.50,SAR,1743186413000,PROCESSING,internal,Grocery share
TRF-01597,CUST-1143,EXT-5081,33227.03,SAR,1744307533000,COMPLETED,local_bank,Business invoice
TRF-01598,CUST-1093,EXT-5036,49586.07,SAR,1749016005000,COMPLETED,local_bank,Coffee money
TRF-01599,CUST-1158,EXT-5003,4845.41,AED,1742642153000,COMPLETED,international,Internet bill
TRF-01600,CUST-1198,EXT-5085,733.80,USD,1741555591000,PROCESSING,international,Charity donation
TRF-01601,CUST-1064,EXT-5035,12754.53,GBP,1743966277000,COMPLETED,international,Furniture split
TRF-01602,CUST-1060,EXT-5057,44110.33,SAR,1748164409000,PROCESSING,local_bank,Coffee money
TRF-01603,CUST-1183,CUST-1034,28634.27,SAR,1746738020000,COMPLETED,internal,Loan repayment
TRF-01604,CUST-1112,CUST-1023,22130.68,SAR,1749081238000,COMPLETED,internal,Uber share
TRF-01605,CUST-1116,EXT-5012,46118.93,SAR,1744737833000,COMPLETED,local_bank,School tuition
TRF-01606,CUST-1114,CUST-1063,17744.46,USD,1745849654000,COMPLETED,internal,Medical bill
TRF-01607,CUST-1082,EXT-5028,19759.62,SAR,1748209810000,COMPLETED,local_bank,Salary advance
TRF-01608,CUST-1039,CUST-1012,28536.71,SAR,1745605755000,FAILED,internal,Loan repayment
TRF-01609,CUST-1072,EXT-5078,8278.32,EUR,1739411829000,COMPLETED,local_bank,Grocery share
TRF-01610,CUST-1060,CUST-1065,29747.28,SAR,1738648680000,COMPLETED,internal,Shared groceries
TRF-01611,CUST-1027,EXT-5046,25225.15,EUR,1736747714000,COMPLETED,international,Medical bill
TRF-01612,CUST-1140,CUST-1054,15523.96,SAR,1746112513000,COMPLETED,internal,Loan repayment
TRF-01613,CUST-1110,CUST-1077,2939.33,SAR,1743684115000,COMPLETED,internal,Gym membership
TRF-01614,CUST-1113,CUST-1118,45701.17,SAR,1737738039000,FAILED,internal,Uber share
TRF-01615,CUST-1021,EXT-5011,5798.46,SAR,1741353589000,COMPLETED,local_bank,Grocery share
TRF-01616,CUST-1061,EXT-5074,34940.64,AED,1741573683000,COMPLETED,international,Coffee money
TRF-01617,CUST-1105,EXT-5065,31927.30,USD,1750827633000,FAILED,international,Salary advance
TRF-01618,CUST-1011,CUST-1032,30112.87,SAR,1739287107000,COMPLETED,internal,Insurance premium
TRF-01619,CUST-1034,EXT-5054,33078.77,SAR,1735703698000,COMPLETED,local_bank,Movie tickets
TRF-01620,CUST-1058,EXT-5041,26.18,SAR,1750150941000,COMPLETED,local_bank,Shared groceries
TRF-01621,CUST-1151,CUST-1124,25937.73,SAR,1737459577000,COMPLETED,internal,Car installment
TRF-01622,CUST-1048,CUST-1091,4742.90,USD,1744775268000,COMPLETED,internal,Internet bill
TRF-01623,CUST-1096,EXT-5008,45717.40,SAR,1749241829000,COMPLETED,local_bank,Business invoice
TRF-01624,CUST-1076,EXT-5073,5805.63,SAR,1751002224000,COMPLETED,local_bank,Cleaning service
TRF-01625,CUST-1186,CUST-1010,16808.79,USD,1745339144000,COMPLETED,internal,Event tickets
TRF-01626,CUST-1190,EXT-5029,28823.65,USD,1744612153000,COMPLETED,local_bank,Car installment
TRF-01627,CUST-1129,EXT-5085,24156.53,SAR,1744679483000,COMPLETED,local_bank,Cleaning service
TRF-01628,CUST-1080,EXT-5019,10208.33,SAR,1738416015000,PROCESSING,local_bank,Movie tickets
TRF-01629,CUST-1143,EXT-5047,30012.13,USD,1737087145000,COMPLETED,international,Investment transfer
TRF-01630,CUST-1057,CUST-1036,9743.72,SAR,1745354255000,COMPLETED,internal,Shared groceries
TRF-01631,CUST-1035,CUST-1145,42981.65,USD,1749240975000,COMPLETED,internal,Salary advance
TRF-01632,CUST-1171,CUST-1055,33814.36,SAR,1743587566000,COMPLETED,internal,Insurance premium
TRF-01633,CUST-1134,EXT-5045,35820.24,SAR,1739958687000,COMPLETED,local_bank,Rent share
TRF-01634,CUST-1100,EXT-5014,45907.77,SAR,1738724328000,COMPLETED,local_bank,Coffee money
TRF-01635,CUST-1190,CUST-1185,11485.34,SAR,1736681408000,COMPLETED,internal,Investment transfer
TRF-01636,CUST-1095,CUST-1110,33691.97,SAR,1738501279000,COMPLETED,internal,Dinner split
TRF-01637,CUST-1142,EXT-5007,3182.98,USD,1737055930000,COMPLETED,local_bank,Event tickets
TRF-01638,CUST-1187,CUST-1172,38997.88,SAR,1750355535000,FAILED,internal,Business invoice
TRF-01639,CUST-1156,CUST-1051,16234.06,SAR,1745475537000,PROCESSING,internal,Medical bill
TRF-01640,CUST-1197,EXT-5075,6791.55,SAR,1742883030000,COMPLETED,local_bank,School tuition
TRF-01641,CUST-1030,CUST-1170,21529.44,SAR,1746719976000,FAILED,internal,Medical bill
TRF-01642,CUST-1180,EXT-5014,44074.84,USD,1747488160000,COMPLETED,local_bank,Cleaning service
TRF-01643,CUST-1028,EXT-5098,27383.17,SAR,1740517715000,COMPLETED,local_bank,Rent share
TRF-01644,CUST-1089,CUST-1023,37729.17,SAR,1749814416000,COMPLETED,internal,Coffee money
TRF-01645,CUST-1109,CUST-1133,39303.31,SAR,1748697484000,COMPLETED,internal,Furniture split
TRF-01646,CUST-1143,EXT-5002,41993.34,AED,1750383069000,COMPLETED,international,Furniture split
TRF-01647,CUST-1020,EXT-5079,12840.15,USD,1749175102000,PROCESSING,international,Travel booking
TRF-01648,CUST-1061,CUST-1109,13187.97,SAR,1745178960000,COMPLETED,internal,Rent share
TRF-01649,CUST-1104,CUST-1152,42483.71,SAR,1741259435000,COMPLETED,internal,Salary advance
TRF-01650,CUST-1106,CUST-1178,13121.16,AED,1742366019000,COMPLETED,internal,Business invoice
TRF-01651,CUST-1143,CUST-1176,27323.64,SAR,1749655738000,COMPLETED,internal,Investment transfer
TRF-01652,CUST-1168,CUST-1125,30423.35,SAR,1740282370000,COMPLETED,internal,Lunch money
TRF-01653,CUST-1037,EXT-5080,31018.70,GBP,1743304304000,FAILED,international,Eid gift
TRF-01654,CUST-1111,CUST-1081,33727.40,USD,1746199804000,COMPLETED,internal,Lunch money
TRF-01655,CUST-1117,EXT-5097,4287.91,SAR,1745754696000,COMPLETED,local_bank,Freelancer payment
TRF-01656,CUST-1012,CUST-1101,48359.91,AED,1743993313000,COMPLETED,internal,Medical bill
TRF-01657,CUST-1162,EXT-5016,14681.72,SAR,1747627529000,COMPLETED,local_bank,Parking fee
TRF-01658,CUST-1133,CUST-1150,6746.19,AED,1748803917000,FAILED,internal,Loan repayment
TRF-01659,CUST-1034,EXT-5058,4249.27,EUR,1748405240000,COMPLETED,local_bank,Loan repayment
TRF-01660,CUST-1036,EXT-5093,403.82,AED,1738864047000,COMPLETED,international,Business invoice
TRF-01661,CUST-1134,CUST-1070,20007.03,USD,1744882884000,COMPLETED,internal,Internet bill
TRF-01662,CUST-1162,EXT-5053,6255.55,USD,1741882885000,COMPLETED,international,Shared groceries
TRF-01663,CUST-1128,EXT-5063,2249.81,GBP,1736737778000,COMPLETED,international,Movie tickets
TRF-01664,CUST-1128,CUST-1053,46891.20,SAR,1741089518000,COMPLETED,internal,Gym membership
TRF-01665,CUST-1046,CUST-1088,41391.91,SAR,1742230183000,COMPLETED,internal,Rent share
TRF-01666,CUST-1134,CUST-1191,41885.91,USD,1740864878000,COMPLETED,internal,Loan repayment
TRF-01667,CUST-1017,EXT-5024,47789.94,SAR,1736631408000,COMPLETED,local_bank,Grocery share
TRF-01668,CUST-1039,CUST-1161,36610.23,SAR,1739501931000,COMPLETED,internal,Freelancer payment
TRF-01669,CUST-1197,CUST-1049,25756.63,SAR,1741914579000,COMPLETED,internal,Rent share
TRF-01670,CUST-1085,EXT-5080,33197.44,SAR,1739745848000,COMPLETED,local_bank,Gift money
TRF-01671,CUST-1186,EXT-5092,44160.75,USD,1751136602000,COMPLETED,international,Gym membership
TRF-01672,CUST-1067,EXT-5029,45439.58,GBP,1746427546000,COMPLETED,international,Gym membership
TRF-01673,CUST-1008,EXT-5063,13269.31,SAR,1750894623000,COMPLETED,local_bank,Event tickets
TRF-01674,CUST-1163,EXT-5062,27204.14,SAR,1747241232000,COMPLETED,local_bank,Salary advance
TRF-01675,CUST-1194,CUST-1025,21359.93,AED,1744589485000,COMPLETED,internal,School tuition
TRF-01676,CUST-1024,CUST-1126,28296.82,SAR,1747111730000,PROCESSING,internal,Medical bill
TRF-01677,CUST-1021,EXT-5014,48006.10,SAR,1749167991000,FAILED,local_bank,Investment transfer
TRF-01678,CUST-1099,CUST-1080,20425.91,SAR,1743453004000,COMPLETED,internal,Grocery share
TRF-01679,CUST-1158,EXT-5056,18087.48,GBP,1743625931000,COMPLETED,international,Lunch money
TRF-01680,CUST-1199,CUST-1033,38364.56,SAR,1740724082000,COMPLETED,internal,Medical bill
TRF-01681,CUST-1137,CUST-1051,49607.11,SAR,1749502638000,FAILED,internal,Gift money
TRF-01682,CUST-1081,CUST-1076,6421.79,SAR,1741083485000,COMPLETED,internal,Birthday gift
TRF-01683,CUST-1030,CUST-1120,33981.37,EUR,1748382961000,COMPLETED,internal,Travel booking
TRF-01684,CUST-1007,CUST-1012,12595.75,GBP,1741814864000,COMPLETED,internal,Travel booking
TRF-01685,CUST-1189,EXT-5024,23591.64,SAR,1735801775000,COMPLETED,local_bank,Eid gift
TRF-01686,CUST-1102,EXT-5056,18949.39,SAR,1736424972000,COMPLETED,local_bank,Gift money
TRF-01687,CUST-1139,EXT-5064,35341.39,SAR,1749566906000,COMPLETED,local_bank,Eid gift
TRF-01688,CUST-1021,EXT-5086,15677.16,AED,1736894641000,FAILED,international,Movie tickets
TRF-01689,CUST-1056,EXT-5050,5145.12,EUR,1748716971000,PROCESSING,international,Furniture split
TRF-01690,CUST-1035,EXT-5017,32745.44,SAR,1743748292000,COMPLETED,local_bank,Furniture split
TRF-01691,CUST-1022,CUST-1068,31782.16,SAR,1737725549000,COMPLETED,internal,Coffee money
TRF-01692,CUST-1100,CUST-1072,17780.05,AED,1745592138000,COMPLETED,internal,Loan repayment
TRF-01693,CUST-1079,CUST-1182,13568.33,SAR,1739117395000,COMPLETED,internal,Car installment
TRF-01694,CUST-1153,EXT-5062,6132.87,SAR,1749961131000,COMPLETED,local_bank,School tuition
TRF-01695,CUST-1059,CUST-1071,46642.52,SAR,1738444393000,FAILED,internal,Wedding contribution
TRF-01696,CUST-1158,EXT-5004,37502.76,SAR,1748199832000,COMPLETED,local_bank,Coffee money
TRF-01697,CUST-1163,CUST-1058,29991.78,SAR,1744009509000,COMPLETED,internal,Uber share
TRF-01698,CUST-1183,EXT-5090,27581.91,SAR,1742617358000,FAILED,local_bank,Car installment
TRF-01699,CUST-1188,EXT-5068,41895.10,SAR,1743671083000,COMPLETED,local_bank,Loan repayment
TRF-01700,CUST-1014,EXT-5017,24962.06,EUR,1739962720000,COMPLETED,international,Eid gift
TRF-01701,CUST-1112,CUST-1132,45152.09,SAR,1745469749000,COMPLETED,internal,Internet bill
TRF-01702,CUST-1054,CUST-1031,9318.97,SAR,1750290810000,COMPLETED,internal,Birthday gift
TRF-01703,CUST-1068,EXT-5006,21954.21,AED,1740545070000,COMPLETED,local_bank,Freelancer payment
TRF-01704,CUST-1176,CUST-1080,43920.14,SAR,1750407346000,COMPLETED,internal,Freelancer payment
TRF-01705,CUST-1102,EXT-5060,23585.22,SAR,1750082084000,COMPLETED,local_bank,Gym membership
TRF-01706,CUST-1002,EXT-5003,19255.95,SAR,1750100969000,PROCESSING,local_bank,Insurance premium
TRF-01707,CUST-1103,CUST-1001,22469.55,SAR,1747708879000,COMPLETED,internal,Shared groceries
TRF-01708,CUST-1141,CUST-1031,9057.46,USD,1747212132000,FAILED,internal,Travel booking
TRF-01709,CUST-1033,CUST-1149,10634.21,USD,1750046779000,COMPLETED,internal,Wedding contribution
TRF-01710,CUST-1138,CUST-1124,13086.84,SAR,1743070481000,COMPLETED,internal,Wedding contribution
TRF-01711,CUST-1067,EXT-5028,42525.87,EUR,1750884164000,COMPLETED,international,Uber share
TRF-01712,CUST-1200,CUST-1165,41927.98,SAR,1745244074000,COMPLETED,internal,Event tickets
TRF-01713,CUST-1195,CUST-1103,48331.45,SAR,1736227014000,COMPLETED,internal,Travel booking
TRF-01714,CUST-1091,CUST-1025,12626.20,SAR,1751015622000,COMPLETED,internal,Freelancer payment
TRF-01715,CUST-1088,EXT-5094,43915.29,SAR,1745118269000,COMPLETED,local_bank,Dinner split
TRF-01716,CUST-1134,EXT-5040,39918.89,GBP,1741579325000,COMPLETED,local_bank,Gift money
TRF-01717,CUST-1067,CUST-1031,19446.04,SAR,1739625699000,COMPLETED,internal,Travel booking
TRF-01718,CUST-1175,CUST-1122,958.66,SAR,1745062728000,PROCESSING,internal,Uber share
TRF-01719,CUST-1058,CUST-1065,26456.07,SAR,1737077651000,FAILED,internal,Wedding contribution
TRF-01720,CUST-1187,CUST-1149,18077.87,SAR,1749440609000,COMPLETED,internal,Coffee money
TRF-01721,CUST-1161,EXT-5048,8354.33,GBP,1746125382000,COMPLETED,international,Charity donation
TRF-01722,CUST-1147,EXT-5026,38155.49,EUR,1742562957000,COMPLETED,international,Internet bill
TRF-01723,CUST-1177,EXT-5044,8871.53,SAR,1742389076000,COMPLETED,local_bank,Wedding contribution
TRF-01724,CUST-1134,EXT-5061,28402.12,SAR,1741736962000,COMPLETED,local_bank,Wedding contribution
TRF-01725,CUST-1019,CUST-1199,24281.46,SAR,1745671566000,COMPLETED,internal,Investment transfer
TRF-01726,CUST-1089,CUST-1199,27774.34,USD,1744871714000,FAILED,internal,Travel booking
TRF-01727,CUST-1077,CUST-1111,42749.72,SAR,1738903434000,COMPLETED,internal,Business invoice
TRF-01728,CUST-1156,CUST-1174,42477.75,USD,1737611469000,COMPLETED,internal,Gas split
TRF-01729,CUST-1008,CUST-1025,11204.95,SAR,1737465184000,COMPLETED,internal,Lunch money
TRF-01730,CUST-1135,CUST-1079,37471.69,SAR,1742606325000,COMPLETED,internal,Charity donation
TRF-01731,CUST-1159,CUST-1195,49641.22,SAR,1745807354000,COMPLETED,internal,Car installment
TRF-01732,CUST-1001,EXT-5068,40013.40,USD,1742132793000,PROCESSING,international,Movie tickets
TRF-01733,CUST-1065,EXT-5091,15600.19,SAR,1746228993000,FAILED,local_bank,Business invoice
TRF-01734,CUST-1147,CUST-1088,24065.57,GBP,1744579618000,FAILED,internal,Internet bill
TRF-01735,CUST-1007,CUST-1117,28619.07,SAR,1743429949000,FAILED,internal,School tuition
TRF-01736,CUST-1100,EXT-5024,29205.83,EUR,1742299392000,COMPLETED,local_bank,Salary advance
TRF-01737,CUST-1047,EXT-5025,15284.58,AED,1746997158000,COMPLETED,international,Salary advance
TRF-01738,CUST-1094,EXT-5050,21947.20,SAR,1738337084000,COMPLETED,local_bank,Internet bill
TRF-01739,CUST-1093,EXT-5061,42214.07,SAR,1746510241000,COMPLETED,local_bank,Insurance premium
TRF-01740,CUST-1175,EXT-5080,38413.36,SAR,1743884657000,COMPLETED,local_bank,Rent share
TRF-01741,CUST-1031,CUST-1175,33894.67,SAR,1737290914000,COMPLETED,internal,Event tickets
TRF-01742,CUST-1128,CUST-1161,36510.57,USD,1749940233000,COMPLETED,internal,Rent share
TRF-01743,CUST-1151,EXT-5066,25424.22,SAR,1747219174000,COMPLETED,local_bank,Gas split
TRF-01744,CUST-1165,EXT-5071,1756.32,USD,1748365524000,COMPLETED,international,Birthday gift
TRF-01745,CUST-1173,EXT-5061,17344.98,SAR,1742032613000,COMPLETED,local_bank,Gas split
TRF-01746,CUST-1152,CUST-1055,45791.13,AED,1750029926000,COMPLETED,internal,Gym membership
TRF-01747,CUST-1070,EXT-5007,10046.22,SAR,1743903273000,COMPLETED,local_bank,Movie tickets
TRF-01748,CUST-1127,EXT-5055,38263.10,USD,1741565333000,COMPLETED,local_bank,Loan repayment
TRF-01749,CUST-1068,EXT-5043,19256.69,AED,1740032446000,COMPLETED,international,Cleaning service
TRF-01750,CUST-1068,EXT-5096,17685.63,SAR,1746220883000,PROCESSING,local_bank,School tuition
TRF-01751,CUST-1071,EXT-5033,32392.25,USD,1747706404000,FAILED,local_bank,Gift money
TRF-01752,CUST-1065,CUST-1199,22139.75,SAR,1738528706000,COMPLETED,internal,Cleaning service
TRF-01753,CUST-1002,EXT-5093,41589.16,SAR,1744477323000,FAILED,local_bank,Loan repayment
TRF-01754,CUST-1081,CUST-1165,16644.98,SAR,1736135142000,COMPLETED,internal,Eid gift
TRF-01755,CUST-1090,CUST-1142,1636.58,USD,1743769679000,COMPLETED,internal,Rent share
TRF-01756,CUST-1096,CUST-1137,36472.56,SAR,1741921401000,COMPLETED,internal,Investment transfer
TRF-01757,CUST-1049,CUST-1185,12391.26,SAR,1745759148000,COMPLETED,internal,Lunch money
TRF-01758,CUST-1190,EXT-5006,13842.05,SAR,1748778503000,COMPLETED,local_bank,Charity donation
TRF-01759,CUST-1057,EXT-5027,40148.53,SAR,1740293390000,COMPLETED,local_bank,Insurance premium
TRF-01760,CUST-1001,EXT-5050,41923.17,GBP,1740954238000,COMPLETED,international,Salary advance
TRF-01761,CUST-1189,CUST-1105,11530.74,SAR,1744624035000,COMPLETED,internal,Cleaning service
TRF-01762,CUST-1149,EXT-5027,14574.65,SAR,1742302155000,COMPLETED,local_bank,Gym membership
TRF-01763,CUST-1166,EXT-5035,49890.24,SAR,1750791808000,COMPLETED,local_bank,Gas split
TRF-01764,CUST-1111,EXT-5005,45172.41,EUR,1738980230000,COMPLETED,international,Business invoice
TRF-01765,CUST-1122,CUST-1029,7340.36,SAR,1736583097000,PROCESSING,internal,Grocery share
TRF-01766,CUST-1148,CUST-1018,4448.51,SAR,1738686180000,FAILED,internal,Charity donation
TRF-01767,CUST-1112,CUST-1124,5517.65,USD,1750339610000,COMPLETED,internal,Birthday gift
TRF-01768,CUST-1030,EXT-5039,13125.92,EUR,1750462081000,COMPLETED,local_bank,Charity donation
TRF-01769,CUST-1145,EXT-5061,9823.65,SAR,1739642812000,COMPLETED,local_bank,Wedding contribution
TRF-01770,CUST-1023,CUST-1065,16078.39,SAR,1750144300000,FAILED,internal,Insurance premium
TRF-01771,CUST-1070,EXT-5061,42752.10,EUR,1736067049000,COMPLETED,international,Event tickets
TRF-01772,CUST-1194,EXT-5083,1594.90,AED,1748438314000,COMPLETED,international,Rent share
TRF-01773,CUST-1186,EXT-5068,21641.33,SAR,1743575162000,COMPLETED,local_bank,Charity donation
TRF-01774,CUST-1022,EXT-5090,47117.22,SAR,1738365422000,COMPLETED,local_bank,Shared groceries
TRF-01775,CUST-1062,EXT-5052,28503.57,EUR,1737819414000,COMPLETED,international,Charity donation
TRF-01776,CUST-1119,CUST-1094,29416.60,SAR,1740675229000,FAILED,internal,Dinner split
TRF-01777,CUST-1180,EXT-5027,24916.49,EUR,1744080213000,COMPLETED,international,Rent share
TRF-01778,CUST-1086,EXT-5065,24469.05,USD,1736792014000,PROCESSING,international,Salary advance
TRF-01779,CUST-1161,EXT-5052,5964.09,GBP,1736185086000,COMPLETED,international,Gym membership
TRF-01780,CUST-1011,EXT-5005,26390.24,EUR,1748452164000,COMPLETED,local_bank,Event tickets
TRF-01781,CUST-1166,CUST-1113,13452.54,SAR,1738975393000,COMPLETED,internal,School tuition
TRF-01782,CUST-1066,EXT-5099,10661.21,SAR,1750209028000,COMPLETED,local_bank,Event tickets
TRF-01783,CUST-1073,EXT-5087,43883.27,GBP,1746083879000,COMPLETED,international,Charity donation
TRF-01784,CUST-1048,EXT-5008,9465.22,SAR,1750222487000,COMPLETED,local_bank,Travel booking
TRF-01785,CUST-1130,CUST-1170,40181.40,SAR,1739982884000,COMPLETED,internal,Uber share
TRF-01786,CUST-1022,EXT-5064,16287.85,SAR,1746150717000,COMPLETED,local_bank,Movie tickets
TRF-01787,CUST-1069,CUST-1069,27545.79,USD,1746734801000,COMPLETED,internal,Parking fee
TRF-01788,CUST-1081,EXT-5076,49792.45,EUR,1746174905000,COMPLETED,international,Eid gift
TRF-01789,CUST-1161,CUST-1112,35665.16,SAR,1741424871000,COMPLETED,internal,Wedding contribution
TRF-01790,CUST-1159,EXT-5100,37163.43,SAR,1738349199000,COMPLETED,local_bank,Movie tickets
TRF-01791,CUST-1167,CUST-1034,29909.85,SAR,1746121788000,COMPLETED,internal,Loan repayment
TRF-01792,CUST-1051,CUST-1006,41127.82,EUR,1738452863000,COMPLETED,internal,Insurance premium
TRF-01793,CUST-1103,CUST-1068,48923.79,EUR,1736174838000,COMPLETED,internal,Business invoice
TRF-01794,CUST-1165,EXT-5016,13766.17,USD,1749014172000,COMPLETED,local_bank,Coffee money
TRF-01795,CUST-1047,EXT-5060,1297.54,EUR,1738131361000,FAILED,international,Business invoice
TRF-01796,CUST-1092,CUST-1024,46070.06,SAR,1735755870000,COMPLETED,internal,Lunch money
TRF-01797,CUST-1033,CUST-1021,26589.69,SAR,1747419215000,COMPLETED,internal,Grocery share
TRF-01798,CUST-1178,CUST-1133,45429.20,SAR,1740731611000,COMPLETED,internal,Gas split
TRF-01799,CUST-1032,EXT-5005,45478.08,USD,1741497217000,COMPLETED,international,Medical bill
TRF-01800,CUST-1074,EXT-5058,22178.82,GBP,1749512530000,COMPLETED,international,Business invoice
TRF-01801,CUST-1115,CUST-1151,47059.20,USD,1738205037000,COMPLETED,internal,Movie tickets
TRF-01802,CUST-1184,CUST-1164,11842.74,SAR,1749601661000,COMPLETED,internal,Insurance premium
TRF-01803,CUST-1022,EXT-5021,42979.55,SAR,1738833058000,PROCESSING,local_bank,Medical bill
TRF-01804,CUST-1036,EXT-5036,29348.21,USD,1750242654000,COMPLETED,local_bank,Medical bill
TRF-01805,CUST-1088,CUST-1093,23357.23,SAR,1742708743000,PROCESSING,internal,Medical bill
TRF-01806,CUST-1135,EXT-5093,45264.13,SAR,1745606694000,COMPLETED,local_bank,School tuition
TRF-01807,CUST-1014,EXT-5016,36399.26,SAR,1749979563000,FAILED,local_bank,Birthday gift
TRF-01808,CUST-1078,CUST-1190,19390.15,SAR,1747006895000,COMPLETED,internal,Rent share
TRF-01809,CUST-1182,EXT-5038,29264.33,GBP,1737613938000,PROCESSING,international,Gas split
TRF-01810,CUST-1084,EXT-5004,32723.81,EUR,1740516030000,COMPLETED,international,Furniture split
TRF-01811,CUST-1075,CUST-1061,1347.84,AED,1749950736000,COMPLETED,internal,Business invoice
TRF-01812,CUST-1093,CUST-1091,39998.17,SAR,1739211153000,COMPLETED,internal,Gas split
TRF-01813,CUST-1086,EXT-5066,3109.53,SAR,1748372983000,PROCESSING,local_bank,Gift money
TRF-01814,CUST-1170,CUST-1115,16493.47,SAR,1743182287000,PROCESSING,internal,Movie tickets
TRF-01815,CUST-1116,EXT-5064,13582.75,AED,1745319634000,COMPLETED,local_bank,Insurance premium
TRF-01816,CUST-1073,EXT-5016,7427.75,AED,1740521923000,PROCESSING,international,Investment transfer
TRF-01817,CUST-1064,EXT-5077,1936.49,SAR,1743961281000,COMPLETED,local_bank,Furniture split
TRF-01818,CUST-1073,CUST-1094,14217.58,SAR,1749639587000,COMPLETED,internal,Investment transfer
TRF-01819,CUST-1177,EXT-5054,46101.93,GBP,1749863128000,COMPLETED,international,Wedding contribution
TRF-01820,CUST-1110,CUST-1051,17052.55,SAR,1742758585000,FAILED,internal,Gas split
TRF-01821,CUST-1126,CUST-1040,29310.31,SAR,1741445475000,COMPLETED,internal,Internet bill
TRF-01822,CUST-1044,EXT-5058,31207.02,GBP,1748953517000,COMPLETED,international,Loan repayment
TRF-01823,CUST-1078,CUST-1040,49286.64,AED,1743916977000,COMPLETED,internal,Event tickets
TRF-01824,CUST-1124,EXT-5047,3147.06,SAR,1740430801000,COMPLETED,local_bank,Dinner split
TRF-01825,CUST-1178,EXT-5026,24826.86,SAR,1746365374000,COMPLETED,local_bank,Salary advance
TRF-01826,CUST-1087,CUST-1094,12040.58,SAR,1740544270000,COMPLETED,internal,Insurance premium
TRF-01827,CUST-1160,CUST-1094,40072.99,AED,1737746434000,COMPLETED,internal,Travel booking
TRF-01828,CUST-1170,CUST-1053,48504.72,SAR,1746718663000,COMPLETED,internal,Furniture split
TRF-01829,CUST-1196,EXT-5054,28028.93,SAR,1748803938000,FAILED,local_bank,Insurance premium
TRF-01830,CUST-1195,CUST-1078,37193.47,GBP,1737220162000,COMPLETED,internal,Medical bill
TRF-01831,CUST-1107,EXT-5092,3982.09,EUR,1737172123000,COMPLETED,international,Internet bill
TRF-01832,CUST-1085,EXT-5061,4683.55,EUR,1747728150000,COMPLETED,international,Eid gift
TRF-01833,CUST-1150,CUST-1058,19191.94,SAR,1736457941000,PROCESSING,internal,Business invoice
TRF-01834,CUST-1175,CUST-1018,21017.50,SAR,1744465476000,COMPLETED,internal,Parking fee
TRF-01835,CUST-1133,EXT-5070,33964.05,SAR,1737158712000,COMPLETED,local_bank,Insurance premium
TRF-01836,CUST-1096,EXT-5071,4650.80,USD,1741880307000,COMPLETED,international,Shared groceries
TRF-01837,CUST-1012,CUST-1104,1658.59,SAR,1747559794000,COMPLETED,internal,Event tickets
TRF-01838,CUST-1174,EXT-5031,12157.26,AED,1745534332000,COMPLETED,international,Shared groceries
TRF-01839,CUST-1001,EXT-5086,25942.81,AED,1746665918000,COMPLETED,international,Travel booking
TRF-01840,CUST-1137,EXT-5028,14173.50,SAR,1743228702000,COMPLETED,local_bank,Dinner split
TRF-01841,CUST-1193,EXT-5053,20214.99,AED,1748223647000,COMPLETED,international,Parking fee
TRF-01842,CUST-1035,EXT-5002,25630.06,GBP,1737237732000,COMPLETED,international,Lunch money
TRF-01843,CUST-1048,EXT-5099,24041.93,GBP,1738180515000,PROCESSING,international,Movie tickets
TRF-01844,CUST-1106,CUST-1071,12890.28,USD,1746554532000,COMPLETED,internal,Freelancer payment
TRF-01845,CUST-1197,EXT-5098,29967.56,AED,1742965287000,COMPLETED,international,School tuition
TRF-01846,CUST-1114,EXT-5084,4655.29,SAR,1747306359000,COMPLETED,local_bank,Charity donation
TRF-01847,CUST-1114,CUST-1070,8446.55,SAR,1742194818000,COMPLETED,internal,Eid gift
TRF-01848,CUST-1170,CUST-1079,12869.62,AED,1749359738000,FAILED,internal,Freelancer payment
TRF-01849,CUST-1146,EXT-5091,4601.65,SAR,1741169161000,COMPLETED,local_bank,Coffee money
TRF-01850,CUST-1112,EXT-5040,9807.25,SAR,1740365738000,COMPLETED,local_bank,Gift money
TRF-01851,CUST-1161,CUST-1150,42346.06,SAR,1745167336000,COMPLETED,internal,Gym membership
TRF-01852,CUST-1197,EXT-5050,33386.92,SAR,1749231788000,COMPLETED,local_bank,Car installment
TRF-01853,CUST-1032,EXT-5069,6963.87,SAR,1748790232000,COMPLETED,local_bank,School tuition
TRF-01854,CUST-1171,EXT-5084,13321.82,EUR,1745080743000,COMPLETED,international,Gift money
TRF-01855,CUST-1048,CUST-1058,11527.89,SAR,1747540334000,COMPLETED,internal,Grocery share
TRF-01856,CUST-1070,CUST-1100,3225.45,SAR,1744317316000,COMPLETED,internal,Charity donation
TRF-01857,CUST-1078,EXT-5067,25077.14,AED,1736545717000,COMPLETED,international,Coffee money
TRF-01858,CUST-1085,CUST-1150,40006.15,SAR,1750601685000,COMPLETED,internal,Event tickets
TRF-01859,CUST-1199,EXT-5085,40974.10,SAR,1751047658000,COMPLETED,local_bank,Movie tickets
TRF-01860,CUST-1118,EXT-5050,116.43,SAR,1750555029000,COMPLETED,local_bank,Birthday gift
TRF-01861,CUST-1018,EXT-5017,32586.41,AED,1740063573000,FAILED,international,Gym membership
TRF-01862,CUST-1155,CUST-1055,45775.27,EUR,1738460854000,COMPLETED,internal,Salary advance
TRF-01863,CUST-1095,EXT-5014,21725.31,SAR,1738918438000,COMPLETED,local_bank,Coffee money
TRF-01864,CUST-1065,CUST-1011,7554.77,SAR,1747171152000,COMPLETED,internal,Wedding contribution
TRF-01865,CUST-1114,CUST-1117,43274.29,SAR,1737985711000,COMPLETED,internal,School tuition
TRF-01866,CUST-1084,CUST-1162,28586.74,SAR,1744535423000,COMPLETED,internal,Event tickets
TRF-01867,CUST-1169,CUST-1088,31371.20,SAR,1739632300000,COMPLETED,internal,Birthday gift
TRF-01868,CUST-1141,CUST-1013,31299.14,SAR,1738828748000,COMPLETED,internal,Movie tickets
TRF-01869,CUST-1048,EXT-5073,44953.15,AED,1742573752000,PROCESSING,international,Freelancer payment
TRF-01870,CUST-1048,EXT-5086,35836.06,SAR,1748755221000,COMPLETED,local_bank,Gift money
TRF-01871,CUST-1054,CUST-1141,20116.56,SAR,1751115395000,PROCESSING,internal,Coffee money
TRF-01872,CUST-1130,EXT-5010,24558.37,SAR,1736322623000,COMPLETED,local_bank,Gift money
TRF-01873,CUST-1033,EXT-5011,17485.09,SAR,1750781322000,FAILED,local_bank,Grocery share
TRF-01874,CUST-1076,EXT-5099,30910.55,SAR,1736033540000,COMPLETED,local_bank,Gas split
TRF-01875,CUST-1034,EXT-5003,17573.85,SAR,1746087999000,COMPLETED,local_bank,Dinner split
TRF-01876,CUST-1029,CUST-1056,49005.80,SAR,1749463481000,COMPLETED,internal,Salary advance
TRF-01877,CUST-1080,CUST-1161,36581.35,SAR,1748127696000,PROCESSING,internal,Insurance premium
TRF-01878,CUST-1032,CUST-1011,551.87,SAR,1748281351000,COMPLETED,internal,Parking fee
TRF-01879,CUST-1036,CUST-1103,22794.16,SAR,1741372430000,COMPLETED,internal,Movie tickets
TRF-01880,CUST-1118,CUST-1073,11967.95,GBP,1749677252000,COMPLETED,internal,Salary advance
TRF-01881,CUST-1073,CUST-1022,22179.05,SAR,1739858429000,COMPLETED,internal,Shared groceries
TRF-01882,CUST-1106,EXT-5053,42796.13,SAR,1738627368000,COMPLETED,local_bank,Freelancer payment
TRF-01883,CUST-1103,CUST-1106,16994.23,EUR,1736054361000,COMPLETED,internal,Grocery share
TRF-01884,CUST-1038,CUST-1117,16925.22,SAR,1742745379000,COMPLETED,internal,Gift money
TRF-01885,CUST-1014,EXT-5031,37372.01,AED,1738097872000,COMPLETED,international,Uber share
TRF-01886,CUST-1081,CUST-1002,48008.62,SAR,1750835679000,PROCESSING,internal,Gas split
TRF-01887,CUST-1176,EXT-5071,21319.03,SAR,1735728375000,COMPLETED,local_bank,Eid gift
TRF-01888,CUST-1020,EXT-5010,34894.24,USD,1737214320000,COMPLETED,international,Eid gift
TRF-01889,CUST-1177,EXT-5026,48592.22,USD,1741805671000,COMPLETED,local_bank,Investment transfer
TRF-01890,CUST-1059,EXT-5090,31485.90,USD,1741899623000,COMPLETED,international,Medical bill
TRF-01891,CUST-1073,EXT-5075,43544.93,USD,1742705400000,COMPLETED,international,Charity donation
TRF-01892,CUST-1015,EXT-5075,7272.56,SAR,1737498919000,PROCESSING,local_bank,Medical bill
TRF-01893,CUST-1059,CUST-1038,19803.28,SAR,1740129481000,COMPLETED,internal,Uber share
TRF-01894,CUST-1136,CUST-1161,16552.57,AED,1737534081000,COMPLETED,internal,Rent share
TRF-01895,CUST-1037,EXT-5005,16156.46,USD,1740795785000,COMPLETED,international,Medical bill
TRF-01896,CUST-1009,EXT-5041,9526.16,EUR,1742248175000,PROCESSING,international,Insurance premium
TRF-01897,CUST-1186,CUST-1058,10162.10,GBP,1739677324000,COMPLETED,internal,Birthday gift
TRF-01898,CUST-1124,EXT-5099,9683.45,GBP,1747432199000,COMPLETED,international,Rent share
TRF-01899,CUST-1148,EXT-5037,38555.73,SAR,1740103983000,COMPLETED,local_bank,Eid gift
TRF-01900,CUST-1115,CUST-1164,4803.65,SAR,1743440555000,COMPLETED,internal,Movie tickets
TRF-01901,CUST-1192,CUST-1113,40947.57,SAR,1741403582000,PROCESSING,internal,Furniture split
TRF-01902,CUST-1160,CUST-1142,41735.36,USD,1739440073000,COMPLETED,internal,Internet bill
TRF-01903,CUST-1161,EXT-5096,22459.55,SAR,1749781184000,COMPLETED,local_bank,Insurance premium
TRF-01904,CUST-1098,EXT-5014,30260.45,SAR,1741973449000,COMPLETED,local_bank,Insurance premium
TRF-01905,CUST-1155,CUST-1127,11845.37,EUR,1747245385000,PROCESSING,internal,Investment transfer
TRF-01906,CUST-1062,CUST-1196,49051.78,SAR,1747181783000,COMPLETED,internal,Uber share
TRF-01907,CUST-1093,EXT-5011,30332.71,SAR,1744879606000,COMPLETED,local_bank,School tuition
TRF-01908,CUST-1184,EXT-5010,10602.00,SAR,1750599860000,COMPLETED,local_bank,Lunch money
TRF-01909,CUST-1165,EXT-5004,35672.25,SAR,1740005888000,PROCESSING,local_bank,Lunch money
TRF-01910,CUST-1012,CUST-1090,40073.65,SAR,1740648712000,COMPLETED,internal,Movie tickets
TRF-01911,CUST-1039,EXT-5043,23359.56,GBP,1746817979000,COMPLETED,international,Gas split
TRF-01912,CUST-1098,CUST-1002,19603.96,SAR,1750264047000,COMPLETED,internal,Charity donation
TRF-01913,CUST-1138,EXT-5042,32631.12,SAR,1747779169000,COMPLETED,local_bank,Eid gift
TRF-01914,CUST-1029,EXT-5085,20539.39,USD,1748430942000,COMPLETED,local_bank,Internet bill
TRF-01915,CUST-1162,EXT-5050,40955.93,SAR,1736770484000,COMPLETED,local_bank,Travel booking
TRF-01916,CUST-1112,EXT-5003,1329.21,SAR,1745851898000,COMPLETED,local_bank,Wedding contribution
TRF-01917,CUST-1001,EXT-5084,13924.12,SAR,1745275131000,COMPLETED,local_bank,Movie tickets
TRF-01918,CUST-1143,CUST-1168,2458.97,SAR,1738975846000,COMPLETED,internal,Charity donation
TRF-01919,CUST-1177,EXT-5086,1215.92,SAR,1749838917000,FAILED,local_bank,Event tickets
TRF-01920,CUST-1177,EXT-5060,24552.47,SAR,1743999938000,COMPLETED,local_bank,Car installment
TRF-01921,CUST-1072,EXT-5076,25330.96,AED,1750458542000,COMPLETED,international,Dinner split
TRF-01922,CUST-1145,CUST-1110,38647.69,SAR,1745743418000,COMPLETED,internal,Lunch money
TRF-01923,CUST-1112,CUST-1126,31790.64,SAR,1745654970000,COMPLETED,internal,Loan repayment
TRF-01924,CUST-1179,EXT-5088,29646.18,SAR,1738488198000,COMPLETED,local_bank,Salary advance
TRF-01925,CUST-1091,CUST-1053,12015.51,SAR,1747914975000,COMPLETED,internal,Internet bill
TRF-01926,CUST-1190,EXT-5059,36533.04,SAR,1748805893000,FAILED,local_bank,Business invoice
TRF-01927,CUST-1045,CUST-1012,17852.65,SAR,1742802914000,COMPLETED,internal,Uber share
TRF-01928,CUST-1069,EXT-5068,9464.94,AED,1744764576000,COMPLETED,international,Travel booking
TRF-01929,CUST-1034,EXT-5015,13114.39,AED,1743219977000,COMPLETED,international,Charity donation
TRF-01930,CUST-1116,EXT-5031,49245.38,SAR,1746130190000,FAILED,local_bank,Event tickets
TRF-01931,CUST-1086,EXT-5071,26856.98,SAR,1741937679000,COMPLETED,local_bank,Business invoice
TRF-01932,CUST-1149,EXT-5061,8880.41,SAR,1738108306000,PROCESSING,local_bank,Salary advance
TRF-01933,CUST-1021,EXT-5026,19004.51,SAR,1739946710000,COMPLETED,local_bank,Cleaning service
TRF-01934,CUST-1148,CUST-1039,24550.22,SAR,1745368401000,COMPLETED,internal,Investment transfer
TRF-01935,CUST-1108,EXT-5074,18484.35,SAR,1747057843000,COMPLETED,local_bank,Freelancer payment
TRF-01936,CUST-1161,CUST-1063,23924.72,SAR,1739318854000,COMPLETED,internal,Birthday gift
TRF-01937,CUST-1165,EXT-5068,39894.14,SAR,1747820436000,COMPLETED,local_bank,Insurance premium
TRF-01938,CUST-1060,CUST-1085,8905.02,USD,1747247461000,COMPLETED,internal,Salary advance
TRF-01939,CUST-1035,EXT-5087,27447.54,SAR,1743919336000,COMPLETED,local_bank,Charity donation
TRF-01940,CUST-1130,CUST-1030,7890.60,SAR,1745592293000,FAILED,internal,Investment transfer
TRF-01941,CUST-1051,CUST-1191,22608.36,SAR,1745255234000,COMPLETED,internal,Coffee money
TRF-01942,CUST-1033,CUST-1149,22030.40,SAR,1743401430000,COMPLETED,internal,Wedding contribution
TRF-01943,CUST-1086,CUST-1063,13852.38,SAR,1747778882000,COMPLETED,internal,Insurance premium
TRF-01944,CUST-1195,EXT-5083,16289.58,SAR,1743774982000,FAILED,local_bank,Event tickets
TRF-01945,CUST-1127,EXT-5062,22939.42,USD,1739102267000,COMPLETED,international,Internet bill
TRF-01946,CUST-1033,EXT-5039,10327.73,GBP,1739837027000,COMPLETED,international,Internet bill
TRF-01947,CUST-1179,CUST-1018,24752.74,SAR,1736213526000,COMPLETED,internal,Gift money
TRF-01948,CUST-1118,CUST-1013,25783.31,SAR,1747977722000,COMPLETED,internal,Loan repayment
TRF-01949,CUST-1152,EXT-5048,49590.65,GBP,1738810567000,FAILED,international,Gym membership
TRF-01950,CUST-1051,CUST-1148,26796.69,SAR,1750609048000,COMPLETED,internal,Rent share
TRF-01951,CUST-1134,EXT-5041,19992.79,SAR,1748412992000,COMPLETED,local_bank,School tuition
TRF-01952,CUST-1199,EXT-5083,13308.46,AED,1737463387000,COMPLETED,local_bank,Coffee money
TRF-01953,CUST-1184,CUST-1005,42906.79,SAR,1748757005000,PROCESSING,internal,Investment transfer
TRF-01954,CUST-1122,CUST-1160,13927.47,SAR,1745489291000,COMPLETED,internal,Dinner split
TRF-01955,CUST-1001,CUST-1135,25251.45,SAR,1750397306000,FAILED,internal,Business invoice
TRF-01956,CUST-1107,EXT-5080,10714.25,SAR,1738293329000,PROCESSING,local_bank,Gas split
TRF-01957,CUST-1161,EXT-5032,48556.82,SAR,1741067207000,COMPLETED,local_bank,Medical bill
TRF-01958,CUST-1079,EXT-5082,4466.73,SAR,1747702016000,COMPLETED,local_bank,Salary advance
TRF-01959,CUST-1049,CUST-1118,2670.00,SAR,1737234436000,COMPLETED,internal,Lunch money
TRF-01960,CUST-1176,CUST-1099,41610.17,SAR,1741291409000,COMPLETED,internal,Lunch money
TRF-01961,CUST-1107,CUST-1001,48076.04,AED,1749612763000,COMPLETED,internal,Birthday gift
TRF-01962,CUST-1182,CUST-1100,34791.37,SAR,1738099762000,FAILED,internal,School tuition
TRF-01963,CUST-1146,CUST-1002,43006.22,SAR,1748274281000,COMPLETED,internal,School tuition
TRF-01964,CUST-1171,CUST-1059,19157.41,SAR,1736723575000,FAILED,internal,Internet bill
TRF-01965,CUST-1088,CUST-1121,36039.91,SAR,1736531937000,COMPLETED,internal,Salary advance
TRF-01966,CUST-1064,EXT-5068,3858.82,USD,1743089488000,COMPLETED,local_bank,Grocery share
TRF-01967,CUST-1092,CUST-1101,6681.75,SAR,1740040425000,FAILED,internal,Grocery share
TRF-01968,CUST-1189,CUST-1190,45632.40,SAR,1738458322000,COMPLETED,internal,Cleaning service
TRF-01969,CUST-1028,EXT-5044,19154.66,SAR,1736380418000,COMPLETED,local_bank,Birthday gift
TRF-01970,CUST-1112,CUST-1171,26443.79,USD,1750901583000,COMPLETED,internal,Gym membership
TRF-01971,CUST-1032,CUST-1056,21743.18,SAR,1741716434000,PROCESSING,internal,Coffee money
TRF-01972,CUST-1004,CUST-1133,47019.28,SAR,1749102657000,COMPLETED,internal,Birthday gift
TRF-01973,CUST-1111,EXT-5098,21967.85,USD,1745956929000,COMPLETED,international,Event tickets
TRF-01974,CUST-1096,EXT-5061,35197.45,USD,1738663360000,PROCESSING,international,Coffee money
TRF-01975,CUST-1078,EXT-5023,40723.85,SAR,1750153963000,COMPLETED,local_bank,Cleaning service
TRF-01976,CUST-1176,CUST-1167,28525.74,SAR,1750954261000,COMPLETED,internal,Gym membership
TRF-01977,CUST-1129,CUST-1075,351.92,SAR,1737093208000,COMPLETED,internal,Movie tickets
TRF-01978,CUST-1132,CUST-1178,45065.01,SAR,1745431319000,COMPLETED,internal,Investment transfer
TRF-01979,CUST-1031,CUST-1044,7700.27,SAR,1750875010000,COMPLETED,internal,Movie tickets
TRF-01980,CUST-1042,EXT-5004,44502.58,GBP,1738234999000,COMPLETED,international,Business invoice
TRF-01981,CUST-1130,EXT-5039,21797.63,SAR,1744124635000,COMPLETED,local_bank,Medical bill
TRF-01982,CUST-1101,EXT-5047,27192.52,SAR,1747272388000,COMPLETED,local_bank,Gift money
TRF-01983,CUST-1119,CUST-1154,33107.10,SAR,1743350630000,FAILED,internal,Birthday gift
TRF-01984,CUST-1156,CUST-1107,13662.80,SAR,1746403876000,COMPLETED,internal,Dinner split
TRF-01985,CUST-1081,CUST-1039,27991.72,SAR,1736109152000,COMPLETED,internal,Dinner split
TRF-01986,CUST-1049,CUST-1133,6878.33,SAR,1737399397000,COMPLETED,internal,Loan repayment
TRF-01987,CUST-1137,EXT-5022,14498.09,EUR,1744794849000,COMPLETED,international,Internet bill
TRF-01988,CUST-1184,CUST-1187,44071.58,SAR,1750388045000,PROCESSING,internal,Internet bill
TRF-01989,CUST-1065,EXT-5023,23835.91,AED,1737052647000,FAILED,local_bank,School tuition
TRF-01990,CUST-1200,CUST-1003,15663.60,GBP,1749688327000,PROCESSING,internal,Parking fee
TRF-01991,CUST-1065,CUST-1062,22056.16,SAR,1736342659000,COMPLETED,internal,Charity donation
TRF-01992,CUST-1099,CUST-1080,30957.78,SAR,1747955377000,COMPLETED,internal,Cleaning service
TRF-01993,CUST-1163,EXT-5085,26767.80,SAR,1746412723000,PROCESSING,local_bank,Internet bill
TRF-01994,CUST-1110,EXT-5051,2599.93,GBP,1744726672000,FAILED,international,Parking fee
TRF-01995,CUST-1128,EXT-5018,22446.58,SAR,1741353792000,COMPLETED,local_bank,Coffee money
TRF-01996,CUST-1075,EXT-5007,34950.91,EUR,1750484185000,COMPLETED,international,Gas split
TRF-01997,CUST-1019,CUST-1177,40196.78,SAR,1745717390000,PROCESSING,internal,Gas split
TRF-01998,CUST-1127,CUST-1073,40218.30,SAR,1737990427000,COMPLETED,internal,Gym membership
TRF-01999,CUST-1047,EXT-5045,3245.93,SAR,1748176842000,FAILED,local_bank,Travel booking
TRF-02000,CUST-1152,EXT-5027,49904.48,AED,1742970455000,PROCESSING,international,Uber share
TRF-02001,CUST-1193,EXT-5092,34968.81,GBP,1739365509000,COMPLETED,international,Event tickets
TRF-02002,CUST-1027,EXT-5022,25569.35,SAR,1738882223000,COMPLETED,local_bank,Cleaning service
TRF-02003,CUST-1050,EXT-5081,27468.54,AED,1742837535000,COMPLETED,international,Rent share
TRF-02004,CUST-1123,EXT-5006,17620.57,EUR,1751014616000,COMPLETED,international,Grocery share
TRF-02005,CUST-1167,CUST-1021,30108.23,SAR,1745393275000,COMPLETED,internal,Car installment
TRF-02006,CUST-1021,EXT-5055,33726.36,EUR,1746597423000,COMPLETED,international,Birthday gift
TRF-02007,CUST-1064,CUST-1182,2860.85,SAR,1735797098000,COMPLETED,internal,Gas split
TRF-02008,CUST-1168,CUST-1127,316.44,SAR,1745053981000,COMPLETED,internal,Internet bill
TRF-02009,CUST-1199,CUST-1145,28897.66,SAR,1745945717000,COMPLETED,internal,Freelancer payment
TRF-02010,CUST-1089,EXT-5049,35220.43,SAR,1742638291000,COMPLETED,local_bank,Grocery share
TRF-02011,CUST-1019,CUST-1140,40595.21,AED,1750978828000,COMPLETED,internal,Insurance premium
TRF-02012,CUST-1019,EXT-5100,27626.72,USD,1748091390000,COMPLETED,local_bank,Gym membership
TRF-02013,CUST-1192,CUST-1042,29139.12,AED,1741330398000,COMPLETED,internal,Freelancer payment
TRF-02014,CUST-1049,EXT-5005,17557.43,USD,1737297499000,COMPLETED,international,Wedding contribution
TRF-02015,CUST-1054,EXT-5089,46036.74,SAR,1747489948000,COMPLETED,local_bank,Rent share
TRF-02016,CUST-1153,EXT-5064,5371.66,SAR,1739547744000,COMPLETED,local_bank,School tuition
TRF-02017,CUST-1103,EXT-5046,47139.65,USD,1741305697000,PROCESSING,international,Rent share
TRF-02018,CUST-1065,CUST-1126,44146.31,SAR,1750872410000,COMPLETED,internal,Gift money
TRF-02019,CUST-1061,CUST-1035,35106.10,SAR,1749826658000,COMPLETED,internal,Coffee money
TRF-02020,CUST-1120,CUST-1182,47792.65,SAR,1747060961000,COMPLETED,internal,Freelancer payment
TRF-02021,CUST-1163,EXT-5015,4018.11,SAR,1736741516000,COMPLETED,local_bank,Movie tickets
TRF-02022,CUST-1160,EXT-5093,11510.67,SAR,1750119275000,COMPLETED,local_bank,Event tickets
TRF-02023,CUST-1114,EXT-5088,43867.52,GBP,1749454624000,COMPLETED,international,Car installment
TRF-02024,CUST-1042,EXT-5096,29071.40,SAR,1739778864000,PROCESSING,local_bank,Gas split
TRF-02025,CUST-1128,CUST-1019,30320.21,SAR,1739135897000,COMPLETED,internal,Dinner split
TRF-02026,CUST-1005,EXT-5065,48699.71,SAR,1736585654000,COMPLETED,local_bank,Uber share
TRF-02027,CUST-1197,CUST-1149,33669.87,USD,1736124428000,COMPLETED,internal,School tuition
TRF-02028,CUST-1137,CUST-1131,12180.28,USD,1742686581000,COMPLETED,internal,Travel booking
TRF-02029,CUST-1096,EXT-5012,6458.17,USD,1744084426000,COMPLETED,international,Lunch money
TRF-02030,CUST-1020,EXT-5033,22392.49,USD,1737942558000,COMPLETED,international,Gym membership
TRF-02031,CUST-1109,CUST-1109,23534.40,SAR,1743158580000,FAILED,internal,Coffee money
TRF-02032,CUST-1162,CUST-1048,14084.63,SAR,1745855563000,COMPLETED,internal,Charity donation
TRF-02033,CUST-1003,CUST-1171,1039.79,SAR,1738831616000,FAILED,internal,Lunch money
TRF-02034,CUST-1171,EXT-5033,10254.49,SAR,1740806755000,COMPLETED,local_bank,Dinner split
TRF-02035,CUST-1012,EXT-5047,2258.77,SAR,1736031545000,COMPLETED,local_bank,Movie tickets
TRF-02036,CUST-1102,CUST-1017,14621.87,SAR,1739025724000,COMPLETED,internal,School tuition
TRF-02037,CUST-1087,CUST-1086,22766.20,EUR,1740773638000,COMPLETED,internal,Salary advance
TRF-02038,CUST-1185,EXT-5098,7345.59,EUR,1747103409000,COMPLETED,local_bank,Event tickets
TRF-02039,CUST-1060,EXT-5046,43032.65,SAR,1747296164000,COMPLETED,local_bank,Gift money
TRF-02040,CUST-1169,CUST-1126,39057.38,SAR,1747603589000,COMPLETED,internal,Coffee money
TRF-02041,CUST-1196,EXT-5098,29106.92,SAR,1744017608000,PROCESSING,local_bank,Travel booking
TRF-02042,CUST-1117,EXT-5055,21903.34,SAR,1741907843000,COMPLETED,local_bank,Freelancer payment
TRF-02043,CUST-1129,EXT-5060,6448.35,SAR,1739257341000,COMPLETED,local_bank,Travel booking
TRF-02044,CUST-1022,EXT-5074,22829.01,SAR,1746346778000,COMPLETED,local_bank,Salary advance
TRF-02045,CUST-1072,EXT-5061,13752.79,SAR,1737643808000,COMPLETED,local_bank,Gym membership
TRF-02046,CUST-1082,CUST-1190,46470.34,SAR,1749242974000,COMPLETED,internal,Cleaning service
TRF-02047,CUST-1189,EXT-5093,5682.33,SAR,1745002488000,FAILED,local_bank,Rent share
TRF-02048,CUST-1128,EXT-5085,15591.80,SAR,1747042608000,COMPLETED,local_bank,School tuition
TRF-02049,CUST-1161,EXT-5014,24228.16,SAR,1741034303000,COMPLETED,local_bank,Birthday gift
TRF-02050,CUST-1159,CUST-1146,49223.13,SAR,1746375282000,COMPLETED,internal,School tuition
TRF-02051,CUST-1170,EXT-5093,18091.24,SAR,1740362029000,COMPLETED,local_bank,Business invoice
TRF-02052,CUST-1049,EXT-5031,4066.70,AED,1745137045000,COMPLETED,international,Gym membership
TRF-02053,CUST-1008,EXT-5030,42373.52,SAR,1750717986000,COMPLETED,local_bank,Rent share
TRF-02054,CUST-1036,CUST-1190,31748.03,SAR,1748559142000,COMPLETED,internal,Freelancer payment
TRF-02055,CUST-1118,EXT-5085,2767.94,SAR,1750699896000,COMPLETED,local_bank,Insurance premium
TRF-02056,CUST-1175,EXT-5045,37790.52,SAR,1746982779000,COMPLETED,local_bank,Gym membership
TRF-02057,CUST-1073,EXT-5005,22807.07,AED,1747398417000,COMPLETED,international,Gas split
TRF-02058,CUST-1135,EXT-5076,8245.47,AED,1747688053000,PROCESSING,local_bank,Gift money
TRF-02059,CUST-1028,EXT-5005,38983.50,AED,1747072816000,FAILED,international,Rent share
TRF-02060,CUST-1071,CUST-1197,15524.68,SAR,1748426370000,COMPLETED,internal,Dinner split
TRF-02061,CUST-1045,CUST-1104,22185.22,SAR,1746897162000,COMPLETED,internal,Travel booking
TRF-02062,CUST-1178,CUST-1072,44387.28,SAR,1747323131000,COMPLETED,internal,Travel booking
TRF-02063,CUST-1110,EXT-5062,20927.74,SAR,1740269650000,COMPLETED,local_bank,Wedding contribution
TRF-02064,CUST-1033,EXT-5038,2974.11,AED,1740023692000,COMPLETED,international,Travel booking
TRF-02065,CUST-1107,EXT-5011,793.43,SAR,1737653224000,COMPLETED,local_bank,Eid gift
TRF-02066,CUST-1120,EXT-5002,16321.72,EUR,1748707282000,COMPLETED,international,Furniture split
TRF-02067,CUST-1074,EXT-5038,37738.33,SAR,1743459995000,COMPLETED,local_bank,Gift money
TRF-02068,CUST-1079,CUST-1169,26510.28,SAR,1745972702000,COMPLETED,internal,Event tickets
TRF-02069,CUST-1066,EXT-5087,10697.34,SAR,1748694543000,COMPLETED,local_bank,Gym membership
TRF-02070,CUST-1059,EXT-5013,22121.10,USD,1745657907000,PROCESSING,local_bank,Medical bill
TRF-02071,CUST-1152,EXT-5019,42075.63,SAR,1738380912000,COMPLETED,local_bank,Eid gift
TRF-02072,CUST-1006,CUST-1136,46455.27,SAR,1747088768000,COMPLETED,internal,Salary advance
TRF-02073,CUST-1024,EXT-5055,14427.73,SAR,1737962413000,COMPLETED,local_bank,Car installment
TRF-02074,CUST-1068,CUST-1177,18585.56,SAR,1744240534000,COMPLETED,internal,Shared groceries
TRF-02075,CUST-1119,CUST-1153,40845.81,SAR,1736636511000,COMPLETED,internal,School tuition
TRF-02076,CUST-1070,CUST-1195,9898.54,SAR,1749819910000,COMPLETED,internal,Insurance premium
TRF-02077,CUST-1098,EXT-5061,10507.15,GBP,1737998869000,COMPLETED,international,Car installment
TRF-02078,CUST-1167,EXT-5020,41082.74,USD,1740008144000,COMPLETED,international,Cleaning service
TRF-02079,CUST-1018,CUST-1152,45049.97,USD,1746417522000,COMPLETED,internal,Rent share
TRF-02080,CUST-1098,CUST-1126,36852.90,SAR,1746577535000,COMPLETED,internal,Freelancer payment
TRF-02081,CUST-1014,CUST-1093,8835.05,USD,1747001689000,COMPLETED,internal,Gym membership
TRF-02082,CUST-1042,EXT-5055,21892.57,SAR,1739781812000,PROCESSING,local_bank,Grocery share
TRF-02083,CUST-1094,CUST-1144,6813.10,SAR,1748680384000,COMPLETED,internal,Dinner split
TRF-02084,CUST-1032,EXT-5014,15640.38,EUR,1748504100000,FAILED,local_bank,Investment transfer
TRF-02085,CUST-1184,EXT-5040,7092.04,SAR,1748968136000,FAILED,local_bank,Car installment
TRF-02086,CUST-1137,CUST-1085,21935.03,SAR,1748664012000,COMPLETED,internal,Travel booking
TRF-02087,CUST-1040,EXT-5068,32061.37,SAR,1741868897000,COMPLETED,local_bank,Travel booking
TRF-02088,CUST-1028,CUST-1157,42606.43,SAR,1740899187000,COMPLETED,internal,Shared groceries
TRF-02089,CUST-1050,CUST-1050,18528.20,SAR,1739540989000,COMPLETED,internal,Medical bill
TRF-02090,CUST-1015,EXT-5027,43796.00,GBP,1738557928000,COMPLETED,international,Medical bill
TRF-02091,CUST-1008,CUST-1008,24796.91,AED,1736446956000,COMPLETED,internal,Furniture split
TRF-02092,CUST-1171,EXT-5012,44127.16,SAR,1746256031000,COMPLETED,local_bank,Coffee money
TRF-02093,CUST-1055,CUST-1067,41123.98,SAR,1750980776000,COMPLETED,internal,Insurance premium
TRF-02094,CUST-1047,CUST-1181,24622.11,SAR,1743776126000,COMPLETED,internal,Lunch money
TRF-02095,CUST-1200,CUST-1145,39718.24,SAR,1739797549000,COMPLETED,internal,Lunch money
TRF-02096,CUST-1110,CUST-1014,445.37,SAR,1745216892000,COMPLETED,internal,Gas split
TRF-02097,CUST-1131,CUST-1100,21725.17,SAR,1748122722000,FAILED,internal,Eid gift
TRF-02098,CUST-1094,CUST-1054,29688.70,SAR,1748851554000,COMPLETED,internal,Insurance premium
TRF-02099,CUST-1167,CUST-1168,1044.68,USD,1737371460000,COMPLETED,internal,Dinner split
TRF-02100,CUST-1006,CUST-1007,42986.81,SAR,1739931752000,COMPLETED,internal,Uber share
TRF-02101,CUST-1051,EXT-5056,37785.75,SAR,1736696525000,COMPLETED,local_bank,Movie tickets
TRF-02102,CUST-1158,CUST-1037,37161.22,USD,1743546463000,COMPLETED,internal,Eid gift
TRF-02103,CUST-1145,CUST-1102,18034.84,EUR,1750656757000,COMPLETED,internal,Furniture split
TRF-02104,CUST-1123,CUST-1052,19718.15,SAR,1736634871000,COMPLETED,internal,Gift money
TRF-02105,CUST-1096,CUST-1167,37478.47,USD,1747297762000,PROCESSING,internal,Investment transfer
TRF-02106,CUST-1077,CUST-1173,25430.69,SAR,1744593849000,COMPLETED,internal,Gym membership
TRF-02107,CUST-1040,EXT-5072,7773.15,SAR,1751191805000,COMPLETED,local_bank,Wedding contribution
TRF-02108,CUST-1024,EXT-5076,28499.74,AED,1747857527000,COMPLETED,local_bank,Birthday gift
TRF-02109,CUST-1079,EXT-5090,17723.67,SAR,1746134012000,COMPLETED,local_bank,Movie tickets
TRF-02110,CUST-1117,EXT-5065,22436.78,EUR,1738921168000,PROCESSING,international,Dinner split
TRF-02111,CUST-1127,EXT-5037,21978.05,EUR,1737468676000,COMPLETED,international,School tuition
TRF-02112,CUST-1034,CUST-1175,1193.19,SAR,1739260598000,COMPLETED,internal,Freelancer payment
TRF-02113,CUST-1101,EXT-5017,23088.87,USD,1751082330000,COMPLETED,international,Furniture split
TRF-02114,CUST-1008,EXT-5086,13915.47,USD,1751164432000,COMPLETED,international,Birthday gift
TRF-02115,CUST-1170,CUST-1026,27626.05,SAR,1739564752000,COMPLETED,internal,Car installment
TRF-02116,CUST-1032,CUST-1090,6801.51,SAR,1750265729000,COMPLETED,internal,Travel booking
TRF-02117,CUST-1184,EXT-5021,38749.50,SAR,1740580568000,FAILED,local_bank,Cleaning service
TRF-02118,CUST-1087,EXT-5046,47316.09,SAR,1744505349000,PROCESSING,local_bank,Gift money
TRF-02119,CUST-1114,EXT-5054,9136.19,GBP,1746163724000,COMPLETED,international,Birthday gift
TRF-02120,CUST-1179,CUST-1056,11469.55,AED,1746395265000,COMPLETED,internal,Freelancer payment
TRF-02121,CUST-1188,CUST-1184,48169.86,SAR,1745877857000,COMPLETED,internal,Grocery share
TRF-02122,CUST-1192,EXT-5024,47926.26,SAR,1737690527000,COMPLETED,local_bank,Rent share
TRF-02123,CUST-1036,CUST-1001,37831.95,SAR,1736818422000,COMPLETED,internal,Freelancer payment
TRF-02124,CUST-1161,EXT-5033,34848.44,EUR,1742147771000,COMPLETED,local_bank,Event tickets
TRF-02125,CUST-1098,CUST-1056,3423.48,USD,1750821980000,COMPLETED,internal,Charity donation
TRF-02126,CUST-1064,CUST-1007,225.03,SAR,1745208415000,COMPLETED,internal,Freelancer payment
TRF-02127,CUST-1017,EXT-5059,33266.63,SAR,1745217638000,COMPLETED,local_bank,Salary advance
TRF-02128,CUST-1122,EXT-5027,23358.96,USD,1749939282000,COMPLETED,local_bank,Dinner split
TRF-02129,CUST-1034,EXT-5061,44455.52,GBP,1740298770000,COMPLETED,local_bank,Uber share
TRF-02130,CUST-1080,EXT-5044,48935.46,SAR,1738365228000,FAILED,local_bank,Furniture split
TRF-02131,CUST-1117,EXT-5048,26279.02,USD,1742594191000,COMPLETED,international,Furniture split
TRF-02132,CUST-1005,CUST-1156,7545.66,SAR,1736144095000,COMPLETED,internal,Cleaning service
TRF-02133,CUST-1161,EXT-5011,47188.93,USD,1737716446000,COMPLETED,local_bank,Investment transfer
TRF-02134,CUST-1193,CUST-1089,29814.49,SAR,1746469577000,FAILED,internal,Birthday gift
TRF-02135,CUST-1146,EXT-5099,11736.51,SAR,1736947171000,COMPLETED,local_bank,Coffee money
TRF-02136,CUST-1159,EXT-5080,47304.35,AED,1737611575000,COMPLETED,international,Insurance premium
TRF-02137,CUST-1115,EXT-5004,9838.64,SAR,1749420201000,COMPLETED,local_bank,Medical bill
TRF-02138,CUST-1138,CUST-1112,44300.61,USD,1740430509000,COMPLETED,internal,Eid gift
TRF-02139,CUST-1087,CUST-1044,36714.91,EUR,1737725261000,COMPLETED,internal,Internet bill
TRF-02140,CUST-1007,CUST-1114,27317.52,SAR,1743964051000,FAILED,internal,Insurance premium
TRF-02141,CUST-1133,EXT-5063,47475.16,GBP,1735764373000,COMPLETED,international,Birthday gift
TRF-02142,CUST-1148,EXT-5013,14840.83,USD,1749584512000,COMPLETED,international,Shared groceries
TRF-02143,CUST-1064,EXT-5053,33860.96,SAR,1737828810000,COMPLETED,local_bank,Shared groceries
TRF-02144,CUST-1129,EXT-5044,45564.49,SAR,1740514785000,PROCESSING,local_bank,Furniture split
TRF-02145,CUST-1035,CUST-1079,45943.72,SAR,1746605817000,COMPLETED,internal,Gym membership
TRF-02146,CUST-1196,EXT-5042,34102.13,AED,1747234523000,COMPLETED,local_bank,Internet bill
TRF-02147,CUST-1103,CUST-1028,19309.44,SAR,1746792011000,COMPLETED,internal,Internet bill
TRF-02148,CUST-1076,EXT-5026,45213.55,USD,1737471173000,COMPLETED,local_bank,Coffee money
TRF-02149,CUST-1184,EXT-5049,22086.57,USD,1750684454000,FAILED,international,Travel booking
TRF-02150,CUST-1173,EXT-5054,26649.59,GBP,1743173739000,COMPLETED,international,Business invoice
TRF-02151,CUST-1020,EXT-5012,22891.93,AED,1738219722000,COMPLETED,international,Lunch money
TRF-02152,CUST-1024,EXT-5058,32659.41,SAR,1743232426000,COMPLETED,local_bank,Business invoice
TRF-02153,CUST-1082,CUST-1117,3633.24,SAR,1738368560000,COMPLETED,internal,Investment transfer
TRF-02154,CUST-1055,CUST-1111,17825.14,SAR,1746919446000,COMPLETED,internal,Medical bill
TRF-02155,CUST-1038,CUST-1064,21932.60,GBP,1735927178000,COMPLETED,internal,Eid gift
TRF-02156,CUST-1001,CUST-1011,29463.13,SAR,1742208372000,COMPLETED,internal,Car installment
TRF-02157,CUST-1131,EXT-5048,28999.45,SAR,1742931994000,FAILED,local_bank,Parking fee
TRF-02158,CUST-1151,CUST-1194,48538.47,SAR,1748721981000,COMPLETED,internal,Event tickets
TRF-02159,CUST-1186,CUST-1121,48195.36,EUR,1748703195000,COMPLETED,internal,Dinner split
TRF-02160,CUST-1037,CUST-1100,49511.34,USD,1736896489000,COMPLETED,internal,Gas split
TRF-02161,CUST-1064,CUST-1007,17077.26,SAR,1746747261000,COMPLETED,internal,Gas split
TRF-02162,CUST-1148,CUST-1151,11714.08,SAR,1747517463000,COMPLETED,internal,Shared groceries
TRF-02163,CUST-1088,EXT-5050,29020.89,USD,1748840197000,PROCESSING,international,Gas split
TRF-02164,CUST-1001,CUST-1126,10650.74,USD,1746640419000,COMPLETED,internal,Salary advance
TRF-02165,CUST-1179,CUST-1008,45502.95,SAR,1736910069000,COMPLETED,internal,Movie tickets
TRF-02166,CUST-1164,EXT-5044,6259.24,SAR,1744332443000,COMPLETED,local_bank,Wedding contribution
TRF-02167,CUST-1188,EXT-5035,33985.88,SAR,1750092364000,COMPLETED,local_bank,Gas split
TRF-02168,CUST-1185,EXT-5004,40065.39,SAR,1742832685000,COMPLETED,local_bank,Rent share
TRF-02169,CUST-1128,CUST-1097,13907.04,SAR,1739702445000,COMPLETED,internal,Gas split
TRF-02170,CUST-1114,CUST-1014,36665.45,SAR,1737013585000,PROCESSING,internal,Gas split
TRF-02171,CUST-1170,EXT-5040,14192.75,USD,1742183894000,COMPLETED,local_bank,Eid gift
TRF-02172,CUST-1022,EXT-5094,42381.51,SAR,1742084192000,COMPLETED,local_bank,Medical bill
TRF-02173,CUST-1180,EXT-5056,3976.00,SAR,1741685076000,COMPLETED,local_bank,Furniture split
TRF-02174,CUST-1126,CUST-1002,12755.79,SAR,1741968089000,COMPLETED,internal,Wedding contribution
TRF-02175,CUST-1110,CUST-1135,38018.04,SAR,1747832771000,COMPLETED,internal,Lunch money
TRF-02176,CUST-1018,CUST-1044,18083.77,SAR,1739606030000,FAILED,internal,Car installment
TRF-02177,CUST-1065,CUST-1186,25160.63,SAR,1743569804000,COMPLETED,internal,Wedding contribution
TRF-02178,CUST-1054,EXT-5034,4117.07,EUR,1738384089000,COMPLETED,international,Freelancer payment
TRF-02179,CUST-1183,CUST-1148,41726.55,USD,1744476225000,COMPLETED,internal,Dinner split
TRF-02180,CUST-1081,EXT-5004,34936.84,SAR,1737744716000,COMPLETED,local_bank,Gas split
TRF-02181,CUST-1036,EXT-5090,35921.55,SAR,1744263213000,COMPLETED,local_bank,Internet bill
TRF-02182,CUST-1200,CUST-1108,39755.48,SAR,1736874776000,COMPLETED,internal,Movie tickets
TRF-02183,CUST-1171,CUST-1029,23238.32,SAR,1747351212000,COMPLETED,internal,Loan repayment
TRF-02184,CUST-1002,CUST-1081,29458.93,SAR,1739552454000,COMPLETED,internal,Car installment
TRF-02185,CUST-1026,EXT-5088,15512.73,USD,1743067247000,FAILED,local_bank,Loan repayment
TRF-02186,CUST-1126,EXT-5058,46611.35,AED,1749376081000,COMPLETED,international,Uber share
TRF-02187,CUST-1111,CUST-1103,24038.09,USD,1742293443000,COMPLETED,internal,Travel booking
TRF-02188,CUST-1091,CUST-1003,36872.22,SAR,1741420592000,FAILED,internal,Gift money
TRF-02189,CUST-1151,EXT-5040,16039.56,SAR,1738786947000,COMPLETED,local_bank,Charity donation
TRF-02190,CUST-1094,CUST-1074,26868.94,SAR,1743988932000,COMPLETED,internal,Gift money
TRF-02191,CUST-1152,EXT-5065,7188.13,SAR,1741732143000,COMPLETED,local_bank,Uber share
TRF-02192,CUST-1071,CUST-1043,3859.48,SAR,1747420025000,COMPLETED,internal,Insurance premium
TRF-02193,CUST-1178,CUST-1107,8516.68,USD,1749551366000,COMPLETED,internal,Eid gift
TRF-02194,CUST-1174,CUST-1166,39258.25,SAR,1740306691000,COMPLETED,internal,Salary advance
TRF-02195,CUST-1098,EXT-5018,43043.41,SAR,1742926672000,COMPLETED,local_bank,Investment transfer
TRF-02196,CUST-1010,CUST-1042,4395.13,USD,1739829253000,COMPLETED,internal,Freelancer payment
TRF-02197,CUST-1023,EXT-5090,28337.86,SAR,1750740633000,COMPLETED,local_bank,School tuition
TRF-02198,CUST-1006,CUST-1028,40050.56,AED,1744210430000,COMPLETED,internal,Event tickets
TRF-02199,CUST-1006,EXT-5046,26593.54,SAR,1741439302000,COMPLETED,local_bank,Charity donation
TRF-02200,CUST-1082,CUST-1035,17780.40,SAR,1745237245000,COMPLETED,internal,Dinner split
TRF-02201,CUST-1088,CUST-1071,30434.55,SAR,1739926223000,COMPLETED,internal,Eid gift
TRF-02202,CUST-1182,EXT-5028,46873.59,SAR,1745276788000,COMPLETED,local_bank,Freelancer payment
TRF-02203,CUST-1167,EXT-5059,4458.72,SAR,1739734699000,COMPLETED,local_bank,Insurance premium
TRF-02204,CUST-1102,EXT-5080,43839.63,SAR,1746702271000,COMPLETED,local_bank,Coffee money
TRF-02205,CUST-1139,EXT-5074,33218.08,AED,1736828145000,COMPLETED,international,Cleaning service
TRF-02206,CUST-1137,CUST-1084,19359.85,AED,1736452646000,FAILED,internal,Dinner split
TRF-02207,CUST-1154,EXT-5096,5550.92,SAR,1749473523000,PROCESSING,local_bank,Wedding contribution
TRF-02208,CUST-1034,CUST-1109,15332.88,AED,1743576532000,COMPLETED,internal,Furniture split
TRF-02209,CUST-1044,EXT-5026,44267.41,SAR,1744686400000,COMPLETED,local_bank,Gift money
TRF-02210,CUST-1111,EXT-5047,24267.47,USD,1745574920000,COMPLETED,local_bank,Freelancer payment
TRF-02211,CUST-1112,EXT-5073,30314.08,SAR,1736497967000,COMPLETED,local_bank,Movie tickets
TRF-02212,CUST-1002,CUST-1168,40839.06,GBP,1743977948000,COMPLETED,internal,Business invoice
TRF-02213,CUST-1195,CUST-1174,31011.34,SAR,1750041130000,PROCESSING,internal,Uber share
TRF-02214,CUST-1174,CUST-1003,47755.82,SAR,1743302553000,COMPLETED,internal,Dinner split
TRF-02215,CUST-1033,CUST-1199,18272.87,USD,1736944575000,COMPLETED,internal,Salary advance
TRF-02216,CUST-1163,CUST-1091,19140.71,SAR,1749541139000,COMPLETED,internal,Movie tickets
TRF-02217,CUST-1186,CUST-1107,7533.71,SAR,1737256949000,COMPLETED,internal,Birthday gift
TRF-02218,CUST-1109,EXT-5028,11798.73,SAR,1739241478000,FAILED,local_bank,Insurance premium
TRF-02219,CUST-1010,EXT-5020,36592.34,SAR,1742112450000,COMPLETED,local_bank,Birthday gift
TRF-02220,CUST-1062,EXT-5069,734.53,GBP,1736582568000,FAILED,international,Charity donation
TRF-02221,CUST-1081,CUST-1153,41910.83,SAR,1736782075000,FAILED,internal,Gym membership
TRF-02222,CUST-1041,CUST-1037,26465.69,USD,1738863803000,PROCESSING,internal,Insurance premium
TRF-02223,CUST-1013,EXT-5036,38000.74,SAR,1748188392000,COMPLETED,local_bank,Freelancer payment
TRF-02224,CUST-1189,CUST-1048,42749.88,SAR,1746410363000,COMPLETED,internal,Business invoice
TRF-02225,CUST-1120,CUST-1036,205.44,SAR,1748894797000,COMPLETED,internal,Car installment
TRF-02226,CUST-1007,EXT-5002,4818.67,SAR,1745031708000,COMPLETED,local_bank,School tuition
TRF-02227,CUST-1174,CUST-1180,46935.75,SAR,1737850329000,PROCESSING,internal,Gas split
TRF-02228,CUST-1126,EXT-5081,24481.05,SAR,1741631583000,COMPLETED,local_bank,Gym membership
TRF-02229,CUST-1113,EXT-5009,22196.22,SAR,1743665255000,COMPLETED,local_bank,Birthday gift
TRF-02230,CUST-1083,CUST-1143,14412.15,AED,1737315227000,COMPLETED,internal,Internet bill
TRF-02231,CUST-1100,EXT-5055,44566.85,SAR,1739827431000,COMPLETED,local_bank,Freelancer payment
TRF-02232,CUST-1198,EXT-5096,30364.75,USD,1738689415000,COMPLETED,local_bank,Furniture split
TRF-02233,CUST-1014,CUST-1018,46687.54,SAR,1737330290000,COMPLETED,internal,Parking fee
TRF-02234,CUST-1066,CUST-1163,2536.45,SAR,1738326447000,COMPLETED,internal,Business invoice
TRF-02235,CUST-1190,EXT-5079,16534.82,SAR,1738717995000,COMPLETED,local_bank,Coffee money
TRF-02236,CUST-1115,EXT-5025,44229.43,SAR,1745161054000,COMPLETED,local_bank,Movie tickets
TRF-02237,CUST-1034,EXT-5078,11060.15,USD,1751096370000,COMPLETED,local_bank,Furniture split
TRF-02238,CUST-1154,CUST-1038,17338.40,GBP,1739749539000,COMPLETED,internal,Furniture split
TRF-02239,CUST-1093,CUST-1119,4385.83,SAR,1740511275000,COMPLETED,internal,Car installment
TRF-02240,CUST-1190,CUST-1108,9356.78,AED,1738656586000,COMPLETED,internal,Movie tickets
TRF-02241,CUST-1181,EXT-5084,16266.88,SAR,1737172930000,COMPLETED,local_bank,Rent share
TRF-02242,CUST-1184,CUST-1065,12566.77,SAR,1739299409000,COMPLETED,internal,Gym membership
TRF-02243,CUST-1075,CUST-1054,37439.95,USD,1745135138000,COMPLETED,internal,Investment transfer
TRF-02244,CUST-1024,CUST-1038,38009.77,SAR,1751168741000,PROCESSING,internal,Rent share
TRF-02245,CUST-1162,CUST-1119,8265.85,SAR,1750596946000,COMPLETED,internal,Loan repayment
TRF-02246,CUST-1184,EXT-5031,23096.16,SAR,1736470213000,FAILED,local_bank,Medical bill
TRF-02247,CUST-1115,EXT-5041,5330.11,SAR,1745771718000,COMPLETED,local_bank,Freelancer payment
TRF-02248,CUST-1139,EXT-5048,2189.46,USD,1736410320000,COMPLETED,international,Event tickets
TRF-02249,CUST-1109,CUST-1163,17111.90,EUR,1747941003000,COMPLETED,internal,Cleaning service
TRF-02250,CUST-1122,EXT-5043,18490.11,SAR,1742614542000,COMPLETED,local_bank,Charity donation
TRF-02251,CUST-1043,EXT-5085,23131.43,SAR,1736148973000,COMPLETED,local_bank,Lunch money
TRF-02252,CUST-1071,EXT-5082,9198.69,SAR,1740498166000,COMPLETED,local_bank,Insurance premium
TRF-02253,CUST-1167,EXT-5086,46914.34,GBP,1748617802000,COMPLETED,international,Birthday gift
TRF-02254,CUST-1076,EXT-5053,6063.16,GBP,1740927102000,COMPLETED,international,Freelancer payment
TRF-02255,CUST-1081,EXT-5009,5420.18,GBP,1747910876000,COMPLETED,international,Loan repayment
TRF-02256,CUST-1146,EXT-5050,45656.83,GBP,1742534015000,COMPLETED,international,Coffee money
TRF-02257,CUST-1106,CUST-1011,32031.88,SAR,1748582663000,COMPLETED,internal,Furniture split
TRF-02258,CUST-1057,EXT-5096,9125.09,SAR,1749822119000,COMPLETED,local_bank,Uber share
TRF-02259,CUST-1070,EXT-5033,4422.90,SAR,1745143972000,COMPLETED,local_bank,Shared groceries
TRF-02260,CUST-1033,CUST-1024,16932.19,SAR,1743734744000,COMPLETED,internal,Cleaning service
TRF-02261,CUST-1095,EXT-5026,11500.31,EUR,1742334546000,COMPLETED,international,Salary advance
TRF-02262,CUST-1070,CUST-1073,21487.89,SAR,1739272787000,COMPLETED,internal,Shared groceries
TRF-02263,CUST-1159,EXT-5006,11041.76,SAR,1743847699000,COMPLETED,local_bank,Shared groceries
TRF-02264,CUST-1152,EXT-5019,31000.48,SAR,1739043146000,COMPLETED,local_bank,Cleaning service
TRF-02265,CUST-1194,CUST-1080,33561.95,USD,1745847652000,COMPLETED,internal,Shared groceries
TRF-02266,CUST-1156,EXT-5048,35817.79,SAR,1746981745000,FAILED,local_bank,Internet bill
TRF-02267,CUST-1079,EXT-5051,27854.03,USD,1736111514000,COMPLETED,local_bank,Coffee money
TRF-02268,CUST-1111,EXT-5083,9914.85,GBP,1736595671000,COMPLETED,international,Eid gift
TRF-02269,CUST-1138,CUST-1169,14709.96,GBP,1744051333000,COMPLETED,internal,Eid gift
TRF-02270,CUST-1176,EXT-5004,48849.73,SAR,1744167978000,COMPLETED,local_bank,Lunch money
TRF-02271,CUST-1078,EXT-5056,18870.52,GBP,1740859977000,FAILED,local_bank,Travel booking
TRF-02272,CUST-1057,EXT-5088,34003.56,USD,1745162659000,FAILED,local_bank,Lunch money
TRF-02273,CUST-1054,EXT-5053,43941.03,SAR,1748151034000,COMPLETED,local_bank,Parking fee
TRF-02274,CUST-1187,CUST-1136,28968.28,SAR,1741289309000,FAILED,internal,Wedding contribution
TRF-02275,CUST-1043,EXT-5062,18856.41,SAR,1745171013000,PROCESSING,local_bank,Gas split
TRF-02276,CUST-1038,CUST-1200,22401.82,SAR,1749345816000,COMPLETED,internal,Charity donation
TRF-02277,CUST-1063,EXT-5039,44099.64,SAR,1751144237000,COMPLETED,local_bank,Movie tickets
TRF-02278,CUST-1184,EXT-5092,48047.55,SAR,1747886834000,FAILED,local_bank,Gym membership
TRF-02279,CUST-1120,CUST-1050,34000.06,SAR,1739932325000,FAILED,internal,Gym membership
TRF-02280,CUST-1111,EXT-5051,17678.37,SAR,1740686408000,COMPLETED,local_bank,Uber share
TRF-02281,CUST-1191,CUST-1023,49016.22,SAR,1750276469000,COMPLETED,internal,Loan repayment
TRF-02282,CUST-1044,EXT-5071,36943.76,SAR,1744405771000,FAILED,local_bank,Medical bill
TRF-02283,CUST-1121,EXT-5022,12536.50,SAR,1750679870000,COMPLETED,local_bank,Parking fee
TRF-02284,CUST-1005,EXT-5032,4178.40,GBP,1742850366000,FAILED,international,Furniture split
TRF-02285,CUST-1083,EXT-5012,14991.79,SAR,1736471767000,COMPLETED,local_bank,Travel booking
TRF-02286,CUST-1059,EXT-5084,27227.72,USD,1744816847000,COMPLETED,international,Dinner split
TRF-02287,CUST-1102,EXT-5095,23451.11,SAR,1745507422000,COMPLETED,local_bank,Coffee money
TRF-02288,CUST-1035,EXT-5027,24696.80,SAR,1748849740000,COMPLETED,local_bank,Cleaning service
TRF-02289,CUST-1157,EXT-5001,33675.69,SAR,1738329046000,COMPLETED,local_bank,Internet bill
TRF-02290,CUST-1008,CUST-1099,25063.70,SAR,1741840704000,COMPLETED,internal,Rent share
TRF-02291,CUST-1002,EXT-5020,4979.31,SAR,1738230901000,COMPLETED,local_bank,Car installment
TRF-02292,CUST-1050,CUST-1102,34289.81,SAR,1747068672000,COMPLETED,internal,Lunch money
TRF-02293,CUST-1197,CUST-1152,3986.68,SAR,1743819922000,COMPLETED,internal,Shared groceries
TRF-02294,CUST-1063,CUST-1141,21328.09,SAR,1738824734000,COMPLETED,internal,Movie tickets
TRF-02295,CUST-1029,CUST-1160,918.21,SAR,1749908726000,COMPLETED,internal,Dinner split
TRF-02296,CUST-1170,EXT-5059,19948.66,GBP,1745334250000,FAILED,international,Furniture split
TRF-02297,CUST-1004,CUST-1179,5268.89,SAR,1745443956000,FAILED,internal,Grocery share
TRF-02298,CUST-1192,CUST-1119,17144.26,SAR,1750502725000,COMPLETED,internal,Movie tickets
TRF-02299,CUST-1194,CUST-1076,26484.66,USD,1739997141000,COMPLETED,internal,Coffee money
TRF-02300,CUST-1131,EXT-5062,15637.68,USD,1747737972000,COMPLETED,international,Lunch money
TRF-02301,CUST-1112,EXT-5015,48818.67,SAR,1736665249000,PROCESSING,local_bank,Furniture split
TRF-02302,CUST-1142,EXT-5002,7040.17,SAR,1738809262000,COMPLETED,local_bank,Gas split
TRF-02303,CUST-1066,CUST-1012,32842.87,SAR,1747972741000,PROCESSING,internal,Medical bill
TRF-02304,CUST-1003,EXT-5094,31358.70,SAR,1745210207000,FAILED,local_bank,Dinner split
TRF-02305,CUST-1046,CUST-1043,33306.62,SAR,1735894109000,COMPLETED,internal,Insurance premium
TRF-02306,CUST-1154,EXT-5028,27323.76,USD,1738011620000,FAILED,international,Uber share
TRF-02307,CUST-1194,CUST-1048,19225.18,SAR,1741738068000,COMPLETED,internal,Cleaning service
TRF-02308,CUST-1011,CUST-1023,4945.42,SAR,1743522769000,COMPLETED,internal,Insurance premium
TRF-02309,CUST-1186,CUST-1043,45268.78,SAR,1739291265000,COMPLETED,internal,Parking fee
TRF-02310,CUST-1099,EXT-5087,37467.51,SAR,1737082311000,COMPLETED,local_bank,Eid gift
TRF-02311,CUST-1130,CUST-1029,49360.93,USD,1743538855000,PROCESSING,internal,Travel booking
TRF-02312,CUST-1106,EXT-5018,8984.12,USD,1737290507000,COMPLETED,international,Freelancer payment
TRF-02313,CUST-1130,EXT-5033,21621.19,SAR,1739605951000,PROCESSING,local_bank,Rent share
TRF-02314,CUST-1044,CUST-1011,14950.33,SAR,1743791288000,FAILED,internal,Coffee money
TRF-02315,CUST-1087,CUST-1165,14152.83,USD,1746981762000,COMPLETED,internal,Insurance premium
TRF-02316,CUST-1051,CUST-1156,38967.52,SAR,1736699915000,FAILED,internal,Birthday gift
TRF-02317,CUST-1008,EXT-5042,141.41,SAR,1740035379000,COMPLETED,local_bank,Birthday gift
TRF-02318,CUST-1042,EXT-5038,24474.52,SAR,1736727364000,COMPLETED,local_bank,Coffee money
TRF-02319,CUST-1128,EXT-5033,30502.48,SAR,1736513057000,PROCESSING,local_bank,Rent share
TRF-02320,CUST-1144,EXT-5093,1194.59,SAR,1743223860000,COMPLETED,local_bank,Gym membership
TRF-02321,CUST-1169,CUST-1011,25501.75,SAR,1741083500000,COMPLETED,internal,Furniture split
TRF-02322,CUST-1002,CUST-1128,22098.88,AED,1743308691000,FAILED,internal,Business invoice
TRF-02323,CUST-1114,CUST-1186,9378.04,SAR,1736115230000,COMPLETED,internal,Gas split
TRF-02324,CUST-1177,EXT-5031,18056.72,SAR,1737192196000,PROCESSING,local_bank,Shared groceries
TRF-02325,CUST-1017,CUST-1066,44770.60,SAR,1749936613000,COMPLETED,internal,Travel booking
TRF-02326,CUST-1008,CUST-1159,18200.20,SAR,1738681665000,COMPLETED,internal,Salary advance
TRF-02327,CUST-1103,CUST-1017,23458.50,SAR,1747645269000,COMPLETED,internal,Gas split
TRF-02328,CUST-1122,CUST-1185,2460.70,SAR,1742273782000,COMPLETED,internal,Travel booking
TRF-02329,CUST-1091,EXT-5073,25515.65,SAR,1742486214000,COMPLETED,local_bank,Cleaning service
TRF-02330,CUST-1169,CUST-1042,39273.56,USD,1739954154000,COMPLETED,internal,Eid gift
TRF-02331,CUST-1189,EXT-5078,31739.65,SAR,1744792843000,FAILED,local_bank,Car installment
TRF-02332,CUST-1064,EXT-5085,28881.69,SAR,1751011732000,COMPLETED,local_bank,Dinner split
TRF-02333,CUST-1193,CUST-1086,24997.38,SAR,1747342364000,COMPLETED,internal,Eid gift
TRF-02334,CUST-1113,EXT-5010,16923.02,SAR,1740178263000,COMPLETED,local_bank,Loan repayment
TRF-02335,CUST-1189,CUST-1025,28416.53,SAR,1748935284000,COMPLETED,internal,Eid gift
TRF-02336,CUST-1109,CUST-1085,44975.84,SAR,1750275006000,COMPLETED,internal,Grocery share
TRF-02337,CUST-1011,CUST-1040,27760.39,SAR,1739903254000,PROCESSING,internal,Insurance premium
TRF-02338,CUST-1059,CUST-1116,8116.52,SAR,1743407449000,FAILED,internal,Gift money
TRF-02339,CUST-1083,CUST-1187,30867.26,SAR,1741610013000,FAILED,internal,Investment transfer
TRF-02340,CUST-1165,EXT-5024,39194.17,AED,1741734963000,PROCESSING,international,Medical bill
TRF-02341,CUST-1128,CUST-1118,30973.76,EUR,1750382478000,COMPLETED,internal,Freelancer payment
TRF-02342,CUST-1161,EXT-5044,8178.82,USD,1750797447000,COMPLETED,international,Rent share
TRF-02343,CUST-1157,CUST-1148,33302.25,SAR,1738961476000,PROCESSING,internal,Business invoice
TRF-02344,CUST-1136,CUST-1197,26690.44,SAR,1740154654000,COMPLETED,internal,Event tickets
TRF-02345,CUST-1117,CUST-1150,15961.57,SAR,1748409280000,COMPLETED,internal,Coffee money
TRF-02346,CUST-1174,CUST-1034,30144.50,SAR,1744961436000,PROCESSING,internal,Travel booking
TRF-02347,CUST-1107,EXT-5059,39453.81,SAR,1738291607000,COMPLETED,local_bank,School tuition
TRF-02348,CUST-1086,CUST-1061,44748.76,USD,1742232712000,FAILED,internal,Shared groceries
TRF-02349,CUST-1015,CUST-1106,12299.70,SAR,1748757385000,COMPLETED,internal,Dinner split
TRF-02350,CUST-1068,EXT-5018,34488.77,AED,1739967736000,FAILED,international,Birthday gift
TRF-02351,CUST-1046,EXT-5028,39987.55,SAR,1744543774000,COMPLETED,local_bank,Wedding contribution
TRF-02352,CUST-1047,CUST-1050,1617.40,SAR,1740311871000,COMPLETED,internal,Insurance premium
TRF-02353,CUST-1093,EXT-5016,10177.25,GBP,1750296164000,COMPLETED,international,Internet bill
TRF-02354,CUST-1038,CUST-1020,16983.30,SAR,1750600599000,COMPLETED,internal,Gym membership
TRF-02355,CUST-1076,EXT-5043,14448.06,SAR,1748518558000,COMPLETED,local_bank,Cleaning service
TRF-02356,CUST-1142,EXT-5092,42816.11,SAR,1748568322000,COMPLETED,local_bank,Loan repayment
TRF-02357,CUST-1061,EXT-5015,3738.97,USD,1746148461000,COMPLETED,local_bank,Dinner split
TRF-02358,CUST-1105,CUST-1193,30526.43,SAR,1750813114000,COMPLETED,internal,Event tickets
TRF-02359,CUST-1100,CUST-1046,43923.33,SAR,1743100604000,COMPLETED,internal,Gym membership
TRF-02360,CUST-1113,EXT-5027,18739.11,AED,1746502575000,COMPLETED,international,Coffee money
TRF-02361,CUST-1031,CUST-1062,3067.15,USD,1740985416000,COMPLETED,internal,Gym membership
TRF-02362,CUST-1095,EXT-5010,11019.86,SAR,1740345780000,COMPLETED,local_bank,Parking fee
TRF-02363,CUST-1146,CUST-1176,2445.35,USD,1743492824000,COMPLETED,internal,Shared groceries
TRF-02364,CUST-1067,CUST-1190,3820.22,SAR,1747829163000,COMPLETED,internal,Car installment
TRF-02365,CUST-1036,CUST-1104,45205.41,EUR,1739685644000,PROCESSING,internal,Charity donation
TRF-02366,CUST-1137,EXT-5088,19202.55,USD,1738500823000,COMPLETED,local_bank,Freelancer payment
TRF-02367,CUST-1191,CUST-1163,13439.87,SAR,1742657740000,COMPLETED,internal,Wedding contribution
TRF-02368,CUST-1108,EXT-5096,36272.44,USD,1742017810000,COMPLETED,international,Cleaning service
TRF-02369,CUST-1106,CUST-1192,15482.48,SAR,1737401055000,COMPLETED,internal,Coffee money
TRF-02370,CUST-1017,EXT-5063,35005.68,SAR,1736302722000,COMPLETED,local_bank,Birthday gift
TRF-02371,CUST-1003,EXT-5010,13320.34,USD,1737083710000,COMPLETED,local_bank,Investment transfer
TRF-02372,CUST-1003,CUST-1028,15927.87,AED,1738010962000,PROCESSING,internal,Freelancer payment
TRF-02373,CUST-1021,EXT-5006,12723.43,SAR,1736566613000,COMPLETED,local_bank,Internet bill
TRF-02374,CUST-1124,CUST-1143,31052.99,AED,1742655412000,COMPLETED,internal,School tuition
TRF-02375,CUST-1164,CUST-1029,3013.30,AED,1742244148000,COMPLETED,internal,Gym membership
TRF-02376,CUST-1192,EXT-5079,18602.56,EUR,1749947267000,COMPLETED,international,Business invoice
TRF-02377,CUST-1102,EXT-5049,25267.70,AED,1740065758000,COMPLETED,international,Salary advance
TRF-02378,CUST-1016,EXT-5009,13920.45,SAR,1740206987000,COMPLETED,local_bank,Gym membership
TRF-02379,CUST-1101,CUST-1165,42111.00,SAR,1738527478000,COMPLETED,internal,Furniture split
TRF-02380,CUST-1137,EXT-5009,17704.70,SAR,1741860006000,COMPLETED,local_bank,Medical bill
TRF-02381,CUST-1181,CUST-1190,43358.35,SAR,1740266951000,COMPLETED,internal,Birthday gift
TRF-02382,CUST-1169,EXT-5090,44770.60,SAR,1750739195000,COMPLETED,local_bank,Furniture split
TRF-02383,CUST-1196,EXT-5065,11488.81,SAR,1741386892000,COMPLETED,local_bank,Charity donation
TRF-02384,CUST-1123,EXT-5061,30044.91,SAR,1744652206000,COMPLETED,local_bank,Loan repayment
TRF-02385,CUST-1114,EXT-5003,35997.34,SAR,1737355172000,COMPLETED,local_bank,Insurance premium
TRF-02386,CUST-1151,CUST-1155,33635.91,SAR,1737416776000,COMPLETED,internal,Rent share
TRF-02387,CUST-1198,CUST-1059,48762.28,SAR,1741403432000,COMPLETED,internal,Uber share
TRF-02388,CUST-1007,CUST-1136,27581.42,SAR,1742557952000,FAILED,internal,Cleaning service
TRF-02389,CUST-1099,EXT-5092,30873.91,SAR,1739230429000,COMPLETED,local_bank,Lunch money
TRF-02390,CUST-1174,EXT-5051,24313.62,SAR,1749859918000,COMPLETED,local_bank,Coffee money
TRF-02391,CUST-1044,CUST-1015,14555.28,SAR,1742215781000,COMPLETED,internal,Event tickets
TRF-02392,CUST-1036,CUST-1080,14292.76,USD,1737423591000,COMPLETED,internal,Rent share
TRF-02393,CUST-1034,CUST-1089,3053.66,SAR,1741538317000,COMPLETED,internal,Cleaning service
TRF-02394,CUST-1060,CUST-1104,16824.94,SAR,1749119081000,COMPLETED,internal,Cleaning service
TRF-02395,CUST-1063,EXT-5099,36497.51,SAR,1745589264000,COMPLETED,local_bank,Salary advance
TRF-02396,CUST-1115,EXT-5054,38674.32,GBP,1741097142000,COMPLETED,international,Parking fee
TRF-02397,CUST-1058,EXT-5033,37476.73,SAR,1747871591000,COMPLETED,local_bank,Uber share
TRF-02398,CUST-1192,CUST-1085,8534.92,SAR,1741234950000,PROCESSING,internal,Travel booking
TRF-02399,CUST-1075,EXT-5059,42286.64,SAR,1736544387000,COMPLETED,local_bank,Event tickets
TRF-02400,CUST-1126,CUST-1198,7898.34,SAR,1743740407000,COMPLETED,internal,Grocery share
TRF-02401,CUST-1163,CUST-1160,34285.77,SAR,1749897579000,COMPLETED,internal,Birthday gift
TRF-02402,CUST-1042,CUST-1160,12747.21,SAR,1750332436000,COMPLETED,internal,Internet bill
TRF-02403,CUST-1145,EXT-5007,40998.43,SAR,1746831847000,COMPLETED,local_bank,Birthday gift
TRF-02404,CUST-1069,CUST-1113,28017.93,SAR,1748422909000,COMPLETED,internal,Birthday gift
TRF-02405,CUST-1147,EXT-5011,7183.67,GBP,1745148640000,PROCESSING,international,Birthday gift
TRF-02406,CUST-1121,CUST-1057,27172.46,USD,1736843226000,PROCESSING,internal,Freelancer payment
TRF-02407,CUST-1173,EXT-5062,12390.41,SAR,1738383950000,FAILED,local_bank,Lunch money
TRF-02408,CUST-1107,CUST-1080,21724.96,SAR,1738493908000,COMPLETED,internal,Gym membership
TRF-02409,CUST-1016,EXT-5046,19899.64,SAR,1739810733000,COMPLETED,local_bank,Gym membership
TRF-02410,CUST-1105,CUST-1018,24914.02,SAR,1744004339000,COMPLETED,internal,Eid gift
TRF-02411,CUST-1037,EXT-5023,45097.68,SAR,1745799358000,COMPLETED,local_bank,Event tickets
TRF-02412,CUST-1056,EXT-5065,35597.80,USD,1745962748000,COMPLETED,international,Charity donation
TRF-02413,CUST-1022,CUST-1013,10124.60,GBP,1749574898000,PROCESSING,internal,Coffee money
TRF-02414,CUST-1174,CUST-1016,18691.50,SAR,1740403028000,COMPLETED,internal,Medical bill
TRF-02415,CUST-1167,CUST-1064,40218.97,SAR,1742894678000,COMPLETED,internal,Event tickets
TRF-02416,CUST-1047,EXT-5003,4367.22,EUR,1743588256000,COMPLETED,international,Travel booking
TRF-02417,CUST-1013,EXT-5021,1580.44,USD,1739713887000,COMPLETED,international,Charity donation
TRF-02418,CUST-1186,EXT-5053,39158.29,AED,1743314681000,COMPLETED,international,Gas split
TRF-02419,CUST-1107,CUST-1196,18879.98,EUR,1741673216000,COMPLETED,internal,Lunch money
TRF-02420,CUST-1085,EXT-5008,44976.72,SAR,1744142550000,COMPLETED,local_bank,Business invoice
TRF-02421,CUST-1085,EXT-5033,5402.86,USD,1736530016000,COMPLETED,international,Loan repayment
TRF-02422,CUST-1160,CUST-1147,10279.12,SAR,1749479490000,COMPLETED,internal,Travel booking
TRF-02423,CUST-1159,EXT-5097,9437.73,EUR,1750422251000,COMPLETED,international,Freelancer payment
TRF-02424,CUST-1094,EXT-5096,48690.50,GBP,1744406913000,COMPLETED,international,Birthday gift
TRF-02425,CUST-1192,CUST-1119,18832.04,SAR,1735973718000,COMPLETED,internal,Gift money
TRF-02426,CUST-1109,CUST-1099,35867.89,SAR,1741048193000,FAILED,internal,Dinner split
TRF-02427,CUST-1192,CUST-1079,23880.82,USD,1738319552000,COMPLETED,internal,Internet bill
TRF-02428,CUST-1108,CUST-1144,36740.68,GBP,1739960179000,FAILED,internal,Gift money
TRF-02429,CUST-1117,EXT-5075,8721.50,USD,1740411454000,COMPLETED,international,Wedding contribution
TRF-02430,CUST-1146,CUST-1123,17250.38,AED,1746864107000,COMPLETED,internal,Shared groceries
TRF-02431,CUST-1059,EXT-5100,22702.99,EUR,1748570587000,COMPLETED,international,Shared groceries
TRF-02432,CUST-1096,EXT-5024,26540.78,SAR,1748538712000,COMPLETED,local_bank,Business invoice
TRF-02433,CUST-1022,EXT-5086,35919.06,USD,1740718180000,COMPLETED,local_bank,Insurance premium
TRF-02434,CUST-1022,CUST-1174,31250.79,SAR,1736810158000,PROCESSING,internal,Furniture split
TRF-02435,CUST-1180,EXT-5036,40826.82,SAR,1746698265000,COMPLETED,local_bank,Lunch money
TRF-02436,CUST-1111,CUST-1197,11920.45,SAR,1745483293000,COMPLETED,internal,Rent share
TRF-02437,CUST-1067,CUST-1095,43652.39,SAR,1750376417000,PROCESSING,internal,Medical bill
TRF-02438,CUST-1097,EXT-5069,12789.74,SAR,1750620243000,COMPLETED,local_bank,Coffee money
TRF-02439,CUST-1018,EXT-5076,24408.51,SAR,1747213026000,COMPLETED,local_bank,Grocery share
TRF-02440,CUST-1012,CUST-1176,22576.83,SAR,1736412007000,PROCESSING,internal,Internet bill
TRF-02441,CUST-1158,EXT-5097,7171.21,AED,1746444400000,COMPLETED,international,Parking fee
TRF-02442,CUST-1012,EXT-5017,2874.21,USD,1747275082000,COMPLETED,international,Event tickets
TRF-02443,CUST-1020,EXT-5062,1632.27,AED,1746336454000,COMPLETED,local_bank,School tuition
TRF-02444,CUST-1070,EXT-5055,5301.24,EUR,1737322274000,COMPLETED,international,Event tickets
TRF-02445,CUST-1077,CUST-1192,30907.96,SAR,1749132307000,FAILED,internal,Uber share
TRF-02446,CUST-1023,CUST-1069,16187.45,SAR,1738660136000,COMPLETED,internal,Insurance premium
TRF-02447,CUST-1074,EXT-5023,35584.41,SAR,1746863159000,COMPLETED,local_bank,Gas split
TRF-02448,CUST-1033,EXT-5072,34366.42,AED,1744106630000,COMPLETED,international,Internet bill
TRF-02449,CUST-1024,CUST-1175,45364.41,SAR,1742246679000,COMPLETED,internal,Internet bill
TRF-02450,CUST-1131,CUST-1089,23410.12,SAR,1747298174000,COMPLETED,internal,Insurance premium
TRF-02451,CUST-1107,EXT-5054,20735.00,AED,1745451221000,COMPLETED,international,Salary advance
TRF-02452,CUST-1145,CUST-1108,11956.78,AED,1739891538000,COMPLETED,internal,Cleaning service
TRF-02453,CUST-1004,CUST-1146,15686.04,USD,1747349072000,COMPLETED,internal,Dinner split
TRF-02454,CUST-1019,CUST-1054,20772.15,SAR,1738834498000,COMPLETED,internal,Gift money
TRF-02455,CUST-1067,CUST-1020,18665.91,SAR,1745862427000,COMPLETED,internal,Car installment
TRF-02456,CUST-1152,CUST-1021,32065.54,AED,1742890841000,COMPLETED,internal,Eid gift
TRF-02457,CUST-1190,CUST-1143,34988.95,USD,1742189153000,COMPLETED,internal,Charity donation
TRF-02458,CUST-1142,CUST-1135,37685.68,SAR,1744196296000,FAILED,internal,Business invoice
TRF-02459,CUST-1105,EXT-5026,46486.41,AED,1736663114000,COMPLETED,international,Shared groceries
TRF-02460,CUST-1127,EXT-5007,10251.24,SAR,1745257216000,COMPLETED,local_bank,Shared groceries
TRF-02461,CUST-1196,CUST-1145,21103.59,SAR,1737916238000,COMPLETED,internal,Rent share
TRF-02462,CUST-1031,CUST-1124,29324.64,SAR,1747733061000,PROCESSING,internal,Rent share
TRF-02463,CUST-1029,EXT-5050,5404.88,SAR,1745844764000,COMPLETED,local_bank,Investment transfer
TRF-02464,CUST-1129,EXT-5032,34111.91,SAR,1735967265000,COMPLETED,local_bank,Insurance premium
TRF-02465,CUST-1171,CUST-1058,231.51,USD,1748901206000,COMPLETED,internal,Shared groceries
TRF-02466,CUST-1050,CUST-1106,20864.77,SAR,1739139934000,FAILED,internal,Uber share
TRF-02467,CUST-1091,EXT-5059,31020.88,SAR,1740536573000,COMPLETED,local_bank,Grocery share
TRF-02468,CUST-1156,EXT-5040,103.34,USD,1740681483000,COMPLETED,local_bank,Movie tickets
TRF-02469,CUST-1182,CUST-1056,7975.77,USD,1739092191000,COMPLETED,internal,Freelancer payment
TRF-02470,CUST-1193,CUST-1079,8713.99,SAR,1743139691000,COMPLETED,internal,Gas split
TRF-02471,CUST-1178,CUST-1053,16250.61,SAR,1747146206000,PROCESSING,internal,School tuition
TRF-02472,CUST-1088,EXT-5011,25747.45,SAR,1748308617000,COMPLETED,local_bank,Rent share
TRF-02473,CUST-1063,EXT-5001,21469.08,SAR,1749507889000,FAILED,local_bank,Furniture split
TRF-02474,CUST-1185,EXT-5043,49248.56,SAR,1738010077000,FAILED,local_bank,Car installment
TRF-02475,CUST-1144,CUST-1052,48388.96,AED,1750352509000,COMPLETED,internal,Furniture split
TRF-02476,CUST-1027,CUST-1168,25130.80,AED,1737001123000,COMPLETED,internal,Charity donation
TRF-02477,CUST-1155,CUST-1054,21200.70,SAR,1742279938000,COMPLETED,internal,Loan repayment
TRF-02478,CUST-1167,EXT-5079,25360.84,EUR,1746584728000,COMPLETED,international,Shared groceries
TRF-02479,CUST-1107,CUST-1149,16821.00,SAR,1738911924000,COMPLETED,internal,Event tickets
TRF-02480,CUST-1126,EXT-5007,33395.47,SAR,1745765555000,COMPLETED,local_bank,Rent share
TRF-02481,CUST-1058,EXT-5047,31650.76,SAR,1739003204000,FAILED,local_bank,Uber share
TRF-02482,CUST-1028,EXT-5026,12554.17,SAR,1741436144000,COMPLETED,local_bank,Gas split
TRF-02483,CUST-1177,EXT-5089,22586.88,SAR,1737328977000,COMPLETED,local_bank,Cleaning service
TRF-02484,CUST-1088,CUST-1188,18463.99,SAR,1744093241000,COMPLETED,internal,Travel booking
TRF-02485,CUST-1016,EXT-5009,42907.60,SAR,1742360016000,COMPLETED,local_bank,Gift money
TRF-02486,CUST-1073,EXT-5038,30185.59,SAR,1744079352000,COMPLETED,local_bank,Shared groceries
TRF-02487,CUST-1186,EXT-5065,25144.22,SAR,1738521915000,COMPLETED,local_bank,Internet bill
TRF-02488,CUST-1183,CUST-1084,29359.20,SAR,1743093185000,COMPLETED,internal,Wedding contribution
TRF-02489,CUST-1069,EXT-5012,36296.86,SAR,1742531020000,COMPLETED,local_bank,Eid gift
TRF-02490,CUST-1106,CUST-1036,49756.03,SAR,1737928494000,PROCESSING,internal,Coffee money
TRF-02491,CUST-1193,CUST-1028,32779.05,USD,1746693862000,COMPLETED,internal,Furniture split
TRF-02492,CUST-1145,EXT-5004,28140.53,EUR,1745109499000,COMPLETED,international,Investment transfer
TRF-02493,CUST-1200,CUST-1049,37236.59,SAR,1739977790000,PROCESSING,internal,Gas split
TRF-02494,CUST-1082,EXT-5062,49337.74,USD,1750164939000,COMPLETED,local_bank,Car installment
TRF-02495,CUST-1185,CUST-1139,21852.10,SAR,1746170162000,COMPLETED,internal,Rent share
TRF-02496,CUST-1199,EXT-5005,34875.00,USD,1745650135000,COMPLETED,international,Uber share
TRF-02497,CUST-1103,EXT-5057,47305.02,EUR,1745150132000,FAILED,international,Cleaning service
TRF-02498,CUST-1190,EXT-5047,19187.33,EUR,1735938504000,COMPLETED,international,Investment transfer
TRF-02499,CUST-1200,CUST-1023,22989.13,SAR,1742646091000,COMPLETED,internal,Dinner split
TRF-02500,CUST-1144,EXT-5042,1726.54,AED,1744591989000,COMPLETED,international,Travel booking
TRF-02501,CUST-1011,EXT-5018,7001.33,SAR,1750818245000,COMPLETED,local_bank,Internet bill
TRF-02502,CUST-1163,EXT-5028,47175.71,USD,1738332249000,COMPLETED,international,Grocery share
TRF-02503,CUST-1148,EXT-5055,23842.02,SAR,1739370695000,COMPLETED,local_bank,Shared groceries
TRF-02504,CUST-1005,CUST-1166,14768.95,SAR,1739880408000,COMPLETED,internal,School tuition
TRF-02505,CUST-1097,CUST-1108,23005.43,SAR,1737370866000,COMPLETED,internal,Cleaning service
TRF-02506,CUST-1179,CUST-1089,42857.20,SAR,1743909671000,COMPLETED,internal,Movie tickets
TRF-02507,CUST-1050,EXT-5053,1708.02,SAR,1740055210000,COMPLETED,local_bank,Movie tickets
TRF-02508,CUST-1116,CUST-1154,19629.58,SAR,1747855756000,COMPLETED,internal,Rent share
TRF-02509,CUST-1152,EXT-5044,44714.34,AED,1746647784000,COMPLETED,international,Charity donation
TRF-02510,CUST-1192,CUST-1184,37755.11,SAR,1744364343000,COMPLETED,internal,Wedding contribution
TRF-02511,CUST-1137,CUST-1015,16532.49,USD,1737268175000,COMPLETED,internal,Investment transfer
TRF-02512,CUST-1046,EXT-5054,13613.38,SAR,1743992789000,PROCESSING,local_bank,Medical bill
TRF-02513,CUST-1013,EXT-5005,15299.69,USD,1749929637000,COMPLETED,international,Grocery share
TRF-02514,CUST-1076,CUST-1032,30423.74,USD,1743514772000,PROCESSING,internal,Uber share
TRF-02515,CUST-1004,CUST-1007,28999.55,SAR,1736615139000,COMPLETED,internal,Eid gift
TRF-02516,CUST-1054,EXT-5065,12889.08,AED,1743081620000,PROCESSING,local_bank,Furniture split
TRF-02517,CUST-1060,EXT-5040,14160.03,SAR,1749847986000,COMPLETED,local_bank,Grocery share
TRF-02518,CUST-1147,CUST-1147,1631.32,SAR,1745818656000,COMPLETED,internal,Dinner split
TRF-02519,CUST-1054,CUST-1148,47316.31,SAR,1742023568000,COMPLETED,internal,Car installment
TRF-02520,CUST-1135,CUST-1037,47953.25,SAR,1741556989000,COMPLETED,internal,Gift money
TRF-02521,CUST-1170,EXT-5082,39649.59,SAR,1738620818000,COMPLETED,local_bank,Cleaning service
TRF-02522,CUST-1018,CUST-1023,29150.40,EUR,1736384519000,COMPLETED,internal,Grocery share
TRF-02523,CUST-1091,EXT-5039,729.88,USD,1740611661000,COMPLETED,local_bank,Event tickets
TRF-02524,CUST-1148,CUST-1017,15682.54,USD,1743206658000,FAILED,internal,Business invoice
TRF-02525,CUST-1190,EXT-5005,11421.18,SAR,1748624099000,COMPLETED,local_bank,School tuition
TRF-02526,CUST-1143,EXT-5091,20942.70,SAR,1743538502000,COMPLETED,local_bank,Gas split
TRF-02527,CUST-1111,CUST-1162,8274.28,SAR,1747891151000,COMPLETED,internal,Investment transfer
TRF-02528,CUST-1082,CUST-1052,41574.09,SAR,1735962497000,FAILED,internal,Freelancer payment
TRF-02529,CUST-1145,EXT-5061,26692.32,SAR,1740493604000,COMPLETED,local_bank,Event tickets
TRF-02530,CUST-1180,EXT-5025,5004.99,SAR,1738980010000,COMPLETED,local_bank,School tuition
TRF-02531,CUST-1042,EXT-5097,31685.62,EUR,1750318559000,FAILED,international,Movie tickets
TRF-02532,CUST-1115,EXT-5002,12125.37,AED,1738481579000,COMPLETED,international,Charity donation
TRF-02533,CUST-1032,CUST-1080,27551.06,SAR,1737649021000,COMPLETED,internal,School tuition
TRF-02534,CUST-1027,CUST-1121,2833.45,SAR,1743026016000,COMPLETED,internal,Loan repayment
TRF-02535,CUST-1116,EXT-5010,49377.04,SAR,1748802525000,FAILED,local_bank,Travel booking
TRF-02536,CUST-1142,EXT-5018,43729.85,SAR,1736673522000,COMPLETED,local_bank,Medical bill
TRF-02537,CUST-1114,CUST-1113,17882.51,SAR,1746151905000,PROCESSING,internal,Internet bill
TRF-02538,CUST-1048,CUST-1174,10468.62,USD,1735899825000,COMPLETED,internal,Eid gift
TRF-02539,CUST-1126,EXT-5062,43596.96,SAR,1738530293000,COMPLETED,local_bank,Grocery share
TRF-02540,CUST-1153,EXT-5085,18906.47,AED,1741413558000,PROCESSING,local_bank,Parking fee
TRF-02541,CUST-1120,CUST-1049,14097.38,AED,1749797290000,COMPLETED,internal,Charity donation
TRF-02542,CUST-1067,EXT-5047,15824.59,GBP,1743275894000,COMPLETED,international,Grocery share
TRF-02543,CUST-1046,CUST-1114,48628.37,SAR,1740668102000,FAILED,internal,Coffee money
TRF-02544,CUST-1133,EXT-5019,16163.71,GBP,1747763440000,COMPLETED,local_bank,Cleaning service
TRF-02545,CUST-1155,EXT-5007,40820.44,SAR,1741811122000,COMPLETED,local_bank,Grocery share
TRF-02546,CUST-1027,CUST-1081,23821.40,SAR,1739870930000,COMPLETED,internal,Travel booking
TRF-02547,CUST-1089,CUST-1082,14349.59,SAR,1742736545000,COMPLETED,internal,Salary advance
TRF-02548,CUST-1167,CUST-1016,37547.81,SAR,1749879383000,COMPLETED,internal,Rent share
TRF-02549,CUST-1156,EXT-5026,10483.84,SAR,1736818400000,COMPLETED,local_bank,School tuition
TRF-02550,CUST-1067,EXT-5042,8882.10,SAR,1743817133000,COMPLETED,local_bank,Medical bill
TRF-02551,CUST-1110,CUST-1064,14966.77,AED,1748186980000,COMPLETED,internal,Loan repayment
TRF-02552,CUST-1052,EXT-5031,12218.05,EUR,1746142212000,COMPLETED,international,Gift money
TRF-02553,CUST-1072,EXT-5042,3865.75,GBP,1750167191000,COMPLETED,international,Uber share
TRF-02554,CUST-1121,EXT-5082,9627.00,SAR,1744807795000,COMPLETED,local_bank,Movie tickets
TRF-02555,CUST-1164,CUST-1043,49768.56,EUR,1748076921000,COMPLETED,internal,Eid gift
TRF-02556,CUST-1023,CUST-1029,37374.58,SAR,1742220207000,PROCESSING,internal,Shared groceries
TRF-02557,CUST-1184,EXT-5066,29004.48,AED,1743445101000,PROCESSING,international,Gym membership
TRF-02558,CUST-1124,EXT-5093,47634.20,USD,1739299566000,FAILED,local_bank,Charity donation
TRF-02559,CUST-1007,CUST-1176,32576.11,SAR,1740365075000,COMPLETED,internal,Travel booking
TRF-02560,CUST-1194,EXT-5097,9279.19,USD,1744517440000,COMPLETED,local_bank,Investment transfer
TRF-02561,CUST-1049,CUST-1157,36197.96,SAR,1740388707000,COMPLETED,internal,Grocery share
TRF-02562,CUST-1183,CUST-1180,25526.33,SAR,1747375985000,COMPLETED,internal,Gas split
TRF-02563,CUST-1196,EXT-5024,34263.30,SAR,1739888546000,PROCESSING,local_bank,Dinner split
TRF-02564,CUST-1129,CUST-1071,13917.46,SAR,1749827234000,COMPLETED,internal,Business invoice
TRF-02565,CUST-1043,CUST-1138,44391.97,USD,1751052397000,COMPLETED,internal,Car installment
TRF-02566,CUST-1067,EXT-5001,17364.35,EUR,1739451535000,COMPLETED,international,Freelancer payment
TRF-02567,CUST-1041,EXT-5020,9547.29,SAR,1746881583000,COMPLETED,local_bank,Gas split
TRF-02568,CUST-1157,CUST-1079,28982.80,GBP,1748345748000,COMPLETED,internal,Loan repayment
TRF-02569,CUST-1093,EXT-5013,39662.36,SAR,1745483872000,PROCESSING,local_bank,Wedding contribution
TRF-02570,CUST-1168,CUST-1024,38975.24,SAR,1748995819000,COMPLETED,internal,Salary advance
TRF-02571,CUST-1135,EXT-5023,20395.07,USD,1744679128000,COMPLETED,local_bank,Loan repayment
TRF-02572,CUST-1075,EXT-5027,19336.20,SAR,1747174926000,FAILED,local_bank,Medical bill
TRF-02573,CUST-1138,CUST-1054,8508.22,SAR,1741747373000,COMPLETED,internal,Eid gift
TRF-02574,CUST-1046,EXT-5077,31997.12,SAR,1742310411000,COMPLETED,local_bank,Internet bill
TRF-02575,CUST-1171,CUST-1101,19837.32,SAR,1739777500000,COMPLETED,internal,Gas split
TRF-02576,CUST-1142,CUST-1100,23459.78,SAR,1748164736000,COMPLETED,internal,Parking fee
TRF-02577,CUST-1039,EXT-5099,47234.66,SAR,1747439607000,COMPLETED,local_bank,Lunch money
TRF-02578,CUST-1156,CUST-1132,14206.25,USD,1750548062000,FAILED,internal,Charity donation
TRF-02579,CUST-1073,EXT-5011,21661.03,SAR,1739701252000,COMPLETED,local_bank,Gas split
TRF-02580,CUST-1167,EXT-5029,11444.61,USD,1737276525000,COMPLETED,international,Furniture split
TRF-02581,CUST-1177,CUST-1100,38432.49,SAR,1742922319000,COMPLETED,internal,Grocery share
TRF-02582,CUST-1037,EXT-5036,15914.51,SAR,1736896576000,COMPLETED,local_bank,Grocery share
TRF-02583,CUST-1001,EXT-5082,30769.92,SAR,1751221753000,COMPLETED,local_bank,Gift money
TRF-02584,CUST-1042,EXT-5046,41878.36,SAR,1746313119000,COMPLETED,local_bank,Medical bill
TRF-02585,CUST-1080,EXT-5055,19138.66,SAR,1748666670000,COMPLETED,local_bank,Uber share
TRF-02586,CUST-1012,EXT-5085,43316.59,EUR,1750627470000,COMPLETED,international,Lunch money
TRF-02587,CUST-1108,EXT-5003,22115.46,SAR,1745954562000,FAILED,local_bank,Birthday gift
TRF-02588,CUST-1052,EXT-5082,45451.62,SAR,1747742552000,COMPLETED,local_bank,Parking fee
TRF-02589,CUST-1035,CUST-1072,1205.04,SAR,1742206413000,FAILED,internal,Charity donation
TRF-02590,CUST-1140,EXT-5037,23537.21,SAR,1739387629000,COMPLETED,local_bank,Internet bill
TRF-02591,CUST-1020,EXT-5045,8893.22,SAR,1747142583000,COMPLETED,local_bank,Gift money
TRF-02592,CUST-1055,EXT-5068,13311.18,GBP,1739947904000,COMPLETED,international,Eid gift
TRF-02593,CUST-1020,CUST-1165,34353.97,AED,1748361527000,COMPLETED,internal,Business invoice
TRF-02594,CUST-1133,CUST-1007,33064.55,SAR,1736110796000,COMPLETED,internal,Cleaning service
TRF-02595,CUST-1192,CUST-1109,4723.35,SAR,1744756999000,COMPLETED,internal,School tuition
TRF-02596,CUST-1057,EXT-5026,24985.80,SAR,1737034290000,COMPLETED,local_bank,Eid gift
TRF-02597,CUST-1148,EXT-5041,8543.52,USD,1751098910000,COMPLETED,international,Furniture split
TRF-02598,CUST-1043,CUST-1193,8896.88,SAR,1735779482000,COMPLETED,internal,Medical bill
TRF-02599,CUST-1172,EXT-5010,32682.24,SAR,1736480301000,COMPLETED,local_bank,Investment transfer
TRF-02600,CUST-1175,CUST-1036,22029.97,SAR,1742267054000,COMPLETED,internal,Rent share
TRF-02601,CUST-1031,CUST-1107,8320.57,SAR,1736445545000,COMPLETED,internal,Grocery share
TRF-02602,CUST-1015,EXT-5095,35625.65,SAR,1740355818000,PROCESSING,local_bank,Internet bill
TRF-02603,CUST-1154,CUST-1060,14774.36,USD,1736591338000,COMPLETED,internal,Movie tickets
TRF-02604,CUST-1177,EXT-5022,24322.33,EUR,1745751070000,COMPLETED,international,Movie tickets
TRF-02605,CUST-1039,CUST-1144,48014.54,SAR,1740643218000,COMPLETED,internal,Grocery share
TRF-02606,CUST-1174,CUST-1124,17745.46,SAR,1739213780000,COMPLETED,internal,Investment transfer
TRF-02607,CUST-1152,CUST-1040,28111.49,USD,1741661169000,PROCESSING,internal,Medical bill
TRF-02608,CUST-1005,CUST-1058,26141.62,GBP,1746425709000,COMPLETED,internal,Movie tickets
TRF-02609,CUST-1025,CUST-1143,12297.14,SAR,1737830582000,COMPLETED,internal,Cleaning service
TRF-02610,CUST-1012,EXT-5041,16641.67,USD,1736642495000,PROCESSING,local_bank,Movie tickets
TRF-02611,CUST-1070,EXT-5066,16735.65,USD,1736147661000,COMPLETED,international,Dinner split
TRF-02612,CUST-1143,CUST-1055,8528.07,SAR,1736678192000,FAILED,internal,Salary advance
TRF-02613,CUST-1124,CUST-1074,28623.67,SAR,1739566400000,COMPLETED,internal,Dinner split
TRF-02614,CUST-1178,CUST-1121,46983.37,SAR,1750008388000,PROCESSING,internal,Rent share
TRF-02615,CUST-1008,CUST-1182,19730.29,SAR,1747080615000,COMPLETED,internal,Furniture split
TRF-02616,CUST-1071,EXT-5051,46672.24,SAR,1748334056000,COMPLETED,local_bank,Charity donation
TRF-02617,CUST-1076,EXT-5036,18858.09,AED,1735764810000,COMPLETED,international,Gift money
TRF-02618,CUST-1057,EXT-5049,38376.68,SAR,1749959588000,COMPLETED,local_bank,Gym membership
TRF-02619,CUST-1027,CUST-1002,27166.13,SAR,1738919741000,COMPLETED,internal,Medical bill
TRF-02620,CUST-1153,CUST-1129,17785.95,SAR,1750066736000,COMPLETED,internal,Coffee money
TRF-02621,CUST-1137,EXT-5075,15313.75,USD,1745427682000,COMPLETED,international,Grocery share
TRF-02622,CUST-1094,CUST-1103,19802.23,SAR,1748666966000,PROCESSING,internal,Birthday gift
TRF-02623,CUST-1124,EXT-5048,45902.38,SAR,1742707619000,COMPLETED,local_bank,Lunch money
TRF-02624,CUST-1144,CUST-1056,4941.37,SAR,1738975743000,COMPLETED,internal,Charity donation
TRF-02625,CUST-1134,CUST-1118,13088.63,SAR,1746542472000,COMPLETED,internal,Car installment
TRF-02626,CUST-1064,CUST-1063,44321.44,SAR,1738311927000,FAILED,internal,Movie tickets
TRF-02627,CUST-1132,CUST-1194,581.09,SAR,1746149770000,PROCESSING,internal,Insurance premium
TRF-02628,CUST-1062,EXT-5047,34912.36,SAR,1749927092000,COMPLETED,local_bank,Salary advance
TRF-02629,CUST-1134,EXT-5069,9418.42,GBP,1745746607000,COMPLETED,local_bank,Movie tickets
TRF-02630,CUST-1120,CUST-1075,1519.46,SAR,1737093149000,COMPLETED,internal,Business invoice
TRF-02631,CUST-1155,EXT-5093,48913.94,SAR,1740251416000,PROCESSING,local_bank,Charity donation
TRF-02632,CUST-1052,EXT-5084,1856.68,AED,1748443763000,COMPLETED,international,Business invoice
TRF-02633,CUST-1011,EXT-5054,3401.93,SAR,1740883842000,COMPLETED,local_bank,Movie tickets
TRF-02634,CUST-1100,CUST-1148,22541.48,SAR,1745906172000,COMPLETED,internal,Dinner split
TRF-02635,CUST-1200,CUST-1170,34361.50,SAR,1736038697000,COMPLETED,internal,Charity donation
TRF-02636,CUST-1053,EXT-5070,36467.76,AED,1737302592000,COMPLETED,local_bank,Medical bill
TRF-02637,CUST-1191,CUST-1076,35291.03,USD,1744019213000,COMPLETED,internal,Wedding contribution
TRF-02638,CUST-1160,EXT-5036,1594.53,USD,1750031491000,PROCESSING,local_bank,Internet bill
TRF-02639,CUST-1042,CUST-1176,39651.66,SAR,1743338102000,FAILED,internal,Eid gift
TRF-02640,CUST-1018,EXT-5093,19366.41,USD,1744176714000,COMPLETED,international,Shared groceries
TRF-02641,CUST-1060,EXT-5032,3516.52,SAR,1736220102000,COMPLETED,local_bank,Travel booking
TRF-02642,CUST-1085,EXT-5072,20984.77,AED,1750994889000,COMPLETED,local_bank,Gift money
TRF-02643,CUST-1099,CUST-1123,27465.34,SAR,1736801035000,COMPLETED,internal,Gift money
TRF-02644,CUST-1198,EXT-5016,24532.30,SAR,1745114758000,FAILED,local_bank,Cleaning service
TRF-02645,CUST-1137,EXT-5047,8238.60,AED,1745370437000,FAILED,local_bank,Investment transfer
TRF-02646,CUST-1017,EXT-5052,26496.11,SAR,1737358789000,PROCESSING,local_bank,Furniture split
TRF-02647,CUST-1090,EXT-5072,9673.12,GBP,1747645353000,COMPLETED,international,Salary advance
TRF-02648,CUST-1181,CUST-1055,20822.20,SAR,1737762416000,COMPLETED,internal,Birthday gift
TRF-02649,CUST-1095,EXT-5052,1099.71,EUR,1749462632000,COMPLETED,local_bank,Wedding contribution
TRF-02650,CUST-1193,EXT-5033,35502.22,SAR,1749895726000,COMPLETED,local_bank,Gym membership
TRF-02651,CUST-1192,CUST-1001,37319.84,SAR,1740241249000,COMPLETED,internal,Coffee money
TRF-02652,CUST-1114,CUST-1106,11929.70,SAR,1750131565000,COMPLETED,internal,Salary advance
TRF-02653,CUST-1187,EXT-5040,2027.11,EUR,1748575966000,COMPLETED,local_bank,Charity donation
TRF-02654,CUST-1041,EXT-5053,8074.81,SAR,1747976104000,COMPLETED,local_bank,Medical bill
TRF-02655,CUST-1170,CUST-1192,7701.90,SAR,1751179790000,COMPLETED,internal,Uber share
TRF-02656,CUST-1069,CUST-1151,28790.40,SAR,1748108226000,COMPLETED,internal,Gift money
TRF-02657,CUST-1096,CUST-1165,24027.22,AED,1738952383000,COMPLETED,internal,Wedding contribution
TRF-02658,CUST-1162,CUST-1071,46983.03,SAR,1744217458000,COMPLETED,internal,Movie tickets
TRF-02659,CUST-1144,EXT-5086,47737.93,EUR,1743807856000,COMPLETED,international,Internet bill
TRF-02660,CUST-1016,EXT-5042,17736.77,EUR,1747656843000,COMPLETED,international,Salary advance
TRF-02661,CUST-1111,EXT-5064,9760.03,GBP,1742415132000,COMPLETED,international,Grocery share
TRF-02662,CUST-1163,CUST-1122,11227.72,SAR,1736018289000,COMPLETED,internal,Salary advance
TRF-02663,CUST-1041,CUST-1097,2953.03,EUR,1740606800000,COMPLETED,internal,Freelancer payment
TRF-02664,CUST-1026,EXT-5088,24715.20,SAR,1741590037000,COMPLETED,local_bank,Charity donation
TRF-02665,CUST-1199,CUST-1113,7795.92,SAR,1743196588000,COMPLETED,internal,Furniture split
TRF-02666,CUST-1189,EXT-5060,10657.41,AED,1741148337000,COMPLETED,international,Wedding contribution
TRF-02667,CUST-1195,CUST-1046,22931.37,GBP,1745236518000,PROCESSING,internal,Business invoice
TRF-02668,CUST-1007,EXT-5038,24359.17,USD,1747746477000,COMPLETED,international,Eid gift
TRF-02669,CUST-1102,CUST-1043,21925.77,USD,1738095577000,PROCESSING,internal,Insurance premium
TRF-02670,CUST-1080,CUST-1019,49201.11,SAR,1739576971000,COMPLETED,internal,Car installment
TRF-02671,CUST-1082,EXT-5040,13642.73,GBP,1743777276000,COMPLETED,local_bank,Birthday gift
TRF-02672,CUST-1108,CUST-1073,23374.98,SAR,1750632836000,COMPLETED,internal,Shared groceries
TRF-02673,CUST-1168,CUST-1175,31021.52,SAR,1742238616000,FAILED,internal,Internet bill
TRF-02674,CUST-1028,CUST-1182,17552.55,SAR,1746804167000,COMPLETED,internal,Loan repayment
TRF-02675,CUST-1017,CUST-1066,31195.40,SAR,1743588908000,COMPLETED,internal,Car installment
TRF-02676,CUST-1035,CUST-1198,40778.71,SAR,1747627753000,COMPLETED,internal,Loan repayment
TRF-02677,CUST-1113,EXT-5052,14331.49,EUR,1735753780000,COMPLETED,local_bank,School tuition
TRF-02678,CUST-1189,EXT-5023,31364.22,SAR,1746616357000,COMPLETED,local_bank,Furniture split
TRF-02679,CUST-1106,EXT-5036,11190.94,SAR,1738478566000,COMPLETED,local_bank,Uber share
TRF-02680,CUST-1112,CUST-1120,611.21,SAR,1744977322000,COMPLETED,internal,School tuition
TRF-02681,CUST-1133,CUST-1086,9347.68,SAR,1739433416000,COMPLETED,internal,Grocery share
TRF-02682,CUST-1114,EXT-5097,32679.36,AED,1742139103000,COMPLETED,local_bank,Insurance premium
TRF-02683,CUST-1086,CUST-1035,15771.99,SAR,1736188608000,COMPLETED,internal,Rent share
TRF-02684,CUST-1189,CUST-1171,24891.32,SAR,1741792160000,COMPLETED,internal,Business invoice
TRF-02685,CUST-1096,CUST-1144,24640.67,SAR,1749064391000,COMPLETED,internal,Lunch money
TRF-02686,CUST-1024,CUST-1198,46420.03,SAR,1745525240000,COMPLETED,internal,Movie tickets
TRF-02687,CUST-1179,EXT-5076,8675.01,SAR,1741016946000,COMPLETED,local_bank,Loan repayment
TRF-02688,CUST-1153,CUST-1103,21549.97,SAR,1736269465000,COMPLETED,internal,Cleaning service
TRF-02689,CUST-1048,CUST-1171,18316.56,SAR,1743778557000,PROCESSING,internal,Investment transfer
TRF-02690,CUST-1194,EXT-5089,3787.06,EUR,1745497578000,COMPLETED,local_bank,Charity donation
TRF-02691,CUST-1134,CUST-1151,3355.18,SAR,1738579124000,COMPLETED,internal,Coffee money
TRF-02692,CUST-1051,CUST-1196,40363.66,USD,1741289860000,COMPLETED,internal,Cleaning service
TRF-02693,CUST-1006,EXT-5009,21161.29,AED,1738358426000,COMPLETED,international,Freelancer payment
TRF-02694,CUST-1069,EXT-5098,13868.81,SAR,1742002494000,COMPLETED,local_bank,Birthday gift
TRF-02695,CUST-1039,EXT-5056,7566.91,EUR,1738050292000,COMPLETED,international,Gas split
TRF-02696,CUST-1173,CUST-1199,37075.69,SAR,1744239752000,COMPLETED,internal,Rent share
TRF-02697,CUST-1028,CUST-1136,8399.51,SAR,1747767476000,COMPLETED,internal,Car installment
TRF-02698,CUST-1158,EXT-5069,38721.95,SAR,1745003090000,COMPLETED,local_bank,Parking fee
TRF-02699,CUST-1169,CUST-1064,39548.45,SAR,1740749803000,COMPLETED,internal,Event tickets
TRF-02700,CUST-1196,EXT-5094,44086.45,USD,1749259911000,COMPLETED,local_bank,Parking fee
TRF-02701,CUST-1103,EXT-5015,46298.38,SAR,1739872326000,COMPLETED,local_bank,Uber share
TRF-02702,CUST-1004,EXT-5003,27096.57,SAR,1745623828000,COMPLETED,local_bank,Gas split
TRF-02703,CUST-1004,CUST-1168,25398.32,AED,1744851249000,COMPLETED,internal,Gym membership
TRF-02704,CUST-1005,CUST-1056,41969.27,SAR,1741385248000,COMPLETED,internal,Travel booking
TRF-02705,CUST-1190,CUST-1178,2420.75,SAR,1742001620000,PROCESSING,internal,School tuition
TRF-02706,CUST-1088,EXT-5067,32867.99,SAR,1749274363000,COMPLETED,local_bank,Investment transfer
TRF-02707,CUST-1010,EXT-5024,38896.89,EUR,1736831424000,COMPLETED,local_bank,Wedding contribution
TRF-02708,CUST-1180,EXT-5073,1111.80,SAR,1737982501000,FAILED,local_bank,Car installment
TRF-02709,CUST-1042,CUST-1111,41474.71,EUR,1748694223000,COMPLETED,internal,Gift money
TRF-02710,CUST-1130,CUST-1039,36207.13,SAR,1741499335000,COMPLETED,internal,Medical bill
TRF-02711,CUST-1049,EXT-5100,22857.29,SAR,1749246966000,COMPLETED,local_bank,Business invoice
TRF-02712,CUST-1131,EXT-5034,34515.21,SAR,1741068417000,COMPLETED,local_bank,Car installment
TRF-02713,CUST-1045,CUST-1002,7440.29,USD,1739787641000,COMPLETED,internal,Car installment
TRF-02714,CUST-1186,CUST-1191,20868.48,SAR,1747202205000,COMPLETED,internal,Charity donation
TRF-02715,CUST-1184,CUST-1195,17727.60,SAR,1749949849000,COMPLETED,internal,Cleaning service
TRF-02716,CUST-1025,CUST-1006,28739.23,SAR,1741476639000,COMPLETED,internal,Lunch money
TRF-02717,CUST-1061,EXT-5073,19810.69,SAR,1746571328000,COMPLETED,local_bank,Loan repayment
TRF-02718,CUST-1070,CUST-1011,7216.96,SAR,1747827349000,PROCESSING,internal,Internet bill
TRF-02719,CUST-1145,CUST-1049,6517.88,SAR,1737814417000,COMPLETED,internal,Rent share
TRF-02720,CUST-1121,CUST-1070,48949.50,USD,1744953220000,COMPLETED,internal,Loan repayment
TRF-02721,CUST-1066,CUST-1048,44631.09,SAR,1746911167000,COMPLETED,internal,Insurance premium
TRF-02722,CUST-1200,CUST-1126,27208.96,SAR,1737671674000,COMPLETED,internal,Uber share
TRF-02723,CUST-1004,EXT-5042,28834.67,EUR,1740921791000,COMPLETED,international,Medical bill
TRF-02724,CUST-1057,CUST-1070,46276.19,SAR,1749778359000,COMPLETED,internal,Event tickets
TRF-02725,CUST-1164,EXT-5066,28234.28,SAR,1744237876000,COMPLETED,local_bank,Investment transfer
TRF-02726,CUST-1045,CUST-1111,18650.76,SAR,1745967003000,COMPLETED,internal,Shared groceries
TRF-02727,CUST-1095,EXT-5077,47594.11,EUR,1742990405000,FAILED,international,Shared groceries
TRF-02728,CUST-1036,CUST-1107,4154.55,SAR,1738601924000,COMPLETED,internal,Birthday gift
TRF-02729,CUST-1060,CUST-1032,30654.97,SAR,1745868217000,PROCESSING,internal,Grocery share
TRF-02730,CUST-1089,CUST-1163,41753.03,GBP,1749456098000,PROCESSING,internal,Grocery share
TRF-02731,CUST-1009,CUST-1035,897.22,USD,1750122199000,COMPLETED,internal,Charity donation
TRF-02732,CUST-1021,EXT-5004,18149.10,GBP,1751016094000,COMPLETED,international,Gift money
TRF-02733,CUST-1192,CUST-1170,14320.31,SAR,1743313203000,COMPLETED,internal,Grocery share
TRF-02734,CUST-1094,EXT-5028,34828.90,GBP,1746102230000,COMPLETED,international,Rent share
TRF-02735,CUST-1191,CUST-1048,36800.44,AED,1737757679000,COMPLETED,internal,Wedding contribution
TRF-02736,CUST-1170,EXT-5055,44422.90,USD,1742762867000,FAILED,international,Charity donation
TRF-02737,CUST-1191,CUST-1121,31741.14,SAR,1748281103000,COMPLETED,internal,Furniture split
TRF-02738,CUST-1025,CUST-1170,14770.82,USD,1744931750000,COMPLETED,internal,Medical bill
TRF-02739,CUST-1065,CUST-1190,27894.88,SAR,1742297331000,COMPLETED,internal,Coffee money
TRF-02740,CUST-1022,EXT-5070,35581.39,SAR,1748863143000,FAILED,local_bank,Grocery share
TRF-02741,CUST-1089,EXT-5029,46660.41,SAR,1740421985000,COMPLETED,local_bank,Gift money
TRF-02742,CUST-1084,CUST-1152,30802.10,SAR,1737929413000,COMPLETED,internal,Gift money
TRF-02743,CUST-1093,EXT-5064,22804.84,EUR,1739914521000,COMPLETED,international,Eid gift
TRF-02744,CUST-1173,CUST-1013,5341.47,SAR,1749176496000,COMPLETED,internal,Medical bill
TRF-02745,CUST-1089,CUST-1024,46279.30,SAR,1744512779000,COMPLETED,internal,Wedding contribution
TRF-02746,CUST-1009,CUST-1183,26566.93,SAR,1745454051000,COMPLETED,internal,Furniture split
TRF-02747,CUST-1197,EXT-5063,25279.85,SAR,1740677522000,COMPLETED,local_bank,Coffee money
TRF-02748,CUST-1005,EXT-5096,23111.45,GBP,1750781910000,FAILED,international,Cleaning service
TRF-02749,CUST-1178,EXT-5099,18431.63,SAR,1744120812000,COMPLETED,local_bank,Lunch money
TRF-02750,CUST-1115,EXT-5061,28815.65,AED,1747796425000,COMPLETED,international,Event tickets
TRF-02751,CUST-1151,CUST-1135,6548.81,SAR,1746398919000,COMPLETED,internal,Gift money
TRF-02752,CUST-1082,CUST-1105,20990.13,SAR,1746838410000,PROCESSING,internal,Cleaning service
TRF-02753,CUST-1122,EXT-5038,49358.05,SAR,1746497498000,COMPLETED,local_bank,Medical bill
TRF-02754,CUST-1171,CUST-1134,28479.64,GBP,1748889119000,COMPLETED,internal,Freelancer payment
TRF-02755,CUST-1184,EXT-5096,43656.70,AED,1750270418000,COMPLETED,local_bank,Birthday gift
TRF-02756,CUST-1159,EXT-5038,48907.32,GBP,1745510078000,COMPLETED,international,Furniture split
TRF-02757,CUST-1017,CUST-1183,37418.64,SAR,1738583458000,COMPLETED,internal,Cleaning service
TRF-02758,CUST-1086,EXT-5007,14046.42,SAR,1739268767000,COMPLETED,local_bank,Charity donation
TRF-02759,CUST-1147,EXT-5018,9843.14,SAR,1751034516000,COMPLETED,local_bank,Loan repayment
TRF-02760,CUST-1091,CUST-1197,47183.32,EUR,1750406826000,COMPLETED,internal,Event tickets
TRF-02761,CUST-1119,EXT-5011,27702.22,SAR,1746276343000,COMPLETED,local_bank,Coffee money
TRF-02762,CUST-1035,CUST-1012,32243.77,SAR,1736072324000,COMPLETED,internal,Dinner split
TRF-02763,CUST-1191,CUST-1046,20395.92,SAR,1742665360000,COMPLETED,internal,Salary advance
TRF-02764,CUST-1102,CUST-1082,24427.25,SAR,1745516758000,COMPLETED,internal,Dinner split
TRF-02765,CUST-1065,EXT-5099,2146.80,SAR,1747410852000,COMPLETED,local_bank,Eid gift
TRF-02766,CUST-1026,EXT-5090,49544.64,SAR,1735917619000,FAILED,local_bank,Medical bill
TRF-02767,CUST-1003,CUST-1183,47004.15,SAR,1744320055000,FAILED,internal,Charity donation
TRF-02768,CUST-1047,CUST-1041,24193.70,SAR,1746976366000,FAILED,internal,Lunch money
TRF-02769,CUST-1185,EXT-5076,17485.05,AED,1746738844000,COMPLETED,international,Business invoice
TRF-02770,CUST-1077,EXT-5026,47493.04,USD,1741476096000,COMPLETED,local_bank,Eid gift
TRF-02771,CUST-1032,EXT-5060,16601.05,SAR,1738702993000,FAILED,local_bank,Freelancer payment
TRF-02772,CUST-1066,CUST-1195,16384.06,AED,1742930483000,COMPLETED,internal,Insurance premium
TRF-02773,CUST-1173,EXT-5088,22219.43,SAR,1739888293000,PROCESSING,local_bank,Coffee money
TRF-02774,CUST-1034,CUST-1197,42711.81,SAR,1741095918000,COMPLETED,internal,Freelancer payment
TRF-02775,CUST-1171,CUST-1003,32356.32,SAR,1743024165000,COMPLETED,internal,Car installment
TRF-02776,CUST-1066,CUST-1121,3759.86,AED,1750701770000,FAILED,internal,Cleaning service
TRF-02777,CUST-1047,EXT-5004,20652.66,EUR,1746757834000,COMPLETED,local_bank,Business invoice
TRF-02778,CUST-1010,EXT-5034,19657.90,GBP,1747556767000,COMPLETED,local_bank,Business invoice
TRF-02779,CUST-1196,EXT-5086,7586.53,SAR,1749850241000,PROCESSING,local_bank,Car installment
TRF-02780,CUST-1118,CUST-1193,14498.65,AED,1739545578000,COMPLETED,internal,Loan repayment
TRF-02781,CUST-1109,EXT-5085,39133.89,USD,1748015862000,COMPLETED,local_bank,Freelancer payment
TRF-02782,CUST-1040,CUST-1194,46512.46,SAR,1749898607000,COMPLETED,internal,Insurance premium
TRF-02783,CUST-1184,CUST-1093,22280.01,SAR,1748025606000,COMPLETED,internal,Charity donation
TRF-02784,CUST-1053,CUST-1187,48479.57,SAR,1748417244000,COMPLETED,internal,Uber share
TRF-02785,CUST-1015,EXT-5064,34431.76,SAR,1746625239000,COMPLETED,local_bank,Lunch money
TRF-02786,CUST-1119,CUST-1069,20765.79,AED,1747060948000,COMPLETED,internal,Shared groceries
TRF-02787,CUST-1175,CUST-1023,34886.49,SAR,1748910572000,COMPLETED,internal,Freelancer payment
TRF-02788,CUST-1169,EXT-5086,5374.76,AED,1745297600000,COMPLETED,local_bank,Shared groceries
TRF-02789,CUST-1113,CUST-1101,12790.77,SAR,1745414767000,PROCESSING,internal,Salary advance
TRF-02790,CUST-1150,CUST-1017,41843.61,SAR,1742280018000,COMPLETED,internal,Freelancer payment
TRF-02791,CUST-1005,CUST-1167,19509.52,SAR,1747607508000,COMPLETED,internal,Coffee money
TRF-02792,CUST-1014,CUST-1174,12956.25,SAR,1743153850000,COMPLETED,internal,Eid gift
TRF-02793,CUST-1190,EXT-5083,41965.40,GBP,1744094991000,COMPLETED,international,Car installment
TRF-02794,CUST-1053,EXT-5084,43683.51,EUR,1747218614000,PROCESSING,international,Charity donation
TRF-02795,CUST-1192,EXT-5086,30221.56,SAR,1741804245000,COMPLETED,local_bank,Charity donation
TRF-02796,CUST-1161,CUST-1196,15851.97,USD,1748249953000,COMPLETED,internal,Loan repayment
TRF-02797,CUST-1113,EXT-5061,16738.61,SAR,1740685354000,COMPLETED,local_bank,Investment transfer
TRF-02798,CUST-1150,EXT-5099,49284.71,USD,1747312038000,COMPLETED,international,Internet bill
TRF-02799,CUST-1155,CUST-1156,46523.10,SAR,1741146035000,COMPLETED,internal,Furniture split
TRF-02800,CUST-1141,CUST-1123,32846.32,SAR,1745310517000,COMPLETED,internal,Freelancer payment
TRF-02801,CUST-1199,EXT-5014,19560.83,EUR,1745277767000,COMPLETED,international,Charity donation
TRF-02802,CUST-1068,EXT-5003,12493.19,SAR,1748393323000,COMPLETED,local_bank,Gas split
TRF-02803,CUST-1138,CUST-1020,24106.66,SAR,1747308574000,COMPLETED,internal,Uber share
TRF-02804,CUST-1156,CUST-1135,35022.23,SAR,1746519355000,COMPLETED,internal,Car installment
TRF-02805,CUST-1185,EXT-5046,37646.89,SAR,1743616701000,COMPLETED,local_bank,Event tickets
TRF-02806,CUST-1094,CUST-1143,7765.38,SAR,1747300724000,COMPLETED,internal,Insurance premium
TRF-02807,CUST-1034,EXT-5070,33412.36,AED,1750268709000,COMPLETED,international,Freelancer payment
TRF-02808,CUST-1002,EXT-5020,30421.56,EUR,1739420312000,COMPLETED,international,Insurance premium
TRF-02809,CUST-1037,EXT-5057,24897.67,SAR,1741966546000,PROCESSING,local_bank,Parking fee
TRF-02810,CUST-1050,CUST-1154,15023.03,SAR,1738310528000,COMPLETED,internal,Medical bill
TRF-02811,CUST-1171,CUST-1189,20623.88,SAR,1747018322000,COMPLETED,internal,Birthday gift
TRF-02812,CUST-1009,EXT-5088,26000.84,SAR,1737405560000,PROCESSING,local_bank,Rent share
TRF-02813,CUST-1032,EXT-5046,2473.52,SAR,1744848311000,COMPLETED,local_bank,Internet bill
TRF-02814,CUST-1139,EXT-5041,15531.85,SAR,1741564825000,PROCESSING,local_bank,Rent share
TRF-02815,CUST-1192,EXT-5044,16009.82,USD,1735859188000,COMPLETED,international,Rent share
TRF-02816,CUST-1144,EXT-5072,41186.68,USD,1743844210000,COMPLETED,local_bank,Charity donation
TRF-02817,CUST-1067,CUST-1128,29417.72,SAR,1743174043000,COMPLETED,internal,Coffee money
TRF-02818,CUST-1198,EXT-5071,9701.13,AED,1742126481000,FAILED,international,Lunch money
TRF-02819,CUST-1100,EXT-5043,11706.17,EUR,1749389787000,COMPLETED,international,Eid gift
TRF-02820,CUST-1071,EXT-5074,9939.65,EUR,1743727271000,COMPLETED,international,Parking fee
TRF-02821,CUST-1038,CUST-1178,44627.68,SAR,1744104539000,COMPLETED,internal,Business invoice
TRF-02822,CUST-1020,CUST-1001,24251.31,SAR,1739150854000,COMPLETED,internal,Parking fee
TRF-02823,CUST-1164,EXT-5032,15668.00,SAR,1741103660000,COMPLETED,local_bank,Dinner split
TRF-02824,CUST-1154,CUST-1003,31673.42,SAR,1739918621000,COMPLETED,internal,Gift money
TRF-02825,CUST-1193,EXT-5004,43216.25,SAR,1746442990000,COMPLETED,local_bank,Wedding contribution
TRF-02826,CUST-1042,EXT-5010,47474.27,SAR,1743849750000,COMPLETED,local_bank,School tuition
TRF-02827,CUST-1105,CUST-1005,37556.22,SAR,1741002182000,COMPLETED,internal,Dinner split
TRF-02828,CUST-1156,EXT-5012,14908.96,SAR,1747770076000,COMPLETED,local_bank,Loan repayment
TRF-02829,CUST-1112,CUST-1053,32280.75,SAR,1744526562000,COMPLETED,internal,Medical bill
TRF-02830,CUST-1116,CUST-1130,34154.18,SAR,1741493276000,FAILED,internal,Gas split
TRF-02831,CUST-1093,EXT-5015,39991.46,SAR,1745947699000,COMPLETED,local_bank,Gym membership
TRF-02832,CUST-1068,CUST-1186,19521.25,SAR,1751094024000,COMPLETED,internal,School tuition
TRF-02833,CUST-1145,CUST-1047,12556.21,SAR,1743680614000,COMPLETED,internal,Gym membership
TRF-02834,CUST-1061,EXT-5082,7088.75,SAR,1744198332000,COMPLETED,local_bank,Medical bill
TRF-02835,CUST-1117,EXT-5048,40742.86,SAR,1748856461000,FAILED,local_bank,Car installment
TRF-02836,CUST-1141,EXT-5073,16612.19,AED,1743949814000,COMPLETED,international,Gas split
TRF-02837,CUST-1172,EXT-5029,9378.08,SAR,1745655351000,COMPLETED,local_bank,Cleaning service
TRF-02838,CUST-1200,CUST-1016,624.64,SAR,1740491632000,COMPLETED,internal,Uber share
TRF-02839,CUST-1030,EXT-5030,27530.95,SAR,1740453546000,COMPLETED,local_bank,Birthday gift
TRF-02840,CUST-1187,EXT-5009,13869.68,SAR,1751207091000,COMPLETED,local_bank,Lunch money
TRF-02841,CUST-1105,CUST-1169,23472.72,SAR,1737942812000,COMPLETED,internal,Business invoice
TRF-02842,CUST-1060,CUST-1015,38152.50,SAR,1741323482000,COMPLETED,internal,Freelancer payment
TRF-02843,CUST-1096,CUST-1183,47245.01,SAR,1740946561000,COMPLETED,internal,Event tickets
TRF-02844,CUST-1139,CUST-1147,40529.52,SAR,1744134243000,COMPLETED,internal,Uber share
TRF-02845,CUST-1181,CUST-1153,14.66,SAR,1743904691000,COMPLETED,internal,Charity donation
TRF-02846,CUST-1196,EXT-5042,25217.32,SAR,1750099892000,COMPLETED,local_bank,Gift money
TRF-02847,CUST-1200,EXT-5061,42598.45,AED,1742811430000,COMPLETED,international,Salary advance
TRF-02848,CUST-1151,EXT-5059,32064.90,SAR,1744330575000,PROCESSING,local_bank,School tuition
TRF-02849,CUST-1112,CUST-1106,24980.92,SAR,1745235057000,COMPLETED,internal,Medical bill
TRF-02850,CUST-1084,CUST-1003,37706.48,SAR,1747189949000,FAILED,internal,Lunch money
TRF-02851,CUST-1072,CUST-1170,35215.78,SAR,1745755219000,COMPLETED,internal,Shared groceries
TRF-02852,CUST-1157,EXT-5099,870.71,USD,1743088588000,FAILED,international,School tuition
TRF-02853,CUST-1182,CUST-1177,20244.02,AED,1738160669000,COMPLETED,internal,Medical bill
TRF-02854,CUST-1041,CUST-1075,794.83,SAR,1746100001000,COMPLETED,internal,Event tickets
TRF-02855,CUST-1021,EXT-5045,3393.71,USD,1743099216000,COMPLETED,international,Freelancer payment
TRF-02856,CUST-1150,EXT-5099,47280.75,EUR,1743102981000,COMPLETED,local_bank,Gym membership
TRF-02857,CUST-1164,CUST-1142,43964.74,SAR,1748874487000,COMPLETED,internal,Eid gift
TRF-02858,CUST-1172,CUST-1130,15214.87,SAR,1743984507000,COMPLETED,internal,Furniture split
TRF-02859,CUST-1081,EXT-5026,18234.67,USD,1748121693000,COMPLETED,international,Birthday gift
TRF-02860,CUST-1159,EXT-5062,26083.47,SAR,1750282154000,FAILED,local_bank,Insurance premium
TRF-02861,CUST-1009,EXT-5059,17466.54,USD,1749058700000,COMPLETED,international,Gas split
TRF-02862,CUST-1012,EXT-5078,9091.82,SAR,1748756338000,COMPLETED,local_bank,Travel booking
TRF-02863,CUST-1028,CUST-1100,27644.01,SAR,1748788306000,COMPLETED,internal,Movie tickets
TRF-02864,CUST-1047,EXT-5067,11227.48,AED,1745231359000,COMPLETED,local_bank,Grocery share
TRF-02865,CUST-1040,CUST-1074,36255.02,EUR,1738545416000,COMPLETED,internal,Car installment
TRF-02866,CUST-1058,EXT-5014,136.09,SAR,1750549538000,COMPLETED,local_bank,Furniture split
TRF-02867,CUST-1050,EXT-5005,26463.81,USD,1744585982000,COMPLETED,local_bank,Salary advance
TRF-02868,CUST-1105,EXT-5034,25097.97,SAR,1750113125000,COMPLETED,local_bank,Grocery share
TRF-02869,CUST-1196,EXT-5016,8102.54,SAR,1744670461000,COMPLETED,local_bank,Wedding contribution
TRF-02870,CUST-1087,EXT-5053,23745.42,AED,1741913347000,COMPLETED,international,Investment transfer
TRF-02871,CUST-1092,EXT-5032,37672.66,SAR,1741170969000,COMPLETED,local_bank,Dinner split
TRF-02872,CUST-1001,CUST-1191,33457.76,SAR,1743096562000,COMPLETED,internal,Parking fee
TRF-02873,CUST-1169,CUST-1091,14690.27,EUR,1738682761000,COMPLETED,internal,Furniture split
TRF-02874,CUST-1192,EXT-5084,25114.65,SAR,1736767749000,COMPLETED,local_bank,Cleaning service
TRF-02875,CUST-1139,CUST-1084,7570.92,SAR,1741430479000,COMPLETED,internal,Medical bill
TRF-02876,CUST-1075,EXT-5047,2332.79,EUR,1736039421000,COMPLETED,international,Lunch money
TRF-02877,CUST-1030,CUST-1074,2972.77,SAR,1743515935000,PROCESSING,internal,Internet bill
TRF-02878,CUST-1196,CUST-1149,20309.30,SAR,1735913544000,COMPLETED,internal,Event tickets
TRF-02879,CUST-1031,EXT-5099,5737.88,SAR,1741441622000,FAILED,local_bank,Insurance premium
TRF-02880,CUST-1162,CUST-1112,32398.71,SAR,1735961672000,PROCESSING,internal,Gym membership
TRF-02881,CUST-1113,EXT-5084,2114.19,SAR,1750303184000,COMPLETED,local_bank,Birthday gift
TRF-02882,CUST-1142,CUST-1009,27691.00,AED,1737993947000,COMPLETED,internal,Cleaning service
TRF-02883,CUST-1123,CUST-1104,28538.26,USD,1747117019000,COMPLETED,internal,Internet bill
TRF-02884,CUST-1167,CUST-1080,15394.45,SAR,1739742421000,COMPLETED,internal,Wedding contribution
TRF-02885,CUST-1167,CUST-1190,44782.74,SAR,1749509820000,COMPLETED,internal,Salary advance
TRF-02886,CUST-1174,CUST-1168,28125.50,SAR,1742451166000,COMPLETED,internal,Charity donation
TRF-02887,CUST-1036,CUST-1078,38563.06,SAR,1751051837000,PROCESSING,internal,Dinner split
TRF-02888,CUST-1125,CUST-1135,11793.27,SAR,1736766568000,PROCESSING,internal,Grocery share
TRF-02889,CUST-1076,EXT-5086,13614.63,SAR,1746349973000,FAILED,local_bank,Cleaning service
TRF-02890,CUST-1182,EXT-5052,33562.96,SAR,1736273259000,PROCESSING,local_bank,Salary advance
TRF-02891,CUST-1187,CUST-1067,29588.97,SAR,1747591547000,COMPLETED,internal,Rent share
TRF-02892,CUST-1070,EXT-5093,24795.80,AED,1738462666000,COMPLETED,international,Dinner split
TRF-02893,CUST-1078,CUST-1176,5483.38,SAR,1743022937000,COMPLETED,internal,Investment transfer
TRF-02894,CUST-1149,EXT-5058,24895.84,SAR,1735915798000,COMPLETED,local_bank,Medical bill
TRF-02895,CUST-1030,EXT-5053,45552.41,EUR,1737404535000,COMPLETED,local_bank,Parking fee
TRF-02896,CUST-1005,CUST-1161,18992.59,SAR,1737504101000,FAILED,internal,Shared groceries
TRF-02897,CUST-1141,CUST-1094,19057.30,SAR,1741143635000,COMPLETED,internal,Internet bill
TRF-02898,CUST-1105,CUST-1040,11589.39,SAR,1738279304000,COMPLETED,internal,School tuition
TRF-02899,CUST-1108,CUST-1033,29679.26,SAR,1743272887000,COMPLETED,internal,Shared groceries
TRF-02900,CUST-1198,CUST-1194,29204.33,AED,1744040331000,PROCESSING,internal,Cleaning service
TRF-02901,CUST-1150,CUST-1126,1865.87,SAR,1736687810000,FAILED,internal,Investment transfer
TRF-02902,CUST-1166,EXT-5079,5995.45,SAR,1750841093000,COMPLETED,local_bank,Cleaning service
TRF-02903,CUST-1057,CUST-1195,24806.84,SAR,1742801004000,COMPLETED,internal,Parking fee
TRF-02904,CUST-1072,CUST-1098,41350.66,AED,1740129297000,PROCESSING,internal,Gym membership
TRF-02905,CUST-1115,CUST-1107,42409.73,SAR,1740086290000,PROCESSING,internal,Dinner split
TRF-02906,CUST-1095,CUST-1111,48427.61,SAR,1747124001000,FAILED,internal,Medical bill
TRF-02907,CUST-1190,EXT-5019,39579.70,SAR,1748069452000,COMPLETED,local_bank,Lunch money
TRF-02908,CUST-1187,CUST-1066,33661.63,SAR,1745301731000,COMPLETED,internal,Movie tickets
TRF-02909,CUST-1057,EXT-5060,29750.91,GBP,1743821131000,COMPLETED,international,Gift money
TRF-02910,CUST-1006,EXT-5025,40400.64,USD,1743135574000,COMPLETED,local_bank,Business invoice
TRF-02911,CUST-1101,CUST-1189,44948.73,SAR,1749381627000,COMPLETED,internal,Event tickets
TRF-02912,CUST-1107,CUST-1181,14073.08,USD,1747018076000,COMPLETED,internal,Lunch money
TRF-02913,CUST-1112,CUST-1196,180.06,USD,1738540515000,COMPLETED,internal,Furniture split
TRF-02914,CUST-1032,CUST-1091,7754.57,SAR,1741608477000,COMPLETED,internal,Loan repayment
TRF-02915,CUST-1023,EXT-5026,47233.42,SAR,1747756255000,COMPLETED,local_bank,Movie tickets
TRF-02916,CUST-1023,CUST-1137,6152.82,SAR,1747220364000,COMPLETED,internal,Insurance premium
TRF-02917,CUST-1019,CUST-1148,13665.79,SAR,1737905783000,FAILED,internal,Insurance premium
TRF-02918,CUST-1198,CUST-1124,18395.87,SAR,1750822176000,COMPLETED,internal,Medical bill
TRF-02919,CUST-1164,CUST-1131,32365.07,AED,1744500364000,COMPLETED,internal,Furniture split
TRF-02920,CUST-1004,EXT-5021,7573.34,SAR,1738838988000,COMPLETED,local_bank,Lunch money
TRF-02921,CUST-1009,EXT-5085,24440.76,EUR,1737449380000,PROCESSING,international,Coffee money
TRF-02922,CUST-1064,CUST-1105,22570.59,SAR,1739773402000,COMPLETED,internal,Parking fee
TRF-02923,CUST-1105,CUST-1115,36052.84,SAR,1743047031000,COMPLETED,internal,Wedding contribution
TRF-02924,CUST-1158,CUST-1130,42997.35,SAR,1745423823000,FAILED,internal,Gas split
TRF-02925,CUST-1075,EXT-5050,32011.86,AED,1743363084000,PROCESSING,international,Lunch money
TRF-02926,CUST-1150,EXT-5020,13431.63,GBP,1745922546000,COMPLETED,international,Coffee money
TRF-02927,CUST-1019,CUST-1107,31863.94,SAR,1743985522000,COMPLETED,internal,Gas split
TRF-02928,CUST-1187,EXT-5052,35468.75,GBP,1745804493000,COMPLETED,international,Internet bill
TRF-02929,CUST-1176,CUST-1059,21140.38,SAR,1743049943000,FAILED,internal,Medical bill
TRF-02930,CUST-1054,EXT-5024,19847.66,USD,1750810866000,PROCESSING,international,Furniture split
TRF-02931,CUST-1199,CUST-1028,29847.68,SAR,1741412547000,COMPLETED,internal,Lunch money
TRF-02932,CUST-1011,CUST-1142,11088.19,SAR,1739032903000,COMPLETED,internal,Cleaning service
TRF-02933,CUST-1082,EXT-5094,5278.96,USD,1742440511000,COMPLETED,international,Travel booking
TRF-02934,CUST-1003,CUST-1064,26891.90,SAR,1750253420000,COMPLETED,internal,Gas split
TRF-02935,CUST-1153,CUST-1129,34659.23,SAR,1751020718000,FAILED,internal,Cleaning service
TRF-02936,CUST-1094,CUST-1019,13808.81,SAR,1750531598000,FAILED,internal,Parking fee
TRF-02937,CUST-1062,EXT-5062,4721.42,SAR,1743814102000,COMPLETED,local_bank,Gym membership
TRF-02938,CUST-1023,CUST-1149,1084.22,USD,1742017141000,PROCESSING,internal,Wedding contribution
TRF-02939,CUST-1004,EXT-5054,11791.67,USD,1742058680000,COMPLETED,local_bank,Salary advance
TRF-02940,CUST-1075,EXT-5005,20525.79,EUR,1746634680000,COMPLETED,local_bank,Coffee money
TRF-02941,CUST-1037,CUST-1127,30260.18,SAR,1738108509000,COMPLETED,internal,Dinner split
TRF-02942,CUST-1164,EXT-5090,47914.79,SAR,1742833882000,FAILED,local_bank,Dinner split
TRF-02943,CUST-1199,CUST-1087,20796.40,SAR,1736773922000,COMPLETED,internal,Medical bill
TRF-02944,CUST-1075,CUST-1020,24008.57,SAR,1745972454000,COMPLETED,internal,Charity donation
TRF-02945,CUST-1167,CUST-1102,30760.27,SAR,1744464490000,COMPLETED,internal,Salary advance
TRF-02946,CUST-1145,EXT-5062,9204.93,SAR,1742773320000,COMPLETED,local_bank,Loan repayment
TRF-02947,CUST-1108,CUST-1013,10729.05,GBP,1744949209000,COMPLETED,internal,Grocery share
TRF-02948,CUST-1101,EXT-5087,5694.40,AED,1736386576000,COMPLETED,local_bank,School tuition
TRF-02949,CUST-1121,CUST-1014,48683.36,SAR,1737070833000,COMPLETED,internal,Grocery share
TRF-02950,CUST-1051,EXT-5003,510.49,SAR,1750671933000,COMPLETED,local_bank,Rent share
TRF-02951,CUST-1014,CUST-1190,8862.35,SAR,1749034997000,COMPLETED,internal,Charity donation
TRF-02952,CUST-1002,EXT-5023,46788.02,GBP,1743944133000,COMPLETED,local_bank,Medical bill
TRF-02953,CUST-1084,EXT-5058,35816.20,SAR,1749823949000,COMPLETED,local_bank,Business invoice
TRF-02954,CUST-1044,CUST-1060,11428.32,SAR,1737648760000,COMPLETED,internal,Shared groceries
TRF-02955,CUST-1040,EXT-5027,28749.09,SAR,1746929953000,FAILED,local_bank,Shared groceries
TRF-02956,CUST-1198,CUST-1066,14842.78,SAR,1746932396000,FAILED,internal,School tuition
TRF-02957,CUST-1141,EXT-5038,14589.14,GBP,1746431047000,COMPLETED,international,Medical bill
TRF-02958,CUST-1138,EXT-5040,13420.59,SAR,1744844071000,COMPLETED,local_bank,Salary advance
TRF-02959,CUST-1122,EXT-5074,49116.87,SAR,1748320787000,COMPLETED,local_bank,Freelancer payment
TRF-02960,CUST-1103,EXT-5077,12116.68,USD,1749809757000,COMPLETED,local_bank,Insurance premium
TRF-02961,CUST-1164,EXT-5047,14014.34,SAR,1751082193000,COMPLETED,local_bank,Travel booking
TRF-02962,CUST-1063,EXT-5064,690.41,SAR,1748122190000,COMPLETED,local_bank,Uber share
TRF-02963,CUST-1119,CUST-1158,36589.97,SAR,1737621335000,COMPLETED,internal,Coffee money
TRF-02964,CUST-1038,CUST-1162,39682.06,USD,1748528209000,COMPLETED,internal,Investment transfer
TRF-02965,CUST-1181,EXT-5001,10481.79,SAR,1737527747000,PROCESSING,local_bank,Insurance premium
TRF-02966,CUST-1173,EXT-5075,929.14,SAR,1736500472000,COMPLETED,local_bank,Lunch money
TRF-02967,CUST-1104,CUST-1024,33862.13,USD,1751135395000,COMPLETED,internal,Birthday gift
TRF-02968,CUST-1048,CUST-1112,8715.73,SAR,1742111712000,COMPLETED,internal,Event tickets
TRF-02969,CUST-1146,CUST-1020,37164.63,GBP,1737871036000,PROCESSING,internal,Loan repayment
TRF-02970,CUST-1103,CUST-1060,4733.60,SAR,1736562950000,COMPLETED,internal,Gift money
TRF-02971,CUST-1049,CUST-1002,4294.90,SAR,1743213324000,COMPLETED,internal,Business invoice
TRF-02972,CUST-1150,CUST-1082,36926.19,SAR,1736457527000,COMPLETED,internal,Grocery share
TRF-02973,CUST-1029,EXT-5086,18105.31,SAR,1744978313000,COMPLETED,local_bank,Business invoice
TRF-02974,CUST-1182,CUST-1002,37856.69,USD,1741264425000,COMPLETED,internal,Grocery share
TRF-02975,CUST-1113,CUST-1164,40130.43,SAR,1739471215000,COMPLETED,internal,Business invoice
TRF-02976,CUST-1095,CUST-1121,11939.17,SAR,1738737849000,COMPLETED,internal,Dinner split
TRF-02977,CUST-1062,EXT-5004,9294.13,SAR,1744528290000,PROCESSING,local_bank,Loan repayment
TRF-02978,CUST-1123,CUST-1014,16333.40,SAR,1742786399000,COMPLETED,internal,Shared groceries
TRF-02979,CUST-1076,EXT-5022,18322.96,EUR,1743160864000,COMPLETED,local_bank,Eid gift
TRF-02980,CUST-1074,CUST-1171,2201.80,SAR,1743581426000,COMPLETED,internal,Charity donation
TRF-02981,CUST-1087,CUST-1039,24804.54,SAR,1747125383000,FAILED,internal,Internet bill
TRF-02982,CUST-1159,EXT-5089,38424.00,SAR,1738420687000,COMPLETED,local_bank,Dinner split
TRF-02983,CUST-1081,EXT-5060,26136.73,AED,1747475542000,COMPLETED,local_bank,Business invoice
TRF-02984,CUST-1183,CUST-1103,27696.37,USD,1739864531000,COMPLETED,internal,Charity donation
TRF-02985,CUST-1028,CUST-1030,12910.33,SAR,1747814076000,COMPLETED,internal,Dinner split
TRF-02986,CUST-1041,CUST-1180,15594.58,USD,1741793683000,COMPLETED,internal,Wedding contribution
TRF-02987,CUST-1113,CUST-1020,46762.29,AED,1743125932000,COMPLETED,internal,Internet bill
TRF-02988,CUST-1190,EXT-5092,28672.48,SAR,1751148345000,COMPLETED,local_bank,Event tickets
TRF-02989,CUST-1105,EXT-5077,45235.77,SAR,1741008816000,FAILED,local_bank,Salary advance
TRF-02990,CUST-1139,CUST-1122,255.67,SAR,1739946603000,COMPLETED,internal,Parking fee
TRF-02991,CUST-1032,EXT-5012,20171.82,AED,1750884936000,COMPLETED,local_bank,Eid gift
TRF-02992,CUST-1008,CUST-1027,43843.14,SAR,1737584184000,COMPLETED,internal,Event tickets
TRF-02993,CUST-1033,EXT-5028,42855.69,SAR,1746830054000,COMPLETED,local_bank,Cleaning service
TRF-02994,CUST-1167,CUST-1117,46876.79,SAR,1741015893000,COMPLETED,internal,Investment transfer
TRF-02995,CUST-1098,CUST-1109,1542.33,SAR,1745240990000,COMPLETED,internal,Event tickets
TRF-02996,CUST-1199,EXT-5095,14545.57,AED,1737861428000,PROCESSING,local_bank,Loan repayment
TRF-02997,CUST-1186,CUST-1182,21889.99,USD,1749434520000,COMPLETED,internal,Gas split
TRF-02998,CUST-1075,CUST-1032,14015.18,SAR,1740232961000,PROCESSING,internal,Furniture split
TRF-02999,CUST-1045,CUST-1170,42120.73,SAR,1749708174000,COMPLETED,internal,Gym membership
TRF-03000,CUST-1122,CUST-1075,47132.02,SAR,1738106604000,COMPLETED,internal,Internet bill
TRF-03001,CUST-1193,EXT-5019,47617.07,SAR,1736730087000,FAILED,local_bank,Wedding contribution
TRF-03002,CUST-1076,CUST-1191,3970.92,SAR,1751123322000,COMPLETED,internal,Gym membership
TRF-03003,CUST-1103,CUST-1058,47464.23,SAR,1745704820000,COMPLETED,internal,Dinner split
TRF-03004,CUST-1161,EXT-5044,13961.09,EUR,1747245761000,COMPLETED,international,Loan repayment
TRF-03005,CUST-1082,CUST-1017,24767.37,USD,1742807483000,COMPLETED,internal,Birthday gift
TRF-03006,CUST-1049,EXT-5030,37605.63,AED,1740217894000,COMPLETED,international,Coffee money
TRF-03007,CUST-1081,CUST-1111,16185.69,SAR,1749461743000,COMPLETED,internal,Dinner split
TRF-03008,CUST-1025,EXT-5028,46568.10,USD,1746447435000,FAILED,international,Lunch money
TRF-03009,CUST-1165,EXT-5096,12112.56,USD,1737447131000,PROCESSING,local_bank,Event tickets
TRF-03010,CUST-1004,EXT-5070,34200.23,SAR,1746399012000,COMPLETED,local_bank,Travel booking
TRF-03011,CUST-1110,EXT-5088,22648.93,SAR,1741986286000,COMPLETED,local_bank,Dinner split
TRF-03012,CUST-1143,EXT-5068,13721.73,USD,1747347346000,FAILED,international,Birthday gift
TRF-03013,CUST-1163,CUST-1164,15329.03,SAR,1744042641000,COMPLETED,internal,School tuition
TRF-03014,CUST-1069,EXT-5029,12437.98,AED,1748413654000,COMPLETED,international,Charity donation
TRF-03015,CUST-1009,CUST-1171,38590.54,SAR,1738303616000,COMPLETED,internal,Movie tickets
TRF-03016,CUST-1062,CUST-1171,35122.34,USD,1749050553000,COMPLETED,internal,Salary advance
TRF-03017,CUST-1066,CUST-1145,936.88,SAR,1750978558000,PROCESSING,internal,Dinner split
TRF-03018,CUST-1133,CUST-1160,28619.19,SAR,1743193368000,COMPLETED,internal,Cleaning service
TRF-03019,CUST-1005,EXT-5080,16384.24,USD,1748896600000,FAILED,international,Insurance premium
TRF-03020,CUST-1009,EXT-5045,28530.16,SAR,1744107753000,COMPLETED,local_bank,Medical bill
TRF-03021,CUST-1069,EXT-5094,19917.04,SAR,1736515007000,COMPLETED,local_bank,Freelancer payment
TRF-03022,CUST-1190,EXT-5078,8603.84,SAR,1736973654000,COMPLETED,local_bank,Cleaning service
TRF-03023,CUST-1025,CUST-1153,13477.73,SAR,1749310253000,FAILED,internal,Uber share
TRF-03024,CUST-1186,EXT-5049,24403.51,SAR,1746518237000,FAILED,local_bank,Rent share
TRF-03025,CUST-1131,EXT-5095,2705.73,SAR,1744109635000,COMPLETED,local_bank,Car installment
TRF-03026,CUST-1196,CUST-1039,41085.78,EUR,1743405790000,COMPLETED,internal,Birthday gift
TRF-03027,CUST-1155,CUST-1142,41301.66,SAR,1738369951000,COMPLETED,internal,School tuition
TRF-03028,CUST-1021,CUST-1085,24923.48,SAR,1741490944000,COMPLETED,internal,Movie tickets
TRF-03029,CUST-1177,EXT-5028,47144.32,GBP,1750642731000,COMPLETED,international,Dinner split
TRF-03030,CUST-1109,CUST-1177,5815.20,SAR,1740064703000,COMPLETED,internal,Freelancer payment
TRF-03031,CUST-1072,CUST-1128,24733.26,SAR,1738097882000,COMPLETED,internal,Birthday gift
TRF-03032,CUST-1167,EXT-5030,43147.26,SAR,1738700590000,COMPLETED,local_bank,Event tickets
TRF-03033,CUST-1080,EXT-5020,9264.94,GBP,1743052413000,COMPLETED,international,School tuition
TRF-03034,CUST-1124,CUST-1029,25414.17,SAR,1736781400000,FAILED,internal,Furniture split
TRF-03035,CUST-1158,CUST-1037,48876.95,SAR,1746793894000,COMPLETED,internal,Investment transfer
TRF-03036,CUST-1035,EXT-5043,43496.46,SAR,1746432936000,COMPLETED,local_bank,Gas split
TRF-03037,CUST-1197,EXT-5047,42420.83,SAR,1747152310000,COMPLETED,local_bank,Charity donation
TRF-03038,CUST-1127,EXT-5091,19775.11,SAR,1746943122000,COMPLETED,local_bank,Charity donation
TRF-03039,CUST-1054,EXT-5075,7456.62,SAR,1744416140000,PROCESSING,local_bank,Cleaning service
TRF-03040,CUST-1026,EXT-5088,3581.41,SAR,1745463438000,COMPLETED,local_bank,Car installment
TRF-03041,CUST-1062,CUST-1027,44408.43,SAR,1736918078000,COMPLETED,internal,Cleaning service
TRF-03042,CUST-1054,CUST-1028,16415.38,SAR,1741939558000,PROCESSING,internal,Event tickets
TRF-03043,CUST-1012,CUST-1067,28842.84,SAR,1744494984000,PROCESSING,internal,Movie tickets
TRF-03044,CUST-1074,EXT-5094,10564.35,EUR,1749482689000,PROCESSING,international,Gift money
TRF-03045,CUST-1047,CUST-1044,27890.22,AED,1748854822000,COMPLETED,internal,Medical bill
TRF-03046,CUST-1193,CUST-1181,23730.85,USD,1748565980000,PROCESSING,internal,Grocery share
TRF-03047,CUST-1185,EXT-5039,41550.01,SAR,1737441101000,COMPLETED,local_bank,Charity donation
TRF-03048,CUST-1004,EXT-5046,21985.93,SAR,1744392785000,COMPLETED,local_bank,Charity donation
TRF-03049,CUST-1159,CUST-1032,49372.02,SAR,1742800148000,PROCESSING,internal,Travel booking
TRF-03050,CUST-1048,CUST-1097,25798.06,SAR,1746034887000,COMPLETED,internal,Freelancer payment
TRF-03051,CUST-1115,CUST-1096,11601.94,SAR,1751204572000,COMPLETED,internal,Movie tickets
TRF-03052,CUST-1140,CUST-1070,27227.78,SAR,1748878088000,PROCESSING,internal,Coffee money
TRF-03053,CUST-1064,EXT-5001,31901.09,SAR,1746584377000,COMPLETED,local_bank,Parking fee
TRF-03054,CUST-1190,CUST-1140,11174.37,SAR,1739186576000,COMPLETED,internal,Salary advance
TRF-03055,CUST-1172,CUST-1148,8460.83,SAR,1749810483000,COMPLETED,internal,Birthday gift
TRF-03056,CUST-1079,CUST-1113,44117.77,USD,1735938351000,COMPLETED,internal,Birthday gift
TRF-03057,CUST-1060,CUST-1083,25390.20,SAR,1737866267000,COMPLETED,internal,Internet bill
TRF-03058,CUST-1068,EXT-5093,6224.70,SAR,1744258475000,COMPLETED,local_bank,Event tickets
TRF-03059,CUST-1143,CUST-1145,11624.77,SAR,1741084851000,COMPLETED,internal,Coffee money
TRF-03060,CUST-1035,EXT-5069,29582.05,AED,1744965796000,PROCESSING,international,Shared groceries
TRF-03061,CUST-1088,EXT-5063,10966.90,SAR,1736859337000,COMPLETED,local_bank,Wedding contribution
TRF-03062,CUST-1198,CUST-1026,42493.13,SAR,1739622665000,COMPLETED,internal,Uber share
TRF-03063,CUST-1009,EXT-5099,20554.16,SAR,1747105142000,COMPLETED,local_bank,Salary advance
TRF-03064,CUST-1166,EXT-5090,38279.88,SAR,1739590282000,COMPLETED,local_bank,Dinner split
TRF-03065,CUST-1147,CUST-1184,4674.01,SAR,1737433142000,COMPLETED,internal,Birthday gift
TRF-03066,CUST-1087,EXT-5029,24508.82,EUR,1747865724000,COMPLETED,international,Movie tickets
TRF-03067,CUST-1049,CUST-1176,24388.43,SAR,1746127129000,COMPLETED,internal,Eid gift
TRF-03068,CUST-1003,EXT-5028,1383.80,EUR,1737318558000,COMPLETED,international,Investment transfer
TRF-03069,CUST-1036,CUST-1004,45977.89,SAR,1744362256000,COMPLETED,internal,Salary advance
TRF-03070,CUST-1123,CUST-1025,41407.99,SAR,1743211442000,FAILED,internal,Lunch money
TRF-03071,CUST-1033,CUST-1111,46584.57,SAR,1739773262000,COMPLETED,internal,Insurance premium
TRF-03072,CUST-1083,CUST-1197,16430.47,SAR,1737937285000,COMPLETED,internal,Event tickets
TRF-03073,CUST-1156,CUST-1086,10949.98,SAR,1749219158000,COMPLETED,internal,Business invoice
TRF-03074,CUST-1163,CUST-1034,22520.31,SAR,1738348413000,PROCESSING,internal,Uber share
TRF-03075,CUST-1009,EXT-5045,40637.07,SAR,1745834704000,COMPLETED,local_bank,Gas split
TRF-03076,CUST-1060,CUST-1179,16047.86,EUR,1751120434000,COMPLETED,internal,Dinner split
TRF-03077,CUST-1146,EXT-5097,48361.59,USD,1742635074000,COMPLETED,local_bank,Gas split
TRF-03078,CUST-1192,CUST-1072,16338.83,SAR,1747490696000,COMPLETED,internal,Uber share
TRF-03079,CUST-1179,EXT-5069,13184.36,AED,1738793731000,COMPLETED,international,Birthday gift
TRF-03080,CUST-1067,CUST-1163,4255.19,SAR,1750670073000,COMPLETED,internal,Internet bill
TRF-03081,CUST-1177,EXT-5042,490.89,GBP,1748883540000,COMPLETED,international,Salary advance
TRF-03082,CUST-1030,EXT-5051,30074.90,GBP,1745690647000,FAILED,international,School tuition
TRF-03083,CUST-1010,CUST-1019,12882.17,SAR,1746209371000,COMPLETED,internal,Lunch money
TRF-03084,CUST-1009,CUST-1189,2617.64,SAR,1746249760000,COMPLETED,internal,Rent share
TRF-03085,CUST-1147,CUST-1066,13595.73,SAR,1742953533000,COMPLETED,internal,Lunch money
TRF-03086,CUST-1133,CUST-1002,687.44,EUR,1750601462000,COMPLETED,internal,Salary advance
TRF-03087,CUST-1006,CUST-1183,42464.25,SAR,1739908904000,FAILED,internal,Eid gift
TRF-03088,CUST-1099,EXT-5028,48388.80,SAR,1749263793000,COMPLETED,local_bank,Insurance premium
TRF-03089,CUST-1044,CUST-1105,49676.23,SAR,1744936656000,COMPLETED,internal,Business invoice
TRF-03090,CUST-1037,CUST-1102,15819.63,SAR,1742763254000,COMPLETED,internal,Car installment
TRF-03091,CUST-1050,EXT-5006,30125.88,SAR,1748068423000,COMPLETED,local_bank,Car installment
TRF-03092,CUST-1130,CUST-1044,5347.29,SAR,1749342629000,COMPLETED,internal,Insurance premium
TRF-03093,CUST-1046,EXT-5085,18413.10,USD,1741217222000,COMPLETED,international,Rent share
TRF-03094,CUST-1079,CUST-1028,1086.50,SAR,1750241727000,COMPLETED,internal,Grocery share
TRF-03095,CUST-1128,CUST-1019,34191.30,SAR,1743752696000,COMPLETED,internal,Gas split
TRF-03096,CUST-1197,EXT-5085,40929.74,EUR,1749656768000,COMPLETED,international,Cleaning service
TRF-03097,CUST-1011,EXT-5030,35032.42,EUR,1737723175000,COMPLETED,international,Eid gift
TRF-03098,CUST-1103,EXT-5008,15371.39,SAR,1741986487000,COMPLETED,local_bank,Wedding contribution
TRF-03099,CUST-1131,CUST-1075,29689.78,SAR,1740427942000,COMPLETED,internal,Grocery share
TRF-03100,CUST-1165,EXT-5078,9008.87,AED,1747140723000,COMPLETED,local_bank,Car installment
TRF-03101,CUST-1171,EXT-5030,44737.65,SAR,1736811683000,COMPLETED,local_bank,Gas split
TRF-03102,CUST-1062,EXT-5081,47086.89,SAR,1747135103000,FAILED,local_bank,Gym membership
TRF-03103,CUST-1197,EXT-5092,35514.95,SAR,1748784160000,COMPLETED,local_bank,Eid gift
TRF-03104,CUST-1192,EXT-5042,35882.08,USD,1740147735000,COMPLETED,international,Medical bill
TRF-03105,CUST-1148,CUST-1006,28725.88,USD,1740875554000,COMPLETED,internal,Birthday gift
TRF-03106,CUST-1195,EXT-5033,11739.03,USD,1749026044000,COMPLETED,local_bank,Gift money
TRF-03107,CUST-1165,EXT-5038,28011.89,AED,1746483659000,COMPLETED,international,Grocery share
TRF-03108,CUST-1063,EXT-5051,33681.93,SAR,1743690851000,COMPLETED,local_bank,Coffee money
TRF-03109,CUST-1066,EXT-5061,22643.69,AED,1736442183000,COMPLETED,local_bank,School tuition
TRF-03110,CUST-1071,CUST-1090,4989.79,SAR,1744708872000,COMPLETED,internal,Dinner split
TRF-03111,CUST-1109,CUST-1138,15337.51,SAR,1742984130000,COMPLETED,internal,Wedding contribution
TRF-03112,CUST-1109,EXT-5052,29420.49,USD,1745768421000,COMPLETED,international,Parking fee
TRF-03113,CUST-1094,CUST-1098,6317.72,USD,1745360602000,FAILED,internal,Cleaning service
TRF-03114,CUST-1157,CUST-1029,43234.92,SAR,1744007545000,COMPLETED,internal,Medical bill
TRF-03115,CUST-1091,EXT-5097,15934.76,USD,1737641575000,COMPLETED,local_bank,Cleaning service
TRF-03116,CUST-1096,EXT-5056,10635.73,SAR,1750628055000,PROCESSING,local_bank,Investment transfer
TRF-03117,CUST-1167,EXT-5054,42787.51,GBP,1748850542000,COMPLETED,international,Charity donation
TRF-03118,CUST-1124,CUST-1070,40249.89,SAR,1749870148000,COMPLETED,internal,Internet bill
TRF-03119,CUST-1015,CUST-1094,37495.91,GBP,1747376078000,COMPLETED,internal,Insurance premium
TRF-03120,CUST-1095,CUST-1066,1798.70,SAR,1749616032000,FAILED,internal,Furniture split
TRF-03121,CUST-1160,EXT-5042,16195.22,SAR,1741893362000,COMPLETED,local_bank,Cleaning service
TRF-03122,CUST-1056,EXT-5034,13363.16,AED,1748199905000,COMPLETED,local_bank,Gym membership
TRF-03123,CUST-1092,CUST-1188,33458.50,SAR,1743624723000,COMPLETED,internal,Movie tickets
TRF-03124,CUST-1193,EXT-5053,34495.51,GBP,1738765114000,COMPLETED,international,Furniture split
TRF-03125,CUST-1086,CUST-1145,47601.19,USD,1748770849000,COMPLETED,internal,Event tickets
TRF-03126,CUST-1116,CUST-1121,23512.76,AED,1744540304000,FAILED,internal,Furniture split
TRF-03127,CUST-1179,EXT-5019,33615.85,GBP,1750455047000,COMPLETED,international,Charity donation
TRF-03128,CUST-1016,EXT-5072,42076.37,GBP,1750163433000,COMPLETED,international,Uber share
TRF-03129,CUST-1166,EXT-5052,20493.32,SAR,1742790388000,FAILED,local_bank,Travel booking
TRF-03130,CUST-1008,EXT-5024,21764.59,SAR,1750361217000,COMPLETED,local_bank,Gym membership
TRF-03131,CUST-1139,CUST-1165,30007.31,AED,1749500154000,COMPLETED,internal,Freelancer payment
TRF-03132,CUST-1178,CUST-1012,24102.48,SAR,1749621402000,COMPLETED,internal,Coffee money
TRF-03133,CUST-1027,EXT-5046,24791.56,SAR,1748780618000,COMPLETED,local_bank,Event tickets
TRF-03134,CUST-1135,CUST-1036,5317.48,SAR,1740513007000,COMPLETED,internal,Car installment
TRF-03135,CUST-1151,CUST-1100,34020.89,SAR,1745445765000,COMPLETED,internal,Rent share
TRF-03136,CUST-1176,EXT-5023,8804.84,SAR,1736287638000,COMPLETED,local_bank,Loan repayment
TRF-03137,CUST-1156,CUST-1090,23826.83,SAR,1736722225000,COMPLETED,internal,Business invoice
TRF-03138,CUST-1131,CUST-1054,33497.84,SAR,1736036982000,COMPLETED,internal,Car installment
TRF-03139,CUST-1051,CUST-1194,15400.62,USD,1748042936000,COMPLETED,internal,Rent share
TRF-03140,CUST-1037,CUST-1198,11592.60,SAR,1749624056000,COMPLETED,internal,Investment transfer
TRF-03141,CUST-1184,CUST-1195,31179.65,SAR,1737321014000,COMPLETED,internal,Rent share
TRF-03142,CUST-1024,EXT-5049,45382.25,GBP,1745966130000,COMPLETED,international,Dinner split
TRF-03143,CUST-1166,EXT-5023,21032.29,GBP,1740092164000,COMPLETED,international,School tuition
TRF-03144,CUST-1018,CUST-1139,23112.76,SAR,1745737629000,COMPLETED,internal,Gym membership
TRF-03145,CUST-1112,CUST-1152,48864.47,SAR,1746643120000,COMPLETED,internal,Rent share
TRF-03146,CUST-1049,CUST-1145,37469.84,USD,1736681652000,COMPLETED,internal,Business invoice
TRF-03147,CUST-1099,EXT-5088,28987.42,SAR,1738269161000,COMPLETED,local_bank,Investment transfer
TRF-03148,CUST-1075,CUST-1143,36053.33,SAR,1741676006000,FAILED,internal,Uber share
TRF-03149,CUST-1074,CUST-1136,19251.51,SAR,1743635551000,PROCESSING,internal,Charity donation
TRF-03150,CUST-1062,CUST-1161,38901.38,SAR,1736583517000,PROCESSING,internal,School tuition
TRF-03151,CUST-1003,EXT-5023,39519.21,AED,1747150799000,COMPLETED,international,Eid gift
TRF-03152,CUST-1148,CUST-1020,17893.92,SAR,1749795732000,COMPLETED,internal,Insurance premium
TRF-03153,CUST-1051,CUST-1109,30320.16,SAR,1740345136000,FAILED,internal,Cleaning service
TRF-03154,CUST-1079,EXT-5100,34551.78,EUR,1738091322000,COMPLETED,international,Travel booking
TRF-03155,CUST-1184,EXT-5098,29463.29,SAR,1739718871000,PROCESSING,local_bank,Medical bill
TRF-03156,CUST-1171,EXT-5073,43032.12,USD,1737012131000,COMPLETED,local_bank,Gas split
TRF-03157,CUST-1135,EXT-5057,24384.77,SAR,1739996005000,COMPLETED,local_bank,Coffee money
TRF-03158,CUST-1138,CUST-1158,14735.26,SAR,1743116611000,COMPLETED,internal,Furniture split
TRF-03159,CUST-1043,EXT-5049,47860.31,USD,1742072815000,COMPLETED,local_bank,Shared groceries
TRF-03160,CUST-1192,CUST-1026,24308.99,SAR,1736929091000,FAILED,internal,Medical bill
TRF-03161,CUST-1013,CUST-1005,13200.99,SAR,1747496088000,COMPLETED,internal,Eid gift
TRF-03162,CUST-1027,EXT-5009,38781.83,SAR,1740377172000,COMPLETED,local_bank,Coffee money
TRF-03163,CUST-1177,CUST-1117,46295.62,SAR,1742767975000,COMPLETED,internal,Eid gift
TRF-03164,CUST-1136,CUST-1075,11108.66,SAR,1741682008000,COMPLETED,internal,Rent share
TRF-03165,CUST-1021,EXT-5027,45132.95,SAR,1746780654000,COMPLETED,local_bank,Rent share
TRF-03166,CUST-1030,EXT-5042,19789.40,GBP,1749827771000,COMPLETED,international,Parking fee
TRF-03167,CUST-1024,CUST-1123,2325.61,SAR,1747378444000,PROCESSING,internal,Car installment
TRF-03168,CUST-1171,EXT-5060,4622.85,EUR,1743249116000,COMPLETED,international,Wedding contribution
TRF-03169,CUST-1008,EXT-5030,47186.56,SAR,1747517529000,FAILED,local_bank,Gas split
TRF-03170,CUST-1114,CUST-1117,41692.56,SAR,1743753484000,FAILED,internal,Event tickets
TRF-03171,CUST-1012,CUST-1002,44057.95,SAR,1740538138000,COMPLETED,internal,Shared groceries
TRF-03172,CUST-1106,CUST-1020,48974.84,USD,1746023304000,COMPLETED,internal,Internet bill
TRF-03173,CUST-1041,EXT-5087,49141.45,USD,1742660521000,COMPLETED,international,Freelancer payment
TRF-03174,CUST-1135,CUST-1086,34626.15,SAR,1742835468000,COMPLETED,internal,Salary advance
TRF-03175,CUST-1044,EXT-5041,48792.72,USD,1740226432000,COMPLETED,local_bank,Birthday gift
TRF-03176,CUST-1139,EXT-5006,4182.19,AED,1749604733000,COMPLETED,international,Furniture split
TRF-03177,CUST-1008,CUST-1078,4154.45,SAR,1740981162000,PROCESSING,internal,School tuition
TRF-03178,CUST-1018,EXT-5015,30566.24,GBP,1750968082000,FAILED,international,Wedding contribution
TRF-03179,CUST-1015,CUST-1124,39025.15,SAR,1749081070000,FAILED,internal,Gas split
TRF-03180,CUST-1071,EXT-5064,20862.79,AED,1749894913000,COMPLETED,international,Gym membership
TRF-03181,CUST-1129,CUST-1097,23615.03,SAR,1735820475000,COMPLETED,internal,Shared groceries
TRF-03182,CUST-1046,CUST-1103,37858.52,USD,1742171659000,COMPLETED,internal,Parking fee
TRF-03183,CUST-1068,EXT-5096,20757.41,SAR,1737521672000,PROCESSING,local_bank,Uber share
TRF-03184,CUST-1195,EXT-5044,43991.70,USD,1748072634000,COMPLETED,local_bank,Shared groceries
TRF-03185,CUST-1128,EXT-5064,15012.46,USD,1745045346000,COMPLETED,international,Loan repayment
TRF-03186,CUST-1015,CUST-1143,3791.18,SAR,1744057856000,FAILED,internal,Coffee money
TRF-03187,CUST-1085,CUST-1126,8528.49,SAR,1743935188000,PROCESSING,internal,Travel booking
TRF-03188,CUST-1098,CUST-1012,36708.75,SAR,1737215980000,COMPLETED,internal,Parking fee
TRF-03189,CUST-1072,EXT-5018,38290.01,GBP,1748240235000,COMPLETED,international,Charity donation
TRF-03190,CUST-1162,CUST-1136,35001.89,SAR,1749906701000,COMPLETED,internal,Car installment
TRF-03191,CUST-1085,CUST-1059,25594.78,SAR,1742645799000,PROCESSING,internal,Parking fee
TRF-03192,CUST-1046,EXT-5066,30875.02,SAR,1743135596000,COMPLETED,local_bank,Lunch money
TRF-03193,CUST-1037,CUST-1017,28176.36,SAR,1744153372000,COMPLETED,internal,Lunch money
TRF-03194,CUST-1039,CUST-1114,32976.68,EUR,1737001024000,COMPLETED,internal,Cleaning service
TRF-03195,CUST-1003,CUST-1110,45084.67,SAR,1739372769000,COMPLETED,internal,Insurance premium
TRF-03196,CUST-1148,EXT-5020,11289.31,SAR,1748232152000,FAILED,local_bank,Coffee money
TRF-03197,CUST-1120,EXT-5053,34161.69,SAR,1740931805000,COMPLETED,local_bank,Dinner split
TRF-03198,CUST-1118,CUST-1083,39828.72,SAR,1742937196000,COMPLETED,internal,Car installment
TRF-03199,CUST-1177,EXT-5045,5552.99,SAR,1748137365000,COMPLETED,local_bank,Parking fee
TRF-03200,CUST-1002,CUST-1115,27684.31,AED,1738685846000,COMPLETED,internal,Lunch money
TRF-03201,CUST-1095,CUST-1117,26478.41,SAR,1742861273000,COMPLETED,internal,Charity donation
TRF-03202,CUST-1012,EXT-5055,34406.06,SAR,1745814121000,PROCESSING,local_bank,Shared groceries
TRF-03203,CUST-1046,EXT-5098,29313.87,SAR,1737650707000,COMPLETED,local_bank,Freelancer payment
TRF-03204,CUST-1003,EXT-5076,5546.14,SAR,1738340587000,COMPLETED,local_bank,Shared groceries
TRF-03205,CUST-1191,CUST-1160,11110.18,SAR,1742776220000,COMPLETED,internal,Internet bill
TRF-03206,CUST-1072,EXT-5007,8537.19,USD,1748603295000,COMPLETED,international,Insurance premium
TRF-03207,CUST-1152,EXT-5035,34406.81,USD,1746215731000,PROCESSING,local_bank,Loan repayment
TRF-03208,CUST-1152,EXT-5069,4539.30,USD,1746939214000,PROCESSING,international,Shared groceries
TRF-03209,CUST-1088,EXT-5052,26610.53,USD,1742643963000,COMPLETED,international,Uber share
TRF-03210,CUST-1004,EXT-5070,17890.23,SAR,1749499912000,FAILED,local_bank,Salary advance
TRF-03211,CUST-1018,EXT-5084,2372.80,SAR,1746647251000,COMPLETED,local_bank,Furniture split
TRF-03212,CUST-1062,EXT-5008,18589.36,SAR,1741337177000,FAILED,local_bank,Insurance premium
TRF-03213,CUST-1160,CUST-1082,21911.20,SAR,1742037354000,PROCESSING,internal,Car installment
TRF-03214,CUST-1112,EXT-5053,43799.24,AED,1741507784000,COMPLETED,international,Gas split
TRF-03215,CUST-1102,EXT-5025,6646.36,USD,1741717921000,COMPLETED,international,Gas split
TRF-03216,CUST-1097,EXT-5063,7223.23,SAR,1736699321000,FAILED,local_bank,Gift money
TRF-03217,CUST-1046,CUST-1071,40255.56,SAR,1751008274000,COMPLETED,internal,Loan repayment
TRF-03218,CUST-1158,CUST-1005,27961.89,SAR,1743451703000,COMPLETED,internal,Movie tickets
TRF-03219,CUST-1167,EXT-5064,40863.02,AED,1744671914000,COMPLETED,local_bank,Cleaning service
TRF-03220,CUST-1074,CUST-1194,2554.17,SAR,1735757324000,COMPLETED,internal,Loan repayment
TRF-03221,CUST-1083,EXT-5038,49615.16,SAR,1739723143000,PROCESSING,local_bank,Grocery share
TRF-03222,CUST-1145,CUST-1007,13839.89,SAR,1736722212000,COMPLETED,internal,Furniture split
TRF-03223,CUST-1081,EXT-5092,35448.93,SAR,1745899821000,FAILED,local_bank,Gas split
TRF-03224,CUST-1161,EXT-5005,28265.97,SAR,1749924669000,FAILED,local_bank,School tuition
TRF-03225,CUST-1121,CUST-1160,14238.55,SAR,1743525387000,FAILED,internal,Salary advance
TRF-03226,CUST-1163,CUST-1192,12136.63,SAR,1740091530000,COMPLETED,internal,Rent share
TRF-03227,CUST-1033,EXT-5084,1189.80,SAR,1749918668000,COMPLETED,local_bank,Wedding contribution
TRF-03228,CUST-1068,CUST-1030,229.11,GBP,1748562722000,COMPLETED,internal,Birthday gift
TRF-03229,CUST-1162,CUST-1031,27275.50,USD,1741181506000,COMPLETED,internal,Birthday gift
TRF-03230,CUST-1077,EXT-5027,25402.06,AED,1735686387000,COMPLETED,local_bank,Lunch money
TRF-03231,CUST-1047,EXT-5040,8004.08,SAR,1738444097000,COMPLETED,local_bank,Birthday gift
TRF-03232,CUST-1001,EXT-5021,11192.55,SAR,1735902981000,COMPLETED,local_bank,Furniture split
TRF-03233,CUST-1036,EXT-5047,42112.17,SAR,1750750856000,COMPLETED,local_bank,Dinner split
TRF-03234,CUST-1049,CUST-1041,4040.23,SAR,1749116935000,COMPLETED,internal,Travel booking
TRF-03235,CUST-1131,EXT-5087,38735.90,SAR,1735908199000,PROCESSING,local_bank,Insurance premium
TRF-03236,CUST-1032,CUST-1160,6026.99,SAR,1744584363000,FAILED,internal,Gym membership
TRF-03237,CUST-1023,EXT-5004,4638.48,SAR,1740539291000,COMPLETED,local_bank,Gift money
TRF-03238,CUST-1006,EXT-5001,48876.98,USD,1748009657000,COMPLETED,international,Car installment
TRF-03239,CUST-1085,EXT-5075,41894.55,SAR,1739310799000,PROCESSING,local_bank,Gift money
TRF-03240,CUST-1122,EXT-5090,39231.85,SAR,1742102606000,COMPLETED,local_bank,Investment transfer
TRF-03241,CUST-1150,CUST-1115,23278.74,SAR,1745942292000,COMPLETED,internal,Salary advance
TRF-03242,CUST-1146,CUST-1173,42540.05,SAR,1745790937000,COMPLETED,internal,Loan repayment
TRF-03243,CUST-1014,CUST-1106,40561.82,SAR,1743046559000,COMPLETED,internal,Gift money
TRF-03244,CUST-1078,CUST-1053,30491.10,SAR,1740666528000,FAILED,internal,Car installment
TRF-03245,CUST-1036,EXT-5041,40706.93,SAR,1745203339000,COMPLETED,local_bank,Parking fee
TRF-03246,CUST-1111,CUST-1149,9492.76,SAR,1740673292000,COMPLETED,internal,Wedding contribution
TRF-03247,CUST-1090,EXT-5089,45057.37,GBP,1740969190000,FAILED,international,Business invoice
TRF-03248,CUST-1072,CUST-1108,5875.86,SAR,1736214700000,PROCESSING,internal,Travel booking
TRF-03249,CUST-1150,CUST-1028,19079.90,AED,1739586635000,FAILED,internal,Internet bill
TRF-03250,CUST-1028,EXT-5058,28951.11,SAR,1750399256000,COMPLETED,local_bank,Grocery share
TRF-03251,CUST-1059,CUST-1173,6445.10,SAR,1735813846000,COMPLETED,internal,Gift money
TRF-03252,CUST-1054,CUST-1057,26262.43,SAR,1748411040000,COMPLETED,internal,Dinner split
TRF-03253,CUST-1170,EXT-5050,7267.33,SAR,1736136973000,FAILED,local_bank,Uber share
TRF-03254,CUST-1183,EXT-5020,12932.70,SAR,1736089261000,PROCESSING,local_bank,Lunch money
TRF-03255,CUST-1063,EXT-5070,21442.78,AED,1740769461000,COMPLETED,international,Salary advance
TRF-03256,CUST-1128,EXT-5020,36913.72,SAR,1743468853000,COMPLETED,local_bank,Charity donation
TRF-03257,CUST-1188,EXT-5078,21336.76,SAR,1742616863000,COMPLETED,local_bank,Rent share
TRF-03258,CUST-1092,CUST-1125,2903.62,SAR,1744989617000,PROCESSING,internal,Medical bill
TRF-03259,CUST-1038,CUST-1049,2167.66,USD,1743406531000,COMPLETED,internal,Car installment
TRF-03260,CUST-1156,EXT-5070,23212.43,SAR,1736527566000,FAILED,local_bank,Event tickets
TRF-03261,CUST-1120,CUST-1026,46110.38,SAR,1738007867000,COMPLETED,internal,Rent share
TRF-03262,CUST-1145,EXT-5085,39805.73,SAR,1749595057000,COMPLETED,local_bank,Movie tickets
TRF-03263,CUST-1049,EXT-5059,49259.94,SAR,1738599403000,COMPLETED,local_bank,Cleaning service
TRF-03264,CUST-1167,CUST-1109,28703.27,SAR,1735871534000,COMPLETED,internal,Loan repayment
TRF-03265,CUST-1199,EXT-5065,26183.74,SAR,1750362951000,COMPLETED,local_bank,Charity donation
TRF-03266,CUST-1151,CUST-1080,8179.89,SAR,1738565703000,COMPLETED,internal,Event tickets
TRF-03267,CUST-1069,CUST-1083,1171.64,SAR,1744841611000,PROCESSING,internal,Car installment
TRF-03268,CUST-1174,EXT-5077,31568.49,SAR,1737374600000,FAILED,local_bank,Business invoice
TRF-03269,CUST-1157,EXT-5078,10855.02,SAR,1736375091000,COMPLETED,local_bank,Salary advance
TRF-03270,CUST-1136,CUST-1068,229.19,SAR,1744843907000,COMPLETED,internal,Parking fee
TRF-03271,CUST-1186,CUST-1066,49304.06,AED,1744926316000,COMPLETED,internal,Salary advance
TRF-03272,CUST-1070,EXT-5032,20829.70,SAR,1749032053000,COMPLETED,local_bank,Travel booking
TRF-03273,CUST-1097,EXT-5059,19350.62,EUR,1738749241000,COMPLETED,international,Freelancer payment
TRF-03274,CUST-1018,EXT-5065,35164.61,AED,1748223030000,PROCESSING,international,Wedding contribution
TRF-03275,CUST-1077,CUST-1082,30295.97,AED,1745378982000,COMPLETED,internal,Cleaning service
TRF-03276,CUST-1176,CUST-1057,26564.90,SAR,1747838909000,COMPLETED,internal,Rent share
TRF-03277,CUST-1180,CUST-1114,46118.09,SAR,1746456737000,PROCESSING,internal,Birthday gift
TRF-03278,CUST-1181,CUST-1113,20919.23,SAR,1750390004000,COMPLETED,internal,Medical bill
TRF-03279,CUST-1128,CUST-1074,4023.98,GBP,1748874405000,COMPLETED,internal,Charity donation
TRF-03280,CUST-1139,EXT-5013,36702.54,SAR,1739042650000,PROCESSING,local_bank,Car installment
TRF-03281,CUST-1073,CUST-1031,33436.07,USD,1742186885000,COMPLETED,internal,Gym membership
TRF-03282,CUST-1124,EXT-5078,36133.13,SAR,1739813820000,COMPLETED,local_bank,Movie tickets
TRF-03283,CUST-1029,EXT-5070,11309.33,SAR,1749221371000,COMPLETED,local_bank,Insurance premium
TRF-03284,CUST-1167,EXT-5062,6751.77,SAR,1744538705000,COMPLETED,local_bank,Movie tickets
TRF-03285,CUST-1004,EXT-5067,45775.67,SAR,1739928153000,COMPLETED,local_bank,Grocery share
TRF-03286,CUST-1030,CUST-1114,20320.06,SAR,1742161677000,COMPLETED,internal,Dinner split
TRF-03287,CUST-1154,EXT-5090,33113.58,SAR,1749813593000,COMPLETED,local_bank,Birthday gift
TRF-03288,CUST-1162,CUST-1081,33202.79,AED,1740727284000,COMPLETED,internal,Gym membership
TRF-03289,CUST-1086,EXT-5055,8734.43,SAR,1738679743000,COMPLETED,local_bank,Business invoice
TRF-03290,CUST-1015,EXT-5021,35933.66,SAR,1743604249000,FAILED,local_bank,Gym membership
TRF-03291,CUST-1012,EXT-5086,15728.54,SAR,1748656252000,COMPLETED,local_bank,Dinner split
TRF-03292,CUST-1059,EXT-5021,46208.54,SAR,1739597925000,COMPLETED,local_bank,Wedding contribution
TRF-03293,CUST-1172,EXT-5068,11837.44,SAR,1737946629000,COMPLETED,local_bank,Movie tickets
TRF-03294,CUST-1138,EXT-5097,6899.96,AED,1741691185000,FAILED,international,Parking fee
TRF-03295,CUST-1065,EXT-5084,21069.18,SAR,1745127913000,COMPLETED,local_bank,Parking fee
TRF-03296,CUST-1111,CUST-1016,20078.19,SAR,1744024662000,COMPLETED,internal,Cleaning service
TRF-03297,CUST-1142,CUST-1144,10046.55,AED,1746614578000,COMPLETED,internal,Furniture split
TRF-03298,CUST-1079,EXT-5075,24057.19,EUR,1746196379000,COMPLETED,international,Rent share
TRF-03299,CUST-1166,EXT-5005,3866.69,SAR,1749468372000,COMPLETED,local_bank,Wedding contribution
TRF-03300,CUST-1074,CUST-1163,29277.71,USD,1742962697000,COMPLETED,internal,Lunch money
TRF-03301,CUST-1155,CUST-1146,4188.54,AED,1736470203000,COMPLETED,internal,Dinner split
TRF-03302,CUST-1111,EXT-5046,29647.97,USD,1741102701000,COMPLETED,local_bank,Birthday gift
TRF-03303,CUST-1080,EXT-5032,23733.77,USD,1744388556000,COMPLETED,international,Gas split
TRF-03304,CUST-1103,CUST-1168,24550.85,SAR,1740683952000,PROCESSING,internal,Cleaning service
TRF-03305,CUST-1177,CUST-1002,15746.42,AED,1749458672000,PROCESSING,internal,Gift money
TRF-03306,CUST-1088,EXT-5087,34329.06,AED,1749512118000,COMPLETED,international,Salary advance
TRF-03307,CUST-1128,EXT-5026,49592.81,AED,1741948964000,PROCESSING,international,Parking fee
TRF-03308,CUST-1103,EXT-5014,22377.25,SAR,1746201439000,COMPLETED,local_bank,Event tickets
TRF-03309,CUST-1171,EXT-5097,43227.88,AED,1749331503000,COMPLETED,local_bank,Car installment
TRF-03310,CUST-1055,EXT-5033,17886.41,EUR,1736058997000,COMPLETED,international,Gym membership
TRF-03311,CUST-1046,CUST-1118,45408.71,GBP,1739998089000,COMPLETED,internal,Lunch money
TRF-03312,CUST-1148,EXT-5040,20700.73,SAR,1738033701000,COMPLETED,local_bank,Event tickets
TRF-03313,CUST-1176,CUST-1016,48658.02,USD,1740454644000,COMPLETED,internal,Parking fee
TRF-03314,CUST-1126,EXT-5034,753.54,AED,1744211024000,COMPLETED,international,Furniture split
TRF-03315,CUST-1147,CUST-1050,49115.50,SAR,1744900377000,COMPLETED,internal,Uber share
TRF-03316,CUST-1128,CUST-1092,45014.09,SAR,1743962690000,COMPLETED,internal,Investment transfer
TRF-03317,CUST-1190,CUST-1016,3496.93,SAR,1741458208000,COMPLETED,internal,Shared groceries
TRF-03318,CUST-1136,EXT-5022,40293.12,USD,1737342839000,COMPLETED,international,Internet bill
TRF-03319,CUST-1071,EXT-5030,31362.64,EUR,1737928851000,COMPLETED,international,Charity donation
TRF-03320,CUST-1118,EXT-5036,11370.90,GBP,1748692989000,PROCESSING,international,Gift money
TRF-03321,CUST-1152,EXT-5040,26269.75,AED,1751095938000,COMPLETED,international,Furniture split
TRF-03322,CUST-1165,EXT-5037,14753.80,USD,1750052987000,COMPLETED,international,Eid gift
TRF-03323,CUST-1034,CUST-1163,19673.29,SAR,1740278479000,FAILED,internal,Charity donation
TRF-03324,CUST-1039,EXT-5066,5147.70,GBP,1749018155000,COMPLETED,international,Wedding contribution
TRF-03325,CUST-1116,EXT-5085,1098.94,USD,1745685345000,COMPLETED,local_bank,Eid gift
TRF-03326,CUST-1144,CUST-1075,30684.30,GBP,1738451369000,COMPLETED,internal,Investment transfer
TRF-03327,CUST-1064,CUST-1098,6565.41,SAR,1737841236000,COMPLETED,internal,Gift money
TRF-03328,CUST-1109,CUST-1130,30226.16,SAR,1748678069000,COMPLETED,internal,Internet bill
TRF-03329,CUST-1197,CUST-1073,3581.23,SAR,1741426706000,FAILED,internal,Insurance premium
TRF-03330,CUST-1121,EXT-5074,18089.42,SAR,1749916265000,COMPLETED,local_bank,Uber share
TRF-03331,CUST-1067,CUST-1068,17543.67,SAR,1742039373000,COMPLETED,internal,Dinner split
TRF-03332,CUST-1167,CUST-1198,10236.72,SAR,1740132361000,COMPLETED,internal,Salary advance
TRF-03333,CUST-1184,EXT-5089,38610.90,SAR,1742634944000,FAILED,local_bank,Freelancer payment
